Transaction_ID,Customer_ID,Transaction_Date,Transaction_Amount,Merchant_Category,Payment_Method,Device_Type,Location,Is_International,Previous_Transactions,Average_Spend,Account_Age_Days,Suspicious_Keyword,Fraudulent,spend_ratio,spend_deviation_abs,is_spend_spike,is_new_account,account_age_years,is_low_history,txn_hour,txn_day_of_week,is_night_txn,is_weekend,risk_flag_count
T100000,CUST3252,2023-10-04 07:45:00,37.54,Travel,PayPal,POS,Bengaluru,0,94,417.4,1492,0,0,0.08993770963104936,379.85999999999996,0,0,4.087671232876712,0,7,2,0,0,0
T100001,CUST1630,2023-09-26 08:29:00,240.81,Utilities,PayPal,Mobile,Bengaluru,0,76,335.47,66,0,0,0.7178287179181446,94.66000000000003,0,0,0.18082191780821918,0,8,1,0,0,0
T100002,CUST7852,2023-07-18 15:54:00,105.34,Entertainment,Debit Card,Mobile,Bengaluru,0,60,432.03,216,0,0,0.2438256602550749,326.68999999999994,0,0,0.5917808219178082,0,15,1,0,0,0
T100003,CUST4892,2023-10-16 17:10:00,73.04,Utilities,NetBanking,Desktop,Kolkata,0,68,488.3,449,0,0,0.14958017612123695,415.26,0,0,1.2301369863013698,0,17,0,0,0,0
T100004,CUST8831,2023-09-09 00:46:00,13.57,Utilities,Credit Card,Desktop,Bengaluru,0,57,437.03,754,0,0,0.031050499965677415,423.46,0,0,2.0657534246575344,0,0,5,1,1,1
T100005,CUST2962,2024-01-14 03:15:00,13.57,Travel,Credit Card,Mobile,Mumbai,0,64,207.8,1513,0,0,0.06530317613089509,194.23000000000002,0,0,4.145205479452055,0,3,6,1,1,1
T100006,CUST2118,2023-02-09 08:56:00,4.79,Health,NetBanking,Desktop,Bengaluru,0,182,409.11,1163,0,0,0.011708342499572241,404.32,0,0,3.186301369863014,0,8,3,0,0,0
T100007,CUST4852,2023-03-26 13:12:00,160.9,Fashion,Debit Card,Mobile,Delhi,0,80,358.71,216,0,0,0.44855175489950105,197.80999999999997,0,0,0.5917808219178082,0,13,6,0,1,0
T100008,CUST7160,2023-03-06 20:09:00,73.53,Travel,Debit Card,POS,Chennai,0,87,40.19,500,0,0,1.8295595919382932,33.34,0,0,1.36986301369863,0,20,0,0,0,0
T100009,CUST2337,2023-06-27 12:06:00,98.5,Grocery,Debit Card,Desktop,Mumbai,0,182,465.58,1131,0,0,0.21156407062159027,367.08,0,0,3.0986301369863014,0,12,1,0,0,0
T100010,CUST9322,2023-02-09 22:45:00,1.66,Travel,Credit Card,Desktop,Pune,0,187,238.32,1992,0,0,0.0069654246391406514,236.66,0,0,5.457534246575342,0,22,3,0,0,0
T100011,CUST8675,2023-07-25 18:45:00,280.28,Grocery,PayPal,Desktop,Bengaluru,0,167,75.88,1427,0,0,3.6937269372693726,204.39999999999998,1,0,3.9095890410958902,0,18,1,0,0,1
T100012,CUST3603,2023-01-02 04:32:00,142.91,Utilities,Debit Card,POS,Pune,0,120,218.44,839,0,0,0.6542299945065007,75.53,0,0,2.2986301369863016,0,4,0,1,0,1
T100013,CUST4855,2023-04-20 21:27:00,19.1,Entertainment,Credit Card,POS,Chennai,0,143,305.54,359,0,0,0.06251227335209793,286.44,0,0,0.9835616438356164,0,21,3,0,0,0
T100014,CUST1114,2023-07-24 10:27:00,16.05,Travel,Credit Card,Desktop,Mumbai,0,79,290.74,1178,0,0,0.055203962303088674,274.69,0,0,3.2273972602739724,0,10,0,0,0,0
T100015,CUST5555,2023-08-14 12:04:00,16.21,Grocery,PayPal,Mobile,Chennai,0,156,291.65,1369,0,0,0.05558031887536431,275.44,0,0,3.750684931506849,0,12,0,0,0,0
T100016,CUST7395,2024-01-20 05:58:00,29.02,Travel,NetBanking,POS,Pune,0,36,135.36,987,0,0,0.2143912529550827,106.34000000000002,0,0,2.7041095890410958,0,5,5,0,1,0
T100017,CUST5632,2023-07-01 12:06:00,59.51,Entertainment,NetBanking,Desktop,Kolkata,0,54,320.02,349,0,0,0.18595712767952002,260.51,0,0,0.9561643835616438,0,12,5,0,1,0
T100018,CUST7496,2023-07-30 09:36:00,45.24,Utilities,Debit Card,Desktop,Mumbai,0,145,454.63,504,0,0,0.09950949123463036,409.39,0,0,1.3808219178082193,0,9,6,0,1,0
T100019,CUST2634,2023-12-06 15:34:00,27.54,Travel,Debit Card,POS,Hyderabad,1,100,200.45,1542,0,0,0.13739087054128213,172.91,0,0,4.2246575342465755,0,15,2,0,0,1
T100020,CUST2854,2023-08-25 19:33:00,75.71,Food,PayPal,Mobile,Kolkata,0,86,318.98,855,0,0,0.23735030409430055,243.27000000000004,0,0,2.3424657534246576,0,19,4,0,0,0
T100021,CUST6465,2023-01-03 07:09:00,12.02,Grocery,Debit Card,Desktop,Mumbai,0,22,129.55,543,0,0,0.09278270937861828,117.53000000000002,0,0,1.4876712328767123,0,7,1,0,0,0
T100022,CUST4900,2023-02-05 11:58:00,27.64,Entertainment,PayPal,Mobile,Bengaluru,0,75,33.66,363,0,0,0.8211527035056447,6.019999999999996,0,0,0.9945205479452055,0,11,6,0,1,0
T100023,CUST3087,2023-09-21 18:00:00,36.5,Grocery,Credit Card,Mobile,Pune,0,36,297.01,1124,0,0,0.12289148513518064,260.51,0,0,3.0794520547945203,0,18,3,0,0,0
T100024,CUST7223,2023-08-12 04:50:00,48.71,Grocery,Debit Card,POS,Chennai,0,29,33.3,494,0,0,1.4627627627627628,15.410000000000004,0,0,1.3534246575342466,0,4,5,1,1,1
T100025,CUST3347,2023-11-08 02:26:00,123.03,Electronics,Credit Card,Desktop,Chennai,0,183,364.56,1429,0,0,0.33747531270572745,241.53,0,0,3.915068493150685,0,2,2,1,0,1
T100026,CUST9119,2023-02-24 09:47:00,17.82,Entertainment,UPI,Desktop,Chennai,0,170,338.47,753,0,0,0.05264868378290542,320.65000000000003,0,0,2.063013698630137,0,9,4,0,0,0
T100027,CUST8120,2023-11-11 19:01:00,57.76,Travel,PayPal,Mobile,Delhi,0,160,190.97,37,0,0,0.3024558831230036,133.21,0,0,0.10136986301369863,0,19,5,0,1,0
T100028,CUST4506,2023-07-23 02:04:00,71.8,Grocery,UPI,POS,Delhi,0,142,211.53,1749,0,0,0.33943175908854534,139.73000000000002,0,0,4.791780821917809,0,2,6,1,1,1
T100029,CUST7707,2023-05-19 15:59:00,3.81,Health,Debit Card,POS,Bengaluru,0,18,459.7,193,0,0,0.008288013922123125,455.89,0,0,0.5287671232876713,0,15,4,0,0,0
T100030,CUST2161,2023-01-18 12:48:00,74.83,Electronics,Credit Card,POS,Hyderabad,0,38,16.44,810,0,0,4.551703163017031,58.39,1,0,2.219178082191781,0,12,2,0,0,1
T100031,CUST1325,2024-01-31 03:23:00,14.96,Food,Debit Card,Mobile,Delhi,0,101,286.02,1348,0,0,0.052304034682889314,271.06,0,0,3.6931506849315068,0,3,2,1,0,1
T100032,CUST3979,2023-10-11 01:37:00,5.38,Grocery,UPI,Mobile,Mumbai,0,34,462.45,387,1,1,0.011633690128662558,457.07,0,0,1.0602739726027397,0,1,2,1,0,2
T100033,CUST5190,2023-12-04 17:57:00,237.9,Utilities,Debit Card,Desktop,Kolkata,0,121,457.85,110,0,0,0.5196024898984384,219.95000000000002,0,0,0.3013698630136986,0,17,0,0,0,0
T100034,CUST3166,2023-10-20 22:48:00,269.65,Grocery,NetBanking,POS,Pune,0,173,296.48,803,0,0,0.9095048569886669,26.83000000000004,0,0,2.2,0,22,4,0,0,0
T100035,CUST3576,2023-03-17 09:52:00,132.19,Electronics,UPI,Mobile,Bengaluru,0,87,196.8,1328,0,0,0.6716971544715447,64.61000000000001,0,0,3.638356164383562,0,9,4,0,0,0
T100036,CUST1493,2023-07-31 16:19:00,29.06,Travel,Debit Card,POS,Kolkata,0,160,58.46,950,0,0,0.49709202873759833,29.400000000000002,0,0,2.6027397260273974,0,16,0,0,0,0
T100037,CUST8245,2023-04-01 07:08:00,8.22,Health,Credit Card,Mobile,Hyderabad,0,110,95.15,928,0,0,0.08638991066736731,86.93,0,0,2.5424657534246577,0,7,5,0,1,0
T100038,CUST3909,2024-01-23 20:25:00,92.22,Utilities,Debit Card,Desktop,Kolkata,0,67,343.04,1670,0,0,0.26883162313432835,250.82000000000002,0,0,4.575342465753424,0,20,1,0,0,0
T100039,CUST1360,2023-11-15 13:59:00,46.41,Food,Credit Card,POS,Mumbai,0,191,18.15,1874,0,0,2.55702479338843,28.259999999999998,0,0,5.134246575342465,0,13,2,0,0,0
T100040,CUST2212,2023-05-20 06:51:00,10.41,Utilities,NetBanking,Mobile,Chennai,1,183,442.91,1593,0,0,0.023503646338985346,432.5,0,0,4.364383561643836,0,6,5,0,1,1
T100041,CUST3656,2023-07-09 03:30:00,54.68,Grocery,Debit Card,POS,Delhi,0,43,298.09,951,0,0,0.18343453319467276,243.40999999999997,0,0,2.6054794520547944,0,3,6,1,1,1
T100042,CUST3592,2023-02-14 13:13:00,2.8,Travel,NetBanking,Mobile,Mumbai,0,123,32.12,1100,0,0,0.08717310087173101,29.319999999999997,0,0,3.0136986301369864,0,13,1,0,0,0
T100043,CUST8635,2023-11-28 15:15:00,192.03,Entertainment,UPI,Mobile,Hyderabad,0,22,127.49,1445,0,0,1.5062357831986823,64.54,0,0,3.958904109589041,0,15,1,0,0,0
T100044,CUST5983,2024-02-01 09:14:00,23.96,Health,Credit Card,Mobile,Bengaluru,0,87,301.16,854,0,0,0.07955903838491167,277.20000000000005,0,0,2.33972602739726,0,9,3,0,0,0
T100045,CUST2739,2023-09-05 19:28:00,86.9,Entertainment,UPI,POS,Kolkata,0,196,27.44,1620,0,0,3.1669096209912535,59.46000000000001,1,0,4.438356164383562,0,19,1,0,0,1
T100046,CUST9003,2023-08-25 11:16:00,29.88,Health,Credit Card,Mobile,Mumbai,0,77,392.19,1047,0,0,0.07618756215099824,362.31,0,0,2.8684931506849316,0,11,4,0,0,0
T100047,CUST2821,2024-02-20 11:11:00,58.73,Food,NetBanking,Desktop,Bengaluru,0,125,460.76,1132,0,0,0.1274633214688775,402.03,0,0,3.1013698630136988,0,11,1,0,0,0
T100048,CUST9659,2023-08-26 14:51:00,63.3,Fashion,PayPal,POS,Chennai,0,96,481.0,1566,0,0,0.1316008316008316,417.7,0,0,4.2904109589041095,0,14,5,0,1,0
T100049,CUST2346,2023-09-18 19:18:00,16.35,Health,Debit Card,Desktop,Hyderabad,0,122,369.49,709,0,0,0.04425018268424044,353.14,0,0,1.9424657534246574,0,19,0,0,0,0
T100050,CUST5035,2023-06-19 13:21:00,279.42,Fashion,NetBanking,Desktop,Hyderabad,0,157,429.84,1076,0,0,0.6500558347292016,150.41999999999996,0,0,2.947945205479452,0,13,0,0,0,0
T100051,CUST9085,2023-04-17 07:52:00,119.38,Entertainment,Credit Card,POS,Kolkata,0,40,309.25,1281,0,0,0.38603071948261924,189.87,0,0,3.5095890410958903,0,7,0,0,0,0
T100052,CUST8966,2023-02-26 13:39:00,224.41,Health,Credit Card,Mobile,Delhi,0,104,234.69,467,0,0,0.9561975371767012,10.280000000000001,0,0,1.2794520547945205,0,13,6,0,1,0
T100053,CUST2691,2023-11-13 01:08:00,180.17,Food,Credit Card,Desktop,Pune,0,173,359.44,1351,0,0,0.5012519474738482,179.27,0,0,3.7013698630136984,0,1,0,1,0,1
T100054,CUST8792,2023-12-26 23:27:00,72.88,Electronics,Credit Card,POS,Hyderabad,0,119,119.85,975,0,0,0.6080934501460158,46.97,0,0,2.671232876712329,0,23,1,0,0,0
T100055,CUST4298,2024-01-22 12:52:00,203.95,Food,Debit Card,Mobile,Mumbai,0,138,63.79,1313,1,0,3.1972095939802476,140.16,1,0,3.5972602739726027,0,12,0,0,0,2
T100056,CUST3212,2023-09-13 20:55:00,7.41,Food,UPI,POS,Mumbai,0,173,383.31,805,0,0,0.019331611489395006,375.9,0,0,2.2054794520547945,0,20,2,0,0,0
T100057,CUST7028,2023-11-15 17:01:00,17.45,Electronics,PayPal,POS,Mumbai,0,120,479.51,705,0,0,0.03639131613522137,462.06,0,0,1.9315068493150684,0,17,2,0,0,0
T100058,CUST2571,2023-04-02 13:38:00,3.7,Electronics,Debit Card,POS,Chennai,0,17,292.96,39,0,0,0.01262971054068815,289.26,0,0,0.10684931506849316,0,13,6,0,1,0
T100059,CUST5418,2023-12-20 15:31:00,31.48,Travel,Credit Card,Mobile,Hyderabad,0,102,246.45,1681,0,0,0.12773382024751473,214.97,0,0,4.605479452054794,0,15,2,0,0,0
T100060,CUST4067,2023-09-15 21:56:00,39.37,Health,Debit Card,Desktop,Hyderabad,0,130,271.86,187,0,0,0.14481718531597143,232.49,0,0,0.5123287671232877,0,21,4,0,0,0
T100061,CUST2426,2023-01-24 00:12:00,25.32,Entertainment,NetBanking,Desktop,Mumbai,0,145,244.45,897,0,0,0.10357946410308858,219.13,0,0,2.4575342465753423,0,0,1,1,0,1
T100062,CUST9284,2023-11-03 06:55:00,141.16,Travel,Credit Card,POS,Kolkata,0,108,226.68,813,0,0,0.6227280748191283,85.52000000000001,0,0,2.2273972602739724,0,6,4,0,0,0
T100063,CUST2607,2023-04-05 16:54:00,35.3,Electronics,PayPal,POS,Delhi,0,90,474.05,1211,0,0,0.07446471891150722,438.75,0,0,3.317808219178082,0,16,2,0,0,0
T100064,CUST3042,2023-10-18 08:06:00,26.38,Fashion,Credit Card,Mobile,Kolkata,0,119,245.08,349,0,0,0.10763832218051247,218.70000000000002,0,0,0.9561643835616438,0,8,2,0,0,0
T100065,CUST7186,2023-03-15 20:47:00,62.59,Entertainment,PayPal,POS,Delhi,0,166,49.74,1929,0,0,1.2583433856051467,12.850000000000001,0,0,5.284931506849315,0,20,2,0,0,0
T100066,CUST3125,2023-09-09 16:36:00,12.15,Fashion,PayPal,POS,Hyderabad,0,165,385.1,1255,0,0,0.03155024668917164,372.95000000000005,0,0,3.4383561643835616,0,16,5,0,1,0
T100067,CUST4819,2023-03-18 08:53:00,129.64,Food,UPI,POS,Kolkata,0,63,201.87,150,0,0,0.64219547233368,72.23000000000002,0,0,0.410958904109589,0,8,5,0,1,0
T100068,CUST9580,2023-04-25 10:57:00,6.2,Grocery,UPI,Desktop,Hyderabad,1,5,358.24,168,0,0,0.017306833407771328,352.04,0,0,0.4602739726027397,0,10,1,0,0,1
T100069,CUST1147,2023-08-02 03:27:00,346.73,Food,Debit Card,POS,Bengaluru,0,25,293.99,703,0,0,1.1793938569339093,52.74000000000001,0,0,1.926027397260274,0,3,2,1,0,1
T100070,CUST6606,2023-12-04 14:21:00,118.36,Food,Debit Card,Desktop,Hyderabad,0,73,359.46,1773,0,0,0.3292716853057364,241.09999999999997,0,0,4.857534246575343,0,14,0,0,0,0
T100071,CUST5408,2023-06-11 14:22:00,17.72,Grocery,PayPal,Mobile,Kolkata,0,124,40.38,1620,0,0,0.4388311045071817,22.660000000000004,0,0,4.438356164383562,0,14,6,0,1,0
T100072,CUST5894,2023-08-31 22:22:00,0.44,Health,Credit Card,Mobile,Mumbai,0,22,26.6,1392,0,0,0.016541353383458645,26.16,0,0,3.813698630136986,0,22,3,0,0,0
T100073,CUST2246,2023-08-08 04:50:00,135.19,Electronics,NetBanking,Desktop,Pune,0,93,195.49,1313,0,0,0.6915443245178781,60.30000000000001,0,0,3.5972602739726027,0,4,1,1,0,1
T100074,CUST1724,2023-05-25 23:41:00,98.17,Fashion,NetBanking,Desktop,Chennai,0,191,349.65,1486,0,0,0.2807664807664808,251.47999999999996,0,0,4.071232876712329,0,23,3,0,0,0
T100075,CUST7806,2023-12-21 08:54:00,104.45,Food,Credit Card,Desktop,Hyderabad,0,35,119.6,73,0,0,0.8733277591973245,15.149999999999991,0,0,0.2,0,8,3,0,0,0
T100076,CUST7508,2024-02-17 20:42:00,118.02,Grocery,Credit Card,Desktop,Hyderabad,0,55,222.37,1212,0,0,0.5307370598551963,104.35000000000001,0,0,3.3205479452054796,0,20,5,0,1,0
T100077,CUST8906,2023-08-11 04:49:00,6.15,Travel,UPI,POS,Mumbai,0,128,490.6,845,0,0,0.012535670607419487,484.45000000000005,0,0,2.315068493150685,0,4,4,1,0,1
T100078,CUST5054,2023-09-14 23:55:00,35.51,Food,NetBanking,Desktop,Bengaluru,0,20,115.29,1408,0,0,0.30800589816983254,79.78,0,0,3.8575342465753426,0,23,3,0,0,0
T100079,CUST3837,2023-10-26 18:15:00,9.85,Fashion,PayPal,Desktop,Pune,0,5,425.49,127,0,0,0.023149780253354953,415.64,0,0,0.34794520547945207,0,18,3,0,0,0
T100080,CUST5115,2023-01-13 03:23:00,159.08,Electronics,Debit Card,Desktop,Hyderabad,0,167,414.48,1591,0,0,0.3838062150164061,255.4,0,0,4.358904109589041,0,3,4,1,0,1
T100081,CUST7480,2023-02-09 10:27:00,78.1,Food,UPI,POS,Delhi,0,63,446.76,1924,0,0,0.17481421792461277,368.65999999999997,0,0,5.271232876712329,0,10,3,0,0,0
T100082,CUST6297,2024-02-07 09:51:00,32.15,Food,NetBanking,POS,Delhi,0,32,458.42,1763,0,0,0.0701321931852886,426.27000000000004,0,0,4.83013698630137,0,9,2,0,0,0
T100083,CUST4338,2023-11-05 08:49:00,5.25,Health,Credit Card,POS,Delhi,0,191,258.59,1662,1,0,0.020302409219227352,253.33999999999997,0,0,4.553424657534246,0,8,6,0,1,1
T100084,CUST8393,2023-01-29 21:17:00,29.8,Utilities,NetBanking,Mobile,Chennai,0,74,344.15,268,0,0,0.08659014964405057,314.34999999999997,0,0,0.7342465753424657,0,21,6,0,1,0
T100085,CUST3641,2023-09-09 13:55:00,31.47,Grocery,PayPal,POS,Chennai,0,168,313.26,504,0,0,0.1004596820532465,281.78999999999996,0,0,1.3808219178082193,0,13,5,0,1,0
T100086,CUST6597,2023-02-25 19:33:00,104.63,Travel,UPI,Desktop,Pune,0,145,161.38,553,0,0,0.6483455198909406,56.75,0,0,1.515068493150685,0,19,5,0,1,0
T100087,CUST1897,2023-03-02 18:46:00,81.19,Travel,Credit Card,POS,Hyderabad,0,101,147.1,586,1,0,0.5519374575118967,65.91,0,0,1.6054794520547946,0,18,3,0,0,1
T100088,CUST1518,2024-01-24 00:05:00,174.58,Entertainment,PayPal,POS,Hyderabad,0,79,177.37,1445,1,1,0.9842701697017534,2.789999999999992,0,0,3.958904109589041,0,0,2,1,0,2
T100089,CUST2994,2023-06-16 08:07:00,51.13,Electronics,Debit Card,Desktop,Hyderabad,0,160,117.04,38,0,0,0.4368591934381408,65.91,0,0,0.10410958904109589,0,8,4,0,0,0
T100090,CUST1456,2023-10-11 18:48:00,10.19,Entertainment,UPI,POS,Chennai,0,23,381.12,1566,0,0,0.026736985726280436,370.93,0,0,4.2904109589041095,0,18,2,0,0,0
T100091,CUST8947,2023-03-26 22:06:00,99.93,Fashion,PayPal,Mobile,Pune,0,188,482.64,1442,1,0,0.20704873197414222,382.71,0,0,3.9506849315068493,0,22,6,0,1,1
T100092,CUST6459,2023-05-18 22:53:00,114.43,Electronics,PayPal,POS,Hyderabad,0,56,435.21,1892,0,0,0.2629305392798879,320.78,0,0,5.183561643835616,0,22,3,0,0,0
T100093,CUST8530,2023-04-24 01:43:00,65.91,Food,Credit Card,Mobile,Mumbai,0,137,116.79,1263,0,0,0.5643462625224762,50.88000000000001,0,0,3.4602739726027396,0,1,0,1,0,1
T100094,CUST6489,2023-09-28 06:34:00,117.91,Utilities,Debit Card,Mobile,Bengaluru,1,106,35.44,1107,0,1,3.3270316027088036,82.47,1,0,3.032876712328767,0,6,3,0,0,2
T100095,CUST6062,2023-06-09 08:48:00,54.47,Food,PayPal,Mobile,Kolkata,1,69,380.98,645,0,1,0.14297338442962884,326.51,0,0,1.7671232876712328,0,8,4,0,0,1
T100096,CUST8011,2023-06-19 06:45:00,59.17,Travel,UPI,Desktop,Delhi,0,190,201.2,181,0,0,0.2940854870775348,142.02999999999997,0,0,0.4958904109589041,0,6,0,0,0,0
T100097,CUST6512,2023-10-27 02:52:00,44.63,Fashion,PayPal,POS,Delhi,0,192,414.06,439,0,0,0.10778631116263344,369.43,0,0,1.2027397260273973,0,2,4,1,0,1
T100098,CUST5854,2024-01-21 05:46:00,2.06,Grocery,NetBanking,Mobile,Mumbai,1,22,391.83,39,0,0,0.005257382027920272,389.77,0,0,0.10684931506849316,0,5,6,0,1,1
T100099,CUST1730,2023-07-15 22:54:00,9.13,Fashion,UPI,Mobile,Hyderabad,0,32,316.45,986,0,0,0.02885131932374783,307.32,0,0,2.7013698630136984,0,22,5,0,1,0
T100100,CUST3365,2023-05-03 11:18:00,2.55,Food,UPI,POS,Pune,0,175,135.12,581,0,0,0.01887211367673179,132.57,0,0,1.5917808219178082,0,11,2,0,0,0
T100101,CUST4125,2023-03-23 08:47:00,80.94,Grocery,PayPal,Desktop,Pune,0,2,60.98,585,0,0,1.327320432928829,19.96,0,0,1.6027397260273972,1,8,3,0,0,0
T100102,CUST8316,2023-03-16 20:08:00,30.19,Fashion,Credit Card,Desktop,Chennai,0,123,133.8,909,0,0,0.2256352765321375,103.61000000000001,0,0,2.4904109589041097,0,20,3,0,0,0
T100103,CUST9981,2023-04-12 20:40:00,56.83,Utilities,UPI,Mobile,Hyderabad,0,85,259.78,297,0,0,0.21876202940950037,202.95,0,0,0.8136986301369863,0,20,2,0,0,0
T100104,CUST3591,2024-02-11 11:14:00,190.5,Utilities,NetBanking,Desktop,Pune,0,180,489.94,1043,0,0,0.3888231211985141,299.44,0,0,2.8575342465753426,0,11,6,0,1,0
T100105,CUST7521,2023-03-24 02:13:00,22.94,Fashion,Credit Card,POS,Hyderabad,0,14,41.21,1843,0,0,0.5566610046105315,18.27,0,0,5.049315068493151,0,2,4,1,0,1
T100106,CUST5225,2023-08-01 15:23:00,42.26,Grocery,Credit Card,Desktop,Delhi,0,37,108.04,696,0,0,0.3911514253980007,65.78,0,0,1.906849315068493,0,15,1,0,0,0
T100107,CUST8766,2023-06-30 03:33:00,112.7,Food,Credit Card,POS,Kolkata,0,27,317.37,480,0,0,0.35510602766487065,204.67000000000002,0,0,1.3150684931506849,0,3,4,1,0,1
T100108,CUST9026,2023-11-26 02:23:00,20.78,Fashion,UPI,Mobile,Kolkata,0,152,159.14,623,0,1,0.13057685057182358,138.35999999999999,0,0,1.7068493150684931,0,2,6,1,1,1
T100109,CUST9033,2023-12-27 06:53:00,6.41,Grocery,Credit Card,POS,Kolkata,0,64,430.67,1250,0,0,0.014883785729212623,424.26,0,0,3.4246575342465753,0,6,2,0,0,0
T100110,CUST3953,2024-02-14 08:48:00,27.37,Health,PayPal,Mobile,Delhi,0,70,78.31,427,0,0,0.3495083641935896,50.94,0,0,1.16986301369863,0,8,2,0,0,0
T100111,CUST3617,2024-02-21 04:08:00,14.06,Utilities,Credit Card,POS,Chennai,0,154,481.95,950,0,0,0.029173150741778193,467.89,0,0,2.6027397260273974,0,4,2,1,0,1
T100112,CUST3984,2023-08-10 10:57:00,212.4,Health,NetBanking,POS,Kolkata,0,182,457.06,1105,0,0,0.46470922854767427,244.66,0,0,3.0273972602739727,0,10,3,0,0,0
T100113,CUST2479,2023-08-31 02:43:00,132.07,Food,Debit Card,Desktop,Delhi,0,15,444.89,1788,0,0,0.29685989795230283,312.82,0,0,4.898630136986301,0,2,3,1,0,1
T100114,CUST2620,2023-12-26 11:38:00,80.28,Grocery,NetBanking,POS,Hyderabad,0,29,94.8,1522,0,0,0.8468354430379748,14.519999999999996,0,0,4.16986301369863,0,11,1,0,0,0
T100115,CUST5219,2023-09-24 00:09:00,164.12,Health,UPI,Mobile,Kolkata,0,74,171.45,1421,0,0,0.9572470107903179,7.329999999999984,0,0,3.893150684931507,0,0,6,1,1,1
T100116,CUST7975,2023-06-18 04:34:00,130.24,Grocery,Credit Card,POS,Mumbai,0,28,404.01,1427,0,0,0.32236825821143045,273.77,0,0,3.9095890410958902,0,4,6,1,1,1
T100117,CUST7539,2024-01-28 04:56:00,16.52,Fashion,Credit Card,Mobile,Chennai,0,59,405.83,1112,0,0,0.04070669984969076,389.31,0,0,3.0465753424657533,0,4,6,1,1,1
T100118,CUST1517,2023-07-17 13:56:00,178.47,Food,PayPal,Mobile,Mumbai,0,73,355.54,323,0,0,0.5019688361365809,177.07000000000002,0,0,0.8849315068493151,0,13,0,0,0,0
T100119,CUST8363,2023-05-16 11:23:00,62.01,Health,Credit Card,POS,Hyderabad,0,149,229.54,817,0,0,0.27014899363945283,167.53,0,0,2.2383561643835614,0,11,1,0,0,0
T100120,CUST6820,2023-07-09 18:48:00,131.79,Entertainment,NetBanking,Desktop,Chennai,0,10,162.68,1899,0,0,0.8101180231128595,30.890000000000015,0,0,5.2027397260273975,0,18,6,0,1,0
T100121,CUST8212,2023-07-04 13:41:00,181.14,Fashion,UPI,POS,Mumbai,0,132,481.85,1841,0,0,0.3759261180865414,300.71000000000004,0,0,5.043835616438356,0,13,1,0,0,0
T100122,CUST4467,2023-10-19 20:05:00,30.62,Utilities,Debit Card,POS,Chennai,0,62,78.24,981,0,0,0.39135991820040905,47.61999999999999,0,0,2.6876712328767125,0,20,3,0,0,0
T100123,CUST2592,2023-10-13 04:56:00,9.33,Entertainment,Credit Card,Desktop,Hyderabad,0,132,31.44,898,0,1,0.2967557251908397,22.11,0,0,2.4602739726027396,0,4,4,1,0,1
T100124,CUST6576,2023-11-14 10:41:00,20.69,Entertainment,Debit Card,Mobile,Pune,0,127,14.47,139,0,0,1.4298548721492743,6.220000000000001,0,0,0.38082191780821917,0,10,1,0,0,0
T100125,CUST2528,2023-06-19 17:23:00,44.56,Electronics,Credit Card,POS,Kolkata,0,6,389.76,1595,0,0,0.11432676518883417,345.2,0,0,4.36986301369863,0,17,0,0,0,0
T100126,CUST1719,2023-05-05 02:58:00,136.31,Electronics,UPI,Desktop,Chennai,0,80,37.79,136,0,0,3.607038899179677,98.52000000000001,1,0,0.3726027397260274,0,2,4,1,0,2
T100127,CUST7173,2023-03-25 15:32:00,157.71,Food,NetBanking,Desktop,Kolkata,0,72,273.94,1042,0,0,0.5757100094911295,116.22999999999999,0,0,2.8547945205479452,0,15,5,0,1,0
T100128,CUST4829,2023-12-15 23:14:00,0.56,Health,UPI,Mobile,Kolkata,0,16,189.97,326,0,0,0.002947833868505554,189.41,0,0,0.8931506849315068,0,23,4,0,0,0
T100129,CUST6110,2023-02-04 21:50:00,57.19,Health,Debit Card,Desktop,Pune,0,38,81.98,1905,0,0,0.6976091729690168,24.790000000000006,0,0,5.219178082191781,0,21,5,0,1,0
T100130,CUST5005,2023-09-22 20:59:00,43.22,Health,Credit Card,Mobile,Hyderabad,0,177,372.89,868,0,0,0.11590549491807235,329.66999999999996,0,0,2.378082191780822,0,20,4,0,0,0
T100131,CUST6566,2023-11-26 08:03:00,20.09,Grocery,Debit Card,POS,Chennai,0,189,36.95,1884,0,0,0.5437077131258456,16.860000000000003,0,0,5.161643835616438,0,8,6,0,1,0
T100132,CUST6348,2024-01-09 19:08:00,10.21,Fashion,NetBanking,Desktop,Chennai,0,65,166.01,1148,0,0,0.06150231913740137,155.79999999999998,0,0,3.1452054794520548,0,19,1,0,0,0
T100133,CUST3810,2023-03-08 20:01:00,32.95,Health,UPI,POS,Pune,0,126,285.47,1850,0,0,0.11542368725260098,252.52000000000004,0,0,5.068493150684931,0,20,2,0,0,0
T100134,CUST2593,2023-09-10 11:10:00,229.05,Fashion,Debit Card,Desktop,Delhi,0,83,207.18,1772,0,0,1.1055603822762816,21.870000000000005,0,0,4.854794520547945,0,11,6,0,1,0
T100135,CUST1395,2023-02-28 00:53:00,31.23,Food,Debit Card,Desktop,Pune,0,178,136.98,1014,0,0,0.22798948751642578,105.74999999999999,0,0,2.778082191780822,0,0,1,1,0,1
T100136,CUST3107,2023-11-23 06:56:00,58.52,Entertainment,NetBanking,POS,Pune,1,17,463.74,874,0,0,0.12619140035364645,405.22,0,0,2.3945205479452056,0,6,3,0,0,1
T100137,CUST6424,2023-06-16 00:02:00,97.13,Health,Credit Card,Desktop,Pune,0,113,466.18,1737,0,0,0.20835299669655497,369.05,0,0,4.758904109589041,0,0,4,1,0,1
T100138,CUST2117,2023-01-11 18:28:00,36.16,Food,Debit Card,POS,Hyderabad,1,156,213.89,1525,0,0,0.16905886203188555,177.73,0,0,4.178082191780822,0,18,2,0,0,1
T100139,CUST5188,2023-01-22 18:03:00,285.42,Health,NetBanking,POS,Bengaluru,0,172,202.93,108,1,1,1.4064948504410388,82.49000000000001,0,0,0.2958904109589041,0,18,6,0,1,1
T100140,CUST1053,2024-01-31 11:21:00,262.56,Electronics,Credit Card,Mobile,Pune,0,140,160.62,1303,0,0,1.634665670526709,101.94,0,0,3.56986301369863,0,11,2,0,0,0
T100141,CUST8610,2023-06-08 05:21:00,23.2,Travel,Credit Card,POS,Chennai,0,70,429.32,759,0,1,0.054038945308860525,406.12,0,0,2.0794520547945203,0,5,3,0,0,0
T100142,CUST2842,2023-09-23 19:24:00,55.01,Food,UPI,Mobile,Mumbai,0,71,288.28,368,0,0,0.19082142361592896,233.26999999999998,0,0,1.0082191780821919,0,19,5,0,1,0
T100143,CUST7187,2023-02-14 01:22:00,28.63,Health,NetBanking,POS,Delhi,0,131,53.87,86,0,0,0.531464637089289,25.24,0,0,0.2356164383561644,0,1,1,1,0,1
T100144,CUST2644,2023-02-08 07:54:00,26.82,Utilities,Credit Card,Desktop,Pune,0,49,428.13,949,0,0,0.06264452385957536,401.31,0,0,2.6,0,7,2,0,0,0
T100145,CUST7560,2024-01-29 10:47:00,3.01,Travel,UPI,POS,Pune,1,21,272.09,176,0,0,0.011062516079238487,269.08,0,0,0.4821917808219178,0,10,0,0,0,1
T100146,CUST9228,2023-10-23 13:50:00,75.24,Food,PayPal,Desktop,Delhi,0,136,213.64,775,0,0,0.35218123946826435,138.39999999999998,0,0,2.1232876712328768,0,13,0,0,0,0
T100147,CUST6253,2023-10-09 17:52:00,55.88,Utilities,NetBanking,Mobile,Pune,0,64,175.55,1070,0,0,0.3183138706921105,119.67000000000002,0,0,2.9315068493150687,0,17,0,0,0,0
T100148,CUST1301,2023-12-31 03:06:00,4.23,Utilities,PayPal,Desktop,Chennai,0,187,58.72,397,0,0,0.07203678474114442,54.489999999999995,0,0,1.0876712328767124,0,3,6,1,1,1
T100149,CUST6382,2023-01-15 11:37:00,26.13,Grocery,Credit Card,POS,Bengaluru,1,158,478.78,738,0,1,0.05457621454530265,452.65,0,0,2.021917808219178,0,11,6,0,1,1
T100150,CUST8606,2023-10-20 15:27:00,191.11,Utilities,NetBanking,Desktop,Pune,0,32,373.21,1242,0,0,0.5120709520109322,182.09999999999997,0,0,3.4027397260273973,0,15,4,0,0,0
T100151,CUST3106,2023-10-31 16:26:00,21.91,Health,UPI,Mobile,Delhi,0,20,74.57,1697,0,0,0.2938178892315945,52.66,0,0,4.64931506849315,0,16,1,0,0,0
T100152,CUST1013,2023-01-04 09:48:00,12.52,Grocery,Credit Card,Desktop,Pune,0,16,260.52,277,0,0,0.048057730692461234,247.99999999999997,0,0,0.7589041095890411,0,9,2,0,0,0
T100153,CUST2851,2023-11-16 09:00:00,53.78,Electronics,NetBanking,Desktop,Hyderabad,0,153,282.23,179,0,0,0.19055380363533286,228.45000000000002,0,0,0.4904109589041096,0,9,3,0,0,0
T100154,CUST8670,2023-06-11 13:25:00,339.52,Health,NetBanking,POS,Chennai,1,60,92.27,743,0,0,3.67963585130595,247.25,1,0,2.0356164383561643,0,13,6,0,1,2
T100155,CUST6712,2023-07-09 17:36:00,22.17,Entertainment,PayPal,POS,Chennai,0,173,219.34,1266,0,0,0.1010759551381417,197.17000000000002,0,0,3.4684931506849317,0,17,6,0,1,0
T100156,CUST1960,2023-07-29 13:16:00,89.21,Utilities,Credit Card,Desktop,Bengaluru,0,137,326.42,246,0,0,0.2732982047668647,237.21000000000004,0,0,0.673972602739726,0,13,5,0,1,0
T100157,CUST4233,2023-01-23 13:06:00,114.71,Electronics,UPI,Mobile,Hyderabad,0,179,149.17,1059,0,0,0.7689884024937991,34.459999999999994,0,0,2.9013698630136986,0,13,0,0,0,0
T100158,CUST3430,2023-08-16 13:36:00,21.71,Travel,UPI,Desktop,Hyderabad,0,103,172.49,699,0,0,0.12586236883297583,150.78,0,0,1.915068493150685,0,13,2,0,0,0
T100159,CUST8613,2023-02-16 22:05:00,104.22,Food,Credit Card,Mobile,Bengaluru,0,61,69.79,890,0,0,1.493337154320103,34.42999999999999,0,0,2.4383561643835616,0,22,3,0,0,0
T100160,CUST3543,2023-06-23 15:00:00,36.68,Utilities,Credit Card,Mobile,Kolkata,0,168,212.49,1640,0,0,0.17261988799472916,175.81,0,0,4.493150684931507,0,15,4,0,0,0
T100161,CUST3907,2023-04-29 09:04:00,80.04,Fashion,Debit Card,Mobile,Kolkata,0,104,296.09,1448,0,0,0.27032321253672875,216.04999999999995,0,0,3.967123287671233,0,9,5,0,1,0
T100162,CUST3077,2024-02-01 19:28:00,80.31,Electronics,PayPal,Desktop,Mumbai,0,61,67.1,1816,1,1,1.1968703427719822,13.210000000000008,0,0,4.975342465753425,0,19,3,0,0,1
T100163,CUST8868,2023-12-15 04:06:00,61.39,Fashion,Credit Card,Mobile,Kolkata,0,195,311.24,333,0,0,0.19724328492481685,249.85000000000002,0,0,0.9123287671232877,0,4,4,1,0,1
T100164,CUST1337,2023-10-06 21:56:00,7.57,Utilities,Credit Card,Desktop,Pune,0,76,204.92,1611,0,0,0.03694124536404451,197.35,0,0,4.413698630136986,0,21,4,0,0,0
T100165,CUST2865,2023-07-04 10:17:00,144.29,Fashion,Debit Card,Mobile,Hyderabad,1,15,342.31,1464,0,0,0.4215185066168093,198.02,0,0,4.010958904109589,0,10,1,0,0,1
T100166,CUST8881,2024-02-02 12:47:00,30.94,Utilities,Debit Card,Mobile,Mumbai,1,181,164.27,432,0,0,0.18834845072137335,133.33,0,0,1.1835616438356165,0,12,4,0,0,1
T100167,CUST8655,2023-08-15 16:37:00,16.51,Food,NetBanking,Desktop,Mumbai,0,132,288.56,1907,0,0,0.057215137233157756,272.05,0,0,5.2246575342465755,0,16,1,0,0,0
T100168,CUST5969,2023-10-04 03:02:00,3.33,Travel,UPI,POS,Chennai,0,151,310.27,889,0,1,0.010732587746156574,306.94,0,0,2.4356164383561643,0,3,2,1,0,1
T100169,CUST6891,2023-02-15 13:18:00,71.5,Food,PayPal,POS,Pune,0,155,348.35,1880,0,0,0.20525333716090138,276.85,0,0,5.1506849315068495,0,13,2,0,0,0
T100170,CUST7166,2023-09-21 21:20:00,90.55,Health,NetBanking,Desktop,Chennai,0,103,380.9,409,0,0,0.23772643738514046,290.34999999999997,0,0,1.1205479452054794,0,21,3,0,0,0
T100171,CUST5317,2023-01-20 12:10:00,1.34,Electronics,Credit Card,Desktop,Delhi,0,165,76.81,481,0,0,0.017445645098294493,75.47,0,0,1.3178082191780822,0,12,4,0,0,0
T100172,CUST5506,2023-10-02 11:15:00,57.41,Fashion,Debit Card,POS,Kolkata,0,171,482.97,1282,0,0,0.11886866679089797,425.56000000000006,0,0,3.5123287671232877,0,11,0,0,0,0
T100173,CUST8045,2023-04-30 00:35:00,20.55,Food,UPI,POS,Chennai,0,165,423.39,723,0,1,0.04853681003330263,402.84,0,0,1.9808219178082191,0,0,6,1,1,1
T100174,CUST5672,2023-10-12 21:01:00,82.89,Utilities,NetBanking,POS,Hyderabad,0,157,285.54,1558,0,0,0.29029207816768227,202.65000000000003,0,0,4.2684931506849315,0,21,3,0,0,0
T100175,CUST3844,2023-05-07 16:01:00,15.33,Food,UPI,Desktop,Hyderabad,0,157,446.28,1648,0,0,0.03435063189029309,430.95,0,0,4.515068493150685,0,16,6,0,1,0
T100176,CUST9755,2023-09-02 21:45:00,93.94,Food,Debit Card,Mobile,Pune,0,177,197.39,174,0,0,0.47591063377070775,103.44999999999999,0,0,0.4767123287671233,0,21,5,0,1,0
T100177,CUST2824,2023-07-17 10:48:00,39.12,Electronics,NetBanking,Desktop,Mumbai,0,75,26.8,79,0,0,1.4597014925373133,12.319999999999997,0,0,0.21643835616438356,0,10,0,0,0,0
T100178,CUST1659,2023-01-09 10:11:00,220.83,Travel,NetBanking,POS,Hyderabad,0,179,366.25,1477,0,0,0.6029488054607509,145.42,0,0,4.046575342465753,0,10,0,0,0,0
T100179,CUST8648,2023-11-12 10:58:00,11.84,Entertainment,UPI,Mobile,Kolkata,0,178,472.24,1153,0,0,0.025071997289513807,460.40000000000003,0,0,3.158904109589041,0,10,6,0,1,0
T100180,CUST6557,2023-09-01 03:57:00,33.37,Food,Debit Card,Desktop,Chennai,0,28,89.31,372,0,0,0.373642369275557,55.940000000000005,0,0,1.0191780821917809,0,3,4,1,0,1
T100181,CUST2416,2023-06-03 13:46:00,9.64,Electronics,Credit Card,POS,Kolkata,0,74,325.5,911,0,0,0.029615975422427037,315.86,0,0,2.495890410958904,0,13,5,0,1,0
T100182,CUST9621,2023-06-28 14:31:00,206.9,Fashion,NetBanking,Desktop,Chennai,0,133,408.58,1785,0,0,0.5063879778745901,201.67999999999998,0,0,4.890410958904109,0,14,2,0,0,0
T100183,CUST8837,2023-11-04 02:51:00,167.87,Utilities,Credit Card,Mobile,Pune,0,125,453.48,1704,0,0,0.3701817059186734,285.61,0,0,4.668493150684932,0,2,5,1,1,1
T100184,CUST7664,2023-05-09 10:51:00,23.87,Health,Debit Card,POS,Kolkata,0,56,145.5,919,0,0,0.16405498281786943,121.63,0,0,2.5178082191780824,0,10,1,0,0,0
T100185,CUST2000,2023-12-23 09:17:00,86.3,Entertainment,NetBanking,Desktop,Chennai,0,64,73.08,1579,0,0,1.1808976464148877,13.219999999999999,0,0,4.326027397260274,0,9,5,0,1,0
T100186,CUST4345,2023-11-28 01:11:00,135.96,Grocery,NetBanking,Mobile,Kolkata,1,127,131.45,1066,0,1,1.0343096234309626,4.510000000000019,0,0,2.9205479452054797,0,1,1,1,0,2
T100187,CUST2661,2023-01-24 20:24:00,64.81,Entertainment,Credit Card,Mobile,Bengaluru,0,121,293.08,1909,1,0,0.221134161321141,228.26999999999998,0,0,5.23013698630137,0,20,1,0,0,1
T100188,CUST3265,2024-01-16 06:25:00,60.34,Utilities,PayPal,Desktop,Pune,0,89,460.18,791,0,0,0.13112260419835717,399.84000000000003,0,0,2.1671232876712327,0,6,1,0,0,0
T100189,CUST5718,2023-06-14 01:44:00,22.15,Entertainment,Credit Card,Mobile,Pune,0,17,295.44,877,0,0,0.0749729217438397,273.29,0,0,2.4027397260273973,0,1,2,1,0,1
T100190,CUST6128,2023-08-23 22:40:00,7.82,Utilities,Credit Card,POS,Hyderabad,0,97,460.61,953,1,0,0.01697748637676125,452.79,0,0,2.610958904109589,0,22,2,0,0,1
T100191,CUST6586,2023-10-19 08:09:00,182.01,Electronics,PayPal,Mobile,Pune,0,55,387.32,1225,0,0,0.4699215119281214,205.31,0,0,3.356164383561644,0,8,3,0,0,0
T100192,CUST5130,2023-11-08 11:38:00,184.54,Grocery,Debit Card,Desktop,Delhi,0,137,303.21,1542,0,0,0.6086210876949969,118.66999999999999,0,0,4.2246575342465755,0,11,2,0,0,0
T100193,CUST8087,2023-07-25 23:48:00,80.21,Food,Debit Card,POS,Hyderabad,0,196,20.68,1884,0,0,3.8786266924564794,59.529999999999994,1,0,5.161643835616438,0,23,1,0,0,1
T100194,CUST2015,2024-02-11 01:55:00,33.12,Food,NetBanking,Mobile,Hyderabad,0,110,173.21,1412,0,0,0.19121297846544655,140.09,0,0,3.8684931506849316,0,1,6,1,1,1
T100195,CUST4220,2023-02-19 01:58:00,34.37,Entertainment,UPI,Mobile,Kolkata,0,16,38.16,1159,0,0,0.9006813417190775,3.789999999999999,0,0,3.175342465753425,0,1,6,1,1,1
T100196,CUST4645,2023-12-01 22:40:00,103.56,Electronics,UPI,POS,Bengaluru,0,144,167.9,218,0,0,0.6167957117331745,64.34,0,0,0.5972602739726027,0,22,4,0,0,0
T100197,CUST4509,2023-11-24 09:14:00,181.93,Grocery,NetBanking,POS,Hyderabad,0,13,40.54,1582,0,0,4.48766650222003,141.39000000000001,1,0,4.3342465753424655,0,9,4,0,0,1
T100198,CUST8746,2023-02-12 02:33:00,174.49,Food,UPI,Mobile,Mumbai,0,78,92.23,1103,1,1,1.8919006830749214,82.26,0,0,3.021917808219178,0,2,6,1,1,2
T100199,CUST7751,2023-01-13 18:21:00,121.08,Fashion,Credit Card,POS,Chennai,1,85,211.24,1302,1,1,0.5731868964211323,90.16000000000001,0,0,3.5671232876712327,0,18,4,0,0,2
T100200,CUST3184,2023-08-10 02:10:00,82.18,Travel,Credit Card,Desktop,Chennai,0,73,262.29,439,0,0,0.31331732052308514,180.11,0,0,1.2027397260273973,0,2,3,1,0,1
T100201,CUST9448,2023-03-25 17:01:00,7.03,Travel,PayPal,Mobile,Pune,0,191,116.4,1444,0,0,0.06039518900343643,109.37,0,0,3.956164383561644,0,17,5,0,1,0
T100202,CUST4394,2023-05-05 06:21:00,14.1,Food,PayPal,Desktop,Kolkata,0,119,368.96,1432,0,0,0.03821552471812663,354.85999999999996,0,0,3.9232876712328766,0,6,4,0,0,0
T100203,CUST4397,2023-07-03 05:52:00,183.06,Grocery,NetBanking,Mobile,Bengaluru,0,169,299.28,256,0,0,0.6116680032076985,116.21999999999997,0,0,0.7013698630136986,0,5,0,0,0,0
T100204,CUST6414,2023-12-12 10:25:00,74.6,Health,NetBanking,Desktop,Chennai,0,181,348.96,1644,0,0,0.21377808344795965,274.36,0,0,4.504109589041096,0,10,1,0,0,0
T100205,CUST2097,2023-10-21 13:19:00,0.74,Food,NetBanking,Desktop,Mumbai,0,68,369.06,1837,0,0,0.0020050940226521434,368.32,0,0,5.032876712328767,0,13,5,0,1,0
T100206,CUST1275,2023-11-11 06:37:00,8.56,Health,Credit Card,POS,Bengaluru,0,74,366.19,242,0,0,0.02337584314153855,357.63,0,0,0.663013698630137,0,6,5,0,1,0
T100207,CUST8197,2023-12-03 13:56:00,87.13,Health,UPI,Mobile,Delhi,1,99,468.75,1582,0,0,0.1858773333333333,381.62,0,0,4.3342465753424655,0,13,6,0,1,1
T100208,CUST8499,2023-07-03 14:07:00,0.41,Utilities,NetBanking,POS,Chennai,0,117,126.24,1034,0,0,0.003247782002534854,125.83,0,0,2.8328767123287673,0,14,0,0,0,0
T100209,CUST3856,2023-11-30 20:33:00,14.03,Utilities,NetBanking,POS,Hyderabad,0,137,142.38,1399,0,0,0.09853912066301447,128.35,0,0,3.8328767123287673,0,20,3,0,0,0
T100210,CUST5517,2023-10-09 15:20:00,63.66,Grocery,Credit Card,Mobile,Mumbai,0,179,56.16,448,0,0,1.1335470085470085,7.5,0,0,1.2273972602739727,0,15,0,0,0,0
T100211,CUST4511,2023-05-11 10:36:00,94.19,Health,Credit Card,Desktop,Kolkata,0,176,300.37,1816,0,0,0.31357991810100877,206.18,0,0,4.975342465753425,0,10,3,0,0,0
T100212,CUST7566,2023-05-02 11:31:00,84.44,Fashion,Credit Card,Mobile,Kolkata,0,177,203.64,1905,0,0,0.4146533097623257,119.19999999999999,0,0,5.219178082191781,0,11,1,0,0,0
T100213,CUST2864,2023-09-02 01:03:00,20.32,Grocery,UPI,Mobile,Mumbai,0,146,253.14,1137,0,1,0.08027178636327724,232.82,0,0,3.115068493150685,0,1,5,1,1,1
T100214,CUST2359,2023-10-11 00:14:00,99.63,Food,NetBanking,Mobile,Chennai,0,138,93.21,948,0,0,1.068876729964596,6.420000000000002,0,0,2.5972602739726027,0,0,2,1,0,1
T100215,CUST7358,2023-09-16 19:44:00,21.67,Entertainment,Debit Card,POS,Pune,1,115,328.04,1250,0,1,0.06605901719302525,306.37,0,0,3.4246575342465753,0,19,5,0,1,1
T100216,CUST2591,2023-08-09 13:06:00,31.49,Fashion,Debit Card,Mobile,Delhi,0,54,313.32,806,0,0,0.10050427677773521,281.83,0,0,2.208219178082192,0,13,2,0,0,0
T100217,CUST7815,2024-02-03 15:02:00,109.79,Electronics,NetBanking,Mobile,Hyderabad,0,79,139.74,1583,0,0,0.7856733934449692,29.950000000000003,0,0,4.336986301369863,0,15,5,0,1,0
T100218,CUST9660,2023-02-08 06:41:00,83.9,Travel,NetBanking,Mobile,Delhi,0,15,238.05,250,0,0,0.35244696492333544,154.15,0,0,0.684931506849315,0,6,2,0,0,0
T100219,CUST7898,2023-02-14 16:32:00,151.36,Food,NetBanking,Desktop,Delhi,0,139,448.21,1896,0,0,0.3376988465228353,296.84999999999997,0,0,5.1945205479452055,0,16,1,0,0,0
T100220,CUST4229,2024-01-08 08:00:00,85.75,Food,NetBanking,Desktop,Chennai,0,168,389.01,1800,0,0,0.22043135137914194,303.26,0,0,4.931506849315069,0,8,0,0,0,0
T100221,CUST5860,2023-11-17 13:52:00,67.2,Food,UPI,Desktop,Hyderabad,0,118,121.2,205,0,0,0.5544554455445545,54.0,0,0,0.5616438356164384,0,13,4,0,0,0
T100222,CUST8215,2023-03-25 07:28:00,7.87,Fashion,Debit Card,Desktop,Chennai,0,112,440.64,613,0,0,0.01786038489469862,432.77,0,0,1.6794520547945206,0,7,5,0,1,0
T100223,CUST3148,2023-01-14 20:42:00,36.67,Electronics,PayPal,POS,Chennai,0,106,42.98,1656,0,0,0.8531875290832946,6.309999999999995,0,0,4.536986301369863,0,20,5,0,1,0
T100224,CUST5486,2023-12-06 06:28:00,24.65,Entertainment,Debit Card,POS,Pune,0,105,212.82,1375,0,0,0.11582558030260313,188.17,0,0,3.767123287671233,0,6,2,0,0,0
T100225,CUST6535,2023-07-05 03:15:00,22.38,Grocery,Debit Card,Mobile,Mumbai,0,47,49.26,564,1,0,0.4543239951278928,26.88,0,0,1.5452054794520549,0,3,2,1,0,2
T100226,CUST7532,2023-07-11 19:51:00,288.98,Utilities,Credit Card,POS,Kolkata,0,118,462.86,754,0,0,0.6243356522490602,173.88,0,0,2.0657534246575344,0,19,1,0,0,0
T100227,CUST7168,2023-10-09 16:14:00,39.95,Electronics,NetBanking,Desktop,Pune,0,126,29.94,1447,0,0,1.3343353373413493,10.010000000000002,0,0,3.9643835616438357,0,16,0,0,0,0
T100228,CUST6111,2023-11-17 18:12:00,178.08,Fashion,NetBanking,Mobile,Kolkata,0,148,84.11,1859,0,0,2.1172274402568068,93.97000000000001,0,0,5.093150684931507,0,18,4,0,0,0
T100229,CUST4828,2023-07-03 16:16:00,79.79,Food,NetBanking,Mobile,Pune,0,98,458.37,1693,0,0,0.17407334685952397,378.58,0,0,4.638356164383562,0,16,0,0,0,0
T100230,CUST1325,2023-05-02 14:52:00,126.71,Travel,Credit Card,Desktop,Chennai,0,150,295.26,1624,0,0,0.429147192305087,168.55,0,0,4.449315068493151,0,14,1,0,0,0
T100231,CUST6576,2023-06-12 19:55:00,55.87,Food,UPI,Desktop,Pune,0,48,399.64,353,0,0,0.1398008207386648,343.77,0,0,0.9671232876712329,0,19,0,0,0,0
T100232,CUST8641,2023-06-20 00:47:00,68.81,Grocery,UPI,Desktop,Kolkata,1,82,18.04,114,0,1,3.8143015521064303,50.77,1,0,0.31232876712328766,0,0,1,1,0,3
T100233,CUST1503,2023-05-01 19:45:00,54.26,Health,PayPal,POS,Pune,0,16,215.36,1049,0,0,0.25195022288261515,161.10000000000002,0,0,2.873972602739726,0,19,0,0,0,0
T100234,CUST4462,2023-12-05 10:19:00,17.38,Travel,UPI,Mobile,Bengaluru,0,133,492.39,1794,0,0,0.03529722374540507,475.01,0,0,4.9150684931506845,0,10,1,0,0,0
T100235,CUST1110,2023-10-15 03:02:00,102.54,Food,UPI,Desktop,Hyderabad,0,193,294.11,916,0,0,0.34864506477168405,191.57,0,0,2.5095890410958903,0,3,6,1,1,1
T100236,CUST7848,2023-04-28 23:44:00,26.37,Entertainment,NetBanking,Mobile,Mumbai,0,74,426.34,1480,0,0,0.061852042970399215,399.96999999999997,0,0,4.054794520547945,0,23,4,0,0,0
T100237,CUST6375,2023-07-14 22:25:00,1.97,Travel,Debit Card,Mobile,Kolkata,0,21,482.14,1321,0,0,0.004085950138963786,480.16999999999996,0,0,3.6191780821917807,0,22,4,0,0,0
T100238,CUST6255,2023-08-06 10:36:00,82.96,Health,UPI,POS,Hyderabad,0,61,345.67,141,0,0,0.23999768565394738,262.71000000000004,0,0,0.3863013698630137,0,10,6,0,1,0
T100239,CUST3364,2024-02-02 06:25:00,15.59,Utilities,UPI,Mobile,Mumbai,0,183,170.54,657,0,0,0.091415503694148,154.95,0,0,1.8,0,6,4,0,0,0
T100240,CUST2663,2023-09-22 03:58:00,225.69,Electronics,Credit Card,Desktop,Bengaluru,0,24,161.22,978,0,0,1.399888351321176,64.47,0,0,2.6794520547945204,0,3,4,1,0,1
T100241,CUST7253,2023-12-26 18:57:00,246.2,Fashion,PayPal,Desktop,Chennai,0,23,44.93,779,0,0,5.479634987758736,201.26999999999998,1,0,2.1342465753424658,0,18,1,0,0,1
T100242,CUST8521,2023-10-17 00:47:00,197.08,Utilities,Credit Card,Mobile,Kolkata,0,87,219.61,1451,0,1,0.897409043304039,22.53,0,0,3.9753424657534246,0,0,1,1,0,1
T100243,CUST2184,2023-10-30 05:57:00,36.98,Food,NetBanking,Mobile,Mumbai,0,139,458.54,81,0,0,0.0806472717756357,421.56,0,0,0.2219178082191781,0,5,0,0,0,0
T100244,CUST2827,2023-01-17 15:48:00,1.25,Grocery,Debit Card,POS,Mumbai,0,175,244.25,113,0,0,0.00511770726714432,243.0,0,0,0.3095890410958904,0,15,1,0,0,0
T100245,CUST4652,2023-04-15 08:12:00,210.84,Electronics,PayPal,Desktop,Mumbai,0,2,456.39,1676,1,0,0.46197331229869193,245.54999999999998,0,0,4.5917808219178085,1,8,5,0,1,1
T100246,CUST5462,2023-09-26 11:28:00,44.72,Utilities,Credit Card,Desktop,Bengaluru,0,198,410.4,741,0,0,0.10896686159844055,365.67999999999995,0,0,2.03013698630137,0,11,1,0,0,0
T100247,CUST8843,2023-12-29 21:25:00,272.07,Food,UPI,Mobile,Hyderabad,0,53,492.25,760,0,0,0.5527069578466226,220.18,0,0,2.0821917808219177,0,21,4,0,0,0
T100248,CUST7446,2023-02-20 23:51:00,265.1,Electronics,UPI,Mobile,Bengaluru,0,139,474.37,770,0,0,0.5588464700550204,209.26999999999998,0,0,2.1095890410958904,0,23,0,0,0,0
T100249,CUST3751,2023-05-28 23:04:00,153.39,Utilities,PayPal,Mobile,Mumbai,0,15,356.18,858,0,0,0.4306530405974507,202.79000000000002,0,0,2.350684931506849,0,23,6,0,1,0
T100250,CUST1036,2023-02-08 13:22:00,27.9,Grocery,UPI,Desktop,Pune,0,140,436.9,454,0,0,0.06385900663767452,409.0,0,0,1.2438356164383562,0,13,2,0,0,0
T100251,CUST9258,2023-10-16 13:21:00,38.9,Food,Credit Card,Mobile,Mumbai,1,122,376.56,1074,0,0,0.10330359039728064,337.66,0,0,2.9424657534246577,0,13,0,0,0,1
T100252,CUST6800,2023-07-30 21:37:00,152.38,Health,Credit Card,POS,Pune,0,123,354.66,1741,0,0,0.4296509332882197,202.28000000000003,0,0,4.76986301369863,0,21,6,0,1,0
T100253,CUST1016,2023-02-17 17:07:00,30.49,Health,UPI,POS,Chennai,1,164,360.62,85,0,0,0.08454883256613609,330.13,0,0,0.2328767123287671,0,17,4,0,0,1
T100254,CUST1806,2023-12-29 17:09:00,14.86,Grocery,UPI,Mobile,Bengaluru,0,92,363.31,1344,0,0,0.04090170928408246,348.45,0,0,3.682191780821918,0,17,4,0,0,0
T100255,CUST1983,2023-12-13 04:09:00,65.1,Travel,NetBanking,POS,Pune,0,23,195.92,841,1,0,0.3322784810126582,130.82,0,0,2.304109589041096,0,4,2,1,0,2
T100256,CUST8208,2023-04-24 15:33:00,220.1,Grocery,Debit Card,POS,Bengaluru,0,155,217.55,836,0,0,1.011721443346357,2.549999999999983,0,0,2.2904109589041095,0,15,0,0,0,0
T100257,CUST7071,2023-02-22 14:32:00,95.27,Travel,PayPal,POS,Delhi,0,88,154.09,1038,0,0,0.6182750340709974,58.82000000000001,0,0,2.8438356164383563,0,14,2,0,0,0
T100258,CUST3777,2023-08-05 08:44:00,67.53,Food,Credit Card,POS,Hyderabad,0,142,82.65,684,0,0,0.817059891107078,15.120000000000005,0,0,1.873972602739726,0,8,5,0,1,0
T100259,CUST8697,2023-07-09 00:38:00,8.18,Utilities,PayPal,POS,Delhi,0,182,234.64,1036,0,1,0.03486191612683259,226.45999999999998,0,0,2.8383561643835615,0,0,6,1,1,1
T100260,CUST7302,2023-12-10 13:31:00,76.36,Travel,NetBanking,Desktop,Pune,0,99,450.98,937,0,0,0.16932014723491062,374.62,0,0,2.5671232876712327,0,13,6,0,1,0
T100261,CUST6250,2023-05-15 04:10:00,368.85,Food,Credit Card,Mobile,Delhi,0,27,329.12,1426,0,1,1.1207158483228004,39.73000000000002,0,0,3.9068493150684933,0,4,0,1,0,1
T100262,CUST7728,2023-10-25 14:47:00,12.07,Food,NetBanking,POS,Kolkata,0,21,37.53,1791,0,0,0.321609379163336,25.46,0,0,4.906849315068493,0,14,2,0,0,0
T100263,CUST1957,2023-05-21 01:46:00,58.44,Entertainment,NetBanking,Mobile,Hyderabad,0,49,407.49,37,0,0,0.14341456232054772,349.05,0,0,0.10136986301369863,0,1,6,1,1,1
T100264,CUST3094,2023-08-01 05:29:00,167.89,Fashion,UPI,POS,Pune,0,190,468.35,153,0,1,0.35847122878189386,300.46000000000004,0,0,0.4191780821917808,0,5,1,0,0,0
T100265,CUST7749,2023-08-18 04:37:00,108.0,Food,PayPal,Desktop,Chennai,0,44,416.42,1811,0,0,0.25935353729407806,308.42,0,0,4.961643835616439,0,4,4,1,0,1
T100266,CUST3974,2023-11-06 21:22:00,95.53,Travel,PayPal,Desktop,Chennai,0,44,366.5,1154,0,0,0.2606548431105048,270.97,0,0,3.1616438356164385,0,21,0,0,0,0
T100267,CUST4792,2023-10-03 03:01:00,96.98,Fashion,UPI,POS,Hyderabad,0,128,83.56,1019,0,0,1.1606031594064146,13.420000000000002,0,0,2.791780821917808,0,3,1,1,0,1
T100268,CUST8944,2023-02-23 05:41:00,35.64,Fashion,PayPal,POS,Hyderabad,0,189,181.01,864,0,1,0.1968951991602674,145.37,0,0,2.367123287671233,0,5,3,0,0,0
T100269,CUST5596,2024-01-21 07:49:00,27.8,Food,UPI,POS,Pune,0,170,286.99,1915,0,0,0.09686748667200948,259.19,0,0,5.2465753424657535,0,7,6,0,1,0
T100270,CUST6969,2023-03-09 09:23:00,132.59,Grocery,Credit Card,Desktop,Bengaluru,0,23,47.66,1146,0,0,2.781997482165338,84.93,0,0,3.1397260273972605,0,9,3,0,0,0
T100271,CUST7680,2023-03-07 09:45:00,132.91,Grocery,NetBanking,Desktop,Kolkata,0,129,62.07,1438,0,0,2.1412920895762846,70.84,0,0,3.9397260273972603,0,9,1,0,0,0
T100272,CUST8834,2023-06-03 21:12:00,161.44,Health,NetBanking,Mobile,Pune,0,125,467.78,795,0,0,0.34511950061994956,306.34,0,0,2.1780821917808217,0,21,5,0,1,0
T100273,CUST1271,2023-02-07 19:39:00,195.57,Fashion,PayPal,Desktop,Bengaluru,0,36,354.32,1133,0,0,0.5519586814179273,158.75,0,0,3.1041095890410957,0,19,1,0,0,0
T100274,CUST7429,2023-03-20 10:09:00,57.29,Food,Debit Card,POS,Bengaluru,0,55,144.79,1351,0,0,0.3956764969956489,87.5,0,0,3.7013698630136984,0,10,0,0,0,0
T100275,CUST3271,2023-11-01 15:35:00,55.69,Entertainment,NetBanking,Mobile,Bengaluru,0,110,170.41,60,0,0,0.32680007041840264,114.72,0,0,0.1643835616438356,0,15,2,0,0,0
T100276,CUST6214,2023-04-27 01:11:00,128.08,Grocery,UPI,Desktop,Pune,0,16,198.37,407,0,1,0.6456621464939255,70.28999999999999,0,0,1.115068493150685,0,1,3,1,0,1
T100277,CUST4287,2023-08-22 04:43:00,83.98,Entertainment,Debit Card,Desktop,Mumbai,0,89,46.78,359,0,0,1.7952116289012399,37.2,0,0,0.9835616438356164,0,4,1,1,0,1
T100278,CUST2451,2023-05-06 14:40:00,96.84,Food,Debit Card,POS,Mumbai,0,18,372.2,1979,0,0,0.2601826974744761,275.36,0,0,5.421917808219178,0,14,5,0,1,0
T100279,CUST2846,2024-02-04 08:15:00,127.09,Food,NetBanking,Mobile,Chennai,0,38,96.65,1352,0,0,1.3149508535954475,30.439999999999998,0,0,3.7041095890410958,0,8,6,0,1,0
T100280,CUST7941,2023-02-19 23:47:00,176.59,Utilities,NetBanking,Desktop,Mumbai,0,195,404.51,311,0,0,0.4365528664309906,227.92,0,0,0.852054794520548,0,23,6,0,1,0
T100281,CUST8399,2023-10-04 06:57:00,33.0,Fashion,NetBanking,Desktop,Mumbai,0,20,424.48,1065,0,0,0.07774217866566151,391.48,0,0,2.9178082191780823,0,6,2,0,0,0
T100282,CUST8893,2024-01-01 08:18:00,37.67,Utilities,UPI,POS,Bengaluru,0,19,322.83,668,0,0,0.11668680110274758,285.15999999999997,0,0,1.83013698630137,0,8,0,0,0,0
T100283,CUST7825,2023-01-07 05:07:00,7.9,Entertainment,Debit Card,Mobile,Bengaluru,0,13,387.23,901,0,1,0.02040131188182734,379.33000000000004,0,0,2.4684931506849317,0,5,5,0,1,0
T100284,CUST8585,2023-08-31 14:26:00,69.07,Utilities,PayPal,Mobile,Hyderabad,0,17,94.2,728,0,0,0.7332271762208067,25.13000000000001,0,0,1.9945205479452055,0,14,3,0,0,0
T100285,CUST9616,2023-11-27 14:20:00,2.93,Health,UPI,Mobile,Bengaluru,0,30,292.21,98,0,0,0.010027035351288459,289.28,0,0,0.2684931506849315,0,14,0,0,0,0
T100286,CUST8015,2023-11-08 06:27:00,50.13,Fashion,Credit Card,Mobile,Pune,0,43,341.63,870,0,0,0.14673769867985834,291.5,0,0,2.3835616438356166,0,6,2,0,0,0
T100287,CUST7060,2023-11-29 03:08:00,62.58,Electronics,NetBanking,POS,Hyderabad,0,48,334.16,1576,0,0,0.18727555661958342,271.58000000000004,0,0,4.317808219178082,0,3,2,1,0,1
T100288,CUST8619,2023-11-29 07:47:00,27.01,Utilities,Debit Card,Desktop,Kolkata,0,43,67.47,1868,0,0,0.4003260708463021,40.459999999999994,0,0,5.117808219178082,0,7,2,0,0,0
T100289,CUST9513,2023-10-04 04:13:00,71.49,Entertainment,UPI,Desktop,Hyderabad,0,93,178.75,52,0,0,0.3999440559440559,107.26,0,0,0.14246575342465753,0,4,2,1,0,1
T100290,CUST7257,2023-08-11 21:32:00,2.48,Grocery,Credit Card,Mobile,Mumbai,0,114,169.27,366,0,0,0.014651149051810716,166.79000000000002,0,0,1.0027397260273974,0,21,4,0,0,0
T100291,CUST1418,2023-04-08 07:17:00,3.05,Grocery,UPI,Mobile,Bengaluru,0,66,290.54,456,0,0,0.010497693949198044,287.49,0,0,1.2493150684931507,0,7,5,0,1,0
T100292,CUST3048,2023-09-16 09:27:00,138.35,Grocery,UPI,Mobile,Mumbai,0,119,384.97,874,0,0,0.35937865288204274,246.62000000000003,0,0,2.3945205479452056,0,9,5,0,1,0
T100293,CUST8599,2023-05-16 20:37:00,35.73,Travel,PayPal,Desktop,Bengaluru,0,53,289.59,238,0,0,0.1233813322283228,253.85999999999999,0,0,0.6520547945205479,0,20,1,0,0,0
T100294,CUST5482,2023-05-21 03:55:00,10.87,Food,PayPal,Desktop,Mumbai,0,72,379.87,244,0,0,0.02861505251796667,369.0,0,0,0.6684931506849315,0,3,6,1,1,1
T100295,CUST8928,2023-05-10 14:49:00,59.09,Fashion,UPI,Mobile,Kolkata,0,78,58.49,664,0,0,1.0102581637886818,0.6000000000000014,0,0,1.819178082191781,0,14,2,0,0,0
T100296,CUST7035,2023-07-04 14:44:00,117.57,Grocery,Credit Card,POS,Mumbai,0,162,440.29,452,1,1,0.2670285493651911,322.72,0,0,1.2383561643835617,0,14,1,0,0,1
T100297,CUST1019,2023-01-03 15:07:00,19.45,Electronics,Debit Card,Desktop,Mumbai,0,74,272.94,102,1,0,0.07126108302190957,253.49,0,0,0.27945205479452057,0,15,1,0,0,1
T100298,CUST6107,2023-04-25 23:57:00,78.02,Grocery,Debit Card,Desktop,Pune,0,72,28.37,1775,0,0,2.7500881212548465,49.64999999999999,0,0,4.863013698630137,0,23,1,0,0,0
T100299,CUST2684,2023-06-10 08:05:00,7.14,Health,NetBanking,Mobile,Kolkata,0,199,325.17,852,0,0,0.021957745179444595,318.03000000000003,0,0,2.334246575342466,0,8,5,0,1,0
T100300,CUST5888,2023-08-16 09:01:00,4.25,Food,NetBanking,POS,Chennai,0,13,263.5,815,0,0,0.016129032258064516,259.25,0,0,2.232876712328767,0,9,2,0,0,0
T100301,CUST6977,2024-02-18 18:20:00,60.63,Entertainment,Debit Card,Mobile,Kolkata,1,184,117.98,1659,0,0,0.5139006611290049,57.35,0,0,4.545205479452055,0,18,6,0,1,1
T100302,CUST3293,2023-07-21 09:54:00,62.23,Food,UPI,Mobile,Mumbai,0,59,384.57,967,1,0,0.1618170944171412,322.34,0,0,2.649315068493151,0,9,4,0,0,1
T100303,CUST1484,2023-05-01 16:31:00,81.16,Utilities,UPI,POS,Delhi,0,32,467.45,1801,0,0,0.17362284736335437,386.28999999999996,0,0,4.934246575342466,0,16,0,0,0,0
T100304,CUST9094,2023-04-19 06:11:00,103.6,Entertainment,PayPal,POS,Delhi,0,83,168.11,1719,0,0,0.6162631610255189,64.51000000000002,0,0,4.7095890410958905,0,6,2,0,0,0
T100305,CUST8185,2024-01-15 04:57:00,297.88,Entertainment,PayPal,POS,Delhi,1,120,252.02,1327,0,0,1.1819696849456391,45.859999999999985,0,0,3.6356164383561644,0,4,0,1,0,2
T100306,CUST1938,2024-01-09 05:44:00,58.1,Utilities,NetBanking,Desktop,Pune,0,54,72.81,1778,0,0,0.7979673121823925,14.71,0,0,4.8712328767123285,0,5,1,0,0,0
T100307,CUST6256,2023-11-11 21:59:00,31.2,Fashion,Debit Card,Mobile,Hyderabad,0,2,465.6,1693,0,0,0.06701030927835051,434.40000000000003,0,0,4.638356164383562,1,21,5,0,1,0
T100308,CUST7850,2023-05-10 05:14:00,126.85,Utilities,UPI,Desktop,Mumbai,0,118,166.21,1286,0,0,0.7631911437338307,39.360000000000014,0,0,3.5232876712328767,0,5,2,0,0,0
T100309,CUST2355,2024-01-15 14:01:00,25.27,Travel,Debit Card,POS,Kolkata,0,37,105.44,1094,0,0,0.23966236722306525,80.17,0,0,2.9972602739726026,0,14,0,0,0,0
T100310,CUST4668,2024-02-01 22:04:00,46.24,Entertainment,Credit Card,Desktop,Delhi,0,97,244.43,1991,0,0,0.18917481487542445,198.19,0,0,5.454794520547945,0,22,3,0,0,0
T100311,CUST2032,2023-12-31 00:51:00,6.54,Entertainment,Debit Card,POS,Pune,0,103,31.21,318,0,0,0.20954822172380647,24.67,0,0,0.8712328767123287,0,0,6,1,1,1
T100312,CUST5987,2023-06-21 06:04:00,2.05,Utilities,Credit Card,POS,Hyderabad,0,114,133.89,584,0,0,0.015311076256628576,131.83999999999997,0,0,1.6,0,6,2,0,0,0
T100313,CUST6238,2023-12-25 06:57:00,262.99,Fashion,PayPal,Mobile,Delhi,0,161,43.15,1323,0,0,6.094785631517961,219.84,1,0,3.6246575342465754,0,6,0,0,0,1
T100314,CUST6750,2023-06-16 19:52:00,144.62,Grocery,PayPal,Mobile,Bengaluru,0,1,72.41,468,0,0,1.9972379505593152,72.21000000000001,0,0,1.2821917808219179,1,19,4,0,0,0
T100315,CUST9052,2023-01-31 08:32:00,95.25,Health,NetBanking,Mobile,Chennai,0,128,64.96,1367,0,0,1.466286945812808,30.290000000000006,0,0,3.745205479452055,0,8,1,0,0,0
T100316,CUST1803,2023-01-21 13:05:00,42.07,Electronics,Debit Card,Desktop,Mumbai,0,103,437.49,1563,0,0,0.09616219799309698,395.42,0,0,4.282191780821917,0,13,5,0,1,0
T100317,CUST1815,2023-06-27 19:53:00,15.22,Fashion,Debit Card,Mobile,Chennai,1,156,465.91,1447,0,0,0.03266725333218862,450.69,0,0,3.9643835616438357,0,19,1,0,0,1
T100318,CUST5875,2023-11-22 10:29:00,13.61,Travel,Credit Card,POS,Chennai,0,145,242.52,57,0,0,0.056119082962229914,228.91000000000003,0,0,0.15616438356164383,0,10,2,0,0,0
T100319,CUST3805,2023-05-02 12:39:00,23.04,Fashion,PayPal,Mobile,Bengaluru,0,57,318.9,299,0,0,0.0722483537158984,295.85999999999996,0,0,0.8191780821917808,0,12,1,0,0,0
T100320,CUST5627,2023-02-23 17:10:00,63.74,Food,Credit Card,Desktop,Bengaluru,0,70,350.99,1520,0,0,0.1816006154021482,287.25,0,0,4.164383561643835,0,17,3,0,0,0
T100321,CUST6405,2023-10-07 12:47:00,100.31,Grocery,PayPal,Mobile,Bengaluru,0,180,201.74,1975,0,0,0.49722414989590563,101.43,0,0,5.410958904109589,0,12,5,0,1,0
T100322,CUST5947,2023-04-06 16:03:00,86.35,Grocery,Credit Card,Mobile,Hyderabad,0,44,191.4,103,0,0,0.4511494252873563,105.05000000000001,0,0,0.2821917808219178,0,16,3,0,0,0
T100323,CUST5747,2023-02-22 04:54:00,26.27,Entertainment,PayPal,Mobile,Delhi,0,175,341.03,1710,0,0,0.07703134621587544,314.76,0,0,4.684931506849315,0,4,2,1,0,1
T100324,CUST6241,2024-01-30 17:51:00,247.85,Grocery,Credit Card,Desktop,Kolkata,0,141,194.59,703,0,0,1.2737036846703325,53.25999999999999,0,0,1.926027397260274,0,17,1,0,0,0
T100325,CUST6257,2023-06-10 13:13:00,107.12,Grocery,PayPal,POS,Mumbai,0,76,294.69,275,0,0,0.36350062777834335,187.57,0,0,0.7534246575342466,0,13,5,0,1,0
T100326,CUST2975,2023-09-13 17:29:00,64.66,Utilities,Credit Card,POS,Bengaluru,0,158,262.44,1835,0,0,0.24638012498094802,197.78,0,0,5.027397260273973,0,17,2,0,0,0
T100327,CUST9211,2023-03-31 00:54:00,75.68,Grocery,Debit Card,POS,Pune,0,85,266.99,439,1,0,0.28345630922506465,191.31,0,0,1.2027397260273973,0,0,4,1,0,2
T100328,CUST6696,2024-02-03 22:09:00,43.52,Grocery,NetBanking,Mobile,Mumbai,0,66,416.39,527,0,0,0.1045173995533034,372.87,0,0,1.4438356164383561,0,22,5,0,1,0
T100329,CUST6429,2024-01-17 13:52:00,22.77,Electronics,Credit Card,Mobile,Kolkata,1,53,354.99,1471,0,1,0.06414265190568748,332.22,0,0,4.03013698630137,0,13,2,0,0,1
T100330,CUST1581,2023-10-24 23:28:00,35.2,Travel,NetBanking,Desktop,Mumbai,0,18,480.73,1041,0,0,0.07322197491315291,445.53000000000003,0,0,2.852054794520548,0,23,1,0,0,0
T100331,CUST5412,2023-09-12 21:30:00,113.45,Entertainment,Debit Card,POS,Mumbai,0,28,397.58,240,0,0,0.2853513758237336,284.13,0,0,0.6575342465753424,0,21,1,0,0,0
T100332,CUST6602,2023-03-17 03:59:00,1.16,Utilities,Debit Card,Mobile,Bengaluru,0,132,81.44,821,0,0,0.01424361493123772,80.28,0,0,2.249315068493151,0,3,4,1,0,1
T100333,CUST2416,2023-06-26 05:16:00,9.87,Grocery,PayPal,Mobile,Bengaluru,0,42,371.86,1276,0,0,0.026542247082235248,361.99,0,0,3.495890410958904,0,5,0,0,0,0
T100334,CUST8346,2024-01-14 04:53:00,3.77,Entertainment,NetBanking,Mobile,Delhi,0,126,336.17,389,0,0,0.011214564059850671,332.40000000000003,0,0,1.0657534246575342,0,4,6,1,1,1
T100335,CUST4601,2023-02-08 23:52:00,3.33,Travel,UPI,Desktop,Kolkata,0,117,326.56,611,0,0,0.010197207251347378,323.23,0,0,1.673972602739726,0,23,2,0,0,0
T100336,CUST1681,2023-07-15 10:33:00,154.74,Utilities,PayPal,POS,Bengaluru,0,134,245.56,1073,0,0,0.6301514904707607,90.82,0,0,2.9397260273972603,0,10,5,0,1,0
T100337,CUST9170,2023-05-24 06:23:00,97.3,Health,NetBanking,Desktop,Bengaluru,0,102,40.61,452,0,0,2.3959615858163015,56.69,0,0,1.2383561643835617,0,6,2,0,0,0
T100338,CUST3556,2024-02-20 17:58:00,51.42,Grocery,Credit Card,POS,Mumbai,0,137,476.23,150,1,0,0.10797303823782627,424.81,0,0,0.410958904109589,0,17,1,0,0,1
T100339,CUST2853,2023-01-04 01:15:00,8.24,Entertainment,Credit Card,POS,Delhi,0,148,427.44,202,0,0,0.019277559423544824,419.2,0,0,0.5534246575342465,0,1,2,1,0,1
T100340,CUST9175,2024-02-14 12:29:00,54.12,Fashion,Debit Card,Mobile,Chennai,0,38,248.54,63,0,0,0.21775166975134788,194.42,0,0,0.1726027397260274,0,12,2,0,0,0
T100341,CUST9785,2023-03-07 09:10:00,51.32,Utilities,UPI,Mobile,Bengaluru,0,196,87.7,947,0,0,0.5851767388825542,36.38,0,0,2.5945205479452054,0,9,1,0,0,0
T100342,CUST4239,2023-12-11 07:38:00,15.22,Utilities,Credit Card,Mobile,Pune,0,50,413.99,100,1,1,0.03676417304765816,398.77,0,0,0.273972602739726,0,7,0,0,0,1
T100343,CUST1553,2023-06-22 15:44:00,45.51,Entertainment,NetBanking,Mobile,Bengaluru,1,60,221.03,574,0,1,0.2058996516310003,175.52,0,0,1.5726027397260274,0,15,3,0,0,1
T100344,CUST9394,2023-02-27 11:42:00,40.67,Grocery,NetBanking,Mobile,Chennai,0,141,201.16,803,0,0,0.20217737124676877,160.49,0,0,2.2,0,11,0,0,0,0
T100345,CUST7151,2023-02-28 02:24:00,76.54,Food,Credit Card,POS,Mumbai,0,119,336.04,813,0,0,0.22777050351148673,259.5,0,0,2.2273972602739724,0,2,1,1,0,1
T100346,CUST6639,2024-01-12 19:21:00,80.65,Electronics,NetBanking,Mobile,Kolkata,0,99,381.75,997,0,0,0.21126391617550755,301.1,0,0,2.7315068493150685,0,19,4,0,0,0
T100347,CUST4277,2023-10-05 01:38:00,3.71,Fashion,NetBanking,Mobile,Delhi,0,94,40.79,1674,0,1,0.09095366511399854,37.08,0,0,4.586301369863014,0,1,3,1,0,1
T100348,CUST7077,2023-03-28 05:12:00,37.55,Fashion,Debit Card,Desktop,Mumbai,0,170,386.1,564,0,1,0.09725459725459724,348.55,0,0,1.5452054794520549,0,5,1,0,0,0
T100349,CUST3309,2023-08-27 15:44:00,78.65,Food,UPI,Desktop,Kolkata,0,68,369.63,1711,0,0,0.21278034791548306,290.98,0,0,4.6876712328767125,0,15,6,0,1,0
T100350,CUST5185,2023-06-15 03:43:00,55.96,Grocery,Debit Card,POS,Hyderabad,0,153,298.71,43,0,0,0.18733889056275319,242.74999999999997,0,0,0.1178082191780822,0,3,3,1,0,1
T100351,CUST3169,2023-07-08 13:51:00,155.31,Utilities,UPI,POS,Bengaluru,0,159,175.83,1359,0,0,0.8832963658078825,20.52000000000001,0,0,3.723287671232877,0,13,5,0,1,0
T100352,CUST3366,2023-09-08 17:00:00,86.0,Utilities,NetBanking,Desktop,Kolkata,0,140,90.75,1882,0,0,0.9476584022038568,4.75,0,0,5.156164383561644,0,17,4,0,0,0
T100353,CUST5000,2024-01-14 09:49:00,14.23,Electronics,UPI,Desktop,Pune,0,64,60.3,1601,0,0,0.2359867330016584,46.06999999999999,0,0,4.3863013698630136,0,9,6,0,1,0
T100354,CUST5698,2024-01-29 04:02:00,5.85,Fashion,NetBanking,Mobile,Kolkata,0,79,10.58,300,0,0,0.552930056710775,4.73,0,0,0.821917808219178,0,4,0,1,0,1
T100355,CUST9979,2023-07-17 00:54:00,82.27,Electronics,NetBanking,Mobile,Hyderabad,0,189,111.17,1826,0,0,0.7400377799766124,28.900000000000006,0,0,5.002739726027397,0,0,0,1,0,1
T100356,CUST5318,2023-06-20 06:52:00,2.15,Fashion,Debit Card,POS,Bengaluru,0,53,211.56,1106,0,0,0.01016260162601626,209.41,0,0,3.03013698630137,0,6,1,0,0,0
T100357,CUST3405,2023-01-25 10:32:00,70.51,Grocery,Debit Card,Desktop,Hyderabad,1,26,129.39,1547,0,0,0.5449416492773785,58.87999999999998,0,0,4.238356164383561,0,10,2,0,0,1
T100358,CUST6174,2024-02-09 17:35:00,225.38,Health,PayPal,POS,Chennai,0,189,161.4,1613,0,0,1.3964064436183394,63.97999999999999,0,0,4.419178082191781,0,17,4,0,0,0
T100359,CUST5008,2023-07-13 23:45:00,68.54,Fashion,Credit Card,Mobile,Bengaluru,0,138,201.32,492,0,0,0.34045301013312146,132.77999999999997,0,0,1.347945205479452,0,23,3,0,0,0
T100360,CUST6530,2023-03-02 14:37:00,39.3,Health,PayPal,POS,Pune,0,140,161.05,552,0,0,0.24402359515678357,121.75000000000001,0,0,1.5123287671232877,0,14,3,0,0,0
T100361,CUST1100,2023-05-03 00:39:00,82.47,Fashion,PayPal,POS,Bengaluru,0,150,365.06,799,1,0,0.22590806990631676,282.59000000000003,0,0,2.1890410958904107,0,0,2,1,0,2
T100362,CUST8224,2024-01-04 23:53:00,49.04,Utilities,UPI,POS,Hyderabad,0,181,250.95,884,0,0,0.19541741382745567,201.91,0,0,2.421917808219178,0,23,3,0,0,0
T100363,CUST2026,2023-02-01 20:06:00,63.11,Travel,NetBanking,Mobile,Delhi,0,21,19.47,821,0,0,3.241397021058038,43.64,1,0,2.249315068493151,0,20,2,0,0,1
T100364,CUST2304,2023-01-03 20:05:00,227.05,Grocery,NetBanking,POS,Hyderabad,0,163,121.07,1775,0,0,1.8753613611960025,105.98000000000002,0,0,4.863013698630137,0,20,1,0,0,0
T100365,CUST4600,2024-01-29 06:34:00,39.03,Food,NetBanking,Mobile,Bengaluru,1,71,357.73,1377,0,0,0.10910463198501663,318.70000000000005,0,0,3.7726027397260276,0,6,0,0,0,1
T100366,CUST8962,2023-01-11 19:35:00,259.93,Health,Credit Card,Desktop,Bengaluru,0,82,157.46,1900,0,0,1.6507684491299377,102.47,0,0,5.205479452054795,0,19,2,0,0,0
T100367,CUST4639,2023-07-26 04:50:00,188.61,Food,UPI,POS,Kolkata,0,155,460.87,1577,0,0,0.40924772712478574,272.26,0,0,4.32054794520548,0,4,2,1,0,1
T100368,CUST9553,2023-01-09 15:58:00,17.43,Grocery,UPI,POS,Delhi,0,60,359.21,472,0,0,0.0485231480192645,341.78,0,0,1.2931506849315069,0,15,0,0,0,0
T100369,CUST6008,2023-09-06 15:17:00,5.75,Entertainment,NetBanking,Mobile,Mumbai,0,99,152.06,280,0,0,0.03781402078127055,146.31,0,0,0.7671232876712328,0,15,2,0,0,0
T100370,CUST6576,2024-01-14 05:30:00,8.5,Food,PayPal,POS,Delhi,0,47,263.04,1888,0,0,0.03231447688564477,254.54000000000002,0,0,5.1726027397260275,0,5,6,0,1,0
T100371,CUST4692,2023-12-13 05:36:00,1.47,Grocery,Credit Card,Mobile,Mumbai,0,194,336.95,189,0,0,0.004362665083840332,335.47999999999996,0,0,0.5178082191780822,0,5,2,0,0,0
T100372,CUST5286,2023-06-28 04:19:00,7.94,Utilities,PayPal,POS,Pune,0,143,104.75,65,0,0,0.07579952267303103,96.81,0,0,0.1780821917808219,0,4,2,1,0,1
T100373,CUST7947,2023-11-02 17:55:00,91.91,Food,Debit Card,Desktop,Bengaluru,0,24,130.63,1714,1,0,0.7035902931945188,38.72,0,0,4.695890410958904,0,17,3,0,0,1
T100374,CUST9868,2023-05-15 08:24:00,5.91,Health,UPI,Desktop,Kolkata,0,10,258.49,909,0,0,0.022863553715811058,252.58,0,0,2.4904109589041097,0,8,0,0,0,0
T100375,CUST1108,2023-01-29 07:00:00,30.73,Travel,UPI,Desktop,Chennai,0,120,463.2,1251,0,0,0.06634283246977547,432.46999999999997,0,0,3.4273972602739726,0,7,6,0,1,0
T100376,CUST1706,2023-12-28 15:07:00,149.08,Food,PayPal,POS,Chennai,0,152,178.57,1503,0,0,0.8348546788374308,29.48999999999998,0,0,4.117808219178082,0,15,3,0,0,0
T100377,CUST5358,2023-12-12 20:08:00,1.88,Health,Credit Card,POS,Hyderabad,0,88,207.04,1431,0,0,0.009080370942812983,205.16,0,0,3.9205479452054797,0,20,1,0,0,0
T100378,CUST4973,2023-02-02 03:53:00,134.76,Fashion,UPI,Desktop,Delhi,0,104,103.4,1299,0,0,1.3032882011605413,31.359999999999985,0,0,3.558904109589041,0,3,3,1,0,1
T100379,CUST8507,2023-03-07 01:05:00,26.49,Grocery,PayPal,Desktop,Delhi,0,124,300.67,422,0,0,0.08810323610602985,274.18,0,0,1.1561643835616437,0,1,1,1,0,1
T100380,CUST1899,2023-11-30 01:22:00,10.06,Electronics,Credit Card,Mobile,Chennai,0,185,372.67,1257,0,0,0.026994391821182278,362.61,0,0,3.4438356164383563,0,1,3,1,0,1
T100381,CUST9922,2023-02-17 18:09:00,95.45,Entertainment,PayPal,Mobile,Mumbai,0,34,225.91,73,0,0,0.42251339028816787,130.45999999999998,0,0,0.2,0,18,4,0,0,0
T100382,CUST9643,2023-01-21 21:01:00,79.31,Utilities,Credit Card,Desktop,Delhi,0,41,377.62,344,0,0,0.21002595201525343,298.31,0,0,0.9424657534246575,0,21,5,0,1,0
T100383,CUST8122,2023-11-05 12:08:00,167.95,Electronics,NetBanking,Desktop,Mumbai,0,168,158.28,437,0,0,1.061094263330806,9.669999999999987,0,0,1.1972602739726028,0,12,6,0,1,0
T100384,CUST5636,2023-09-04 23:26:00,106.26,Utilities,Credit Card,POS,Mumbai,1,11,356.42,924,0,0,0.2981314179900118,250.16000000000003,0,0,2.5315068493150683,0,23,0,0,0,1
T100385,CUST1311,2023-08-05 23:36:00,130.16,Grocery,Debit Card,Desktop,Mumbai,0,1,136.59,1884,0,0,0.9529248114796105,6.430000000000007,0,0,5.161643835616438,1,23,5,0,1,0
T100386,CUST4008,2023-08-18 20:58:00,26.51,Utilities,NetBanking,Mobile,Mumbai,0,158,392.52,235,0,0,0.06753795984917967,366.01,0,0,0.6438356164383562,0,20,4,0,0,0
T100387,CUST2520,2023-07-13 21:07:00,15.63,Travel,PayPal,Mobile,Kolkata,0,171,417.01,1294,0,0,0.03748111556077792,401.38,0,0,3.5452054794520547,0,21,3,0,0,0
T100388,CUST1322,2023-09-20 18:09:00,111.1,Food,NetBanking,Mobile,Hyderabad,0,82,400.88,70,0,0,0.2771402913590102,289.78,0,0,0.1917808219178082,0,18,2,0,0,0
T100389,CUST8843,2023-11-12 19:11:00,131.54,Travel,NetBanking,Mobile,Hyderabad,0,26,115.58,617,0,0,1.1380861740785602,15.959999999999994,0,0,1.6904109589041096,0,19,6,0,1,0
T100390,CUST6757,2023-08-04 12:56:00,372.56,Electronics,PayPal,Mobile,Kolkata,0,53,350.18,743,0,0,1.063909989148438,22.379999999999995,0,0,2.0356164383561643,0,12,4,0,0,0
T100391,CUST4572,2023-10-10 09:32:00,42.57,Entertainment,PayPal,Mobile,Chennai,1,125,273.88,1416,0,1,0.1554330363662918,231.31,0,0,3.8794520547945206,0,9,1,0,0,1
T100392,CUST1027,2023-09-09 23:23:00,37.22,Health,Debit Card,Desktop,Hyderabad,0,175,493.16,927,0,0,0.07547246329791547,455.94000000000005,0,0,2.5397260273972604,0,23,5,0,1,0
T100393,CUST9235,2023-10-29 01:01:00,119.84,Entertainment,PayPal,Mobile,Pune,0,9,187.17,124,0,0,0.6402735481113427,67.32999999999998,0,0,0.33972602739726027,0,1,6,1,1,1
T100394,CUST9438,2023-03-19 04:19:00,33.34,Grocery,UPI,Mobile,Kolkata,0,9,387.91,569,0,0,0.08594777139027095,354.57000000000005,0,0,1.558904109589041,0,4,6,1,1,1
T100395,CUST9025,2023-09-24 19:30:00,213.61,Grocery,UPI,Mobile,Delhi,0,129,191.34,1197,0,0,1.1163896728336993,22.27000000000001,0,0,3.2794520547945205,0,19,6,0,1,0
T100396,CUST3153,2023-11-10 03:02:00,156.39,Travel,Debit Card,Mobile,Pune,0,199,204.46,88,0,0,0.7648928885845642,48.07000000000002,0,0,0.2410958904109589,0,3,4,1,0,1
T100397,CUST4015,2023-01-07 16:38:00,44.83,Health,Credit Card,Desktop,Kolkata,0,172,64.39,1694,0,0,0.6962261220686442,19.560000000000002,0,0,4.641095890410959,0,16,5,0,1,0
T100398,CUST2296,2023-07-15 20:00:00,111.18,Travel,Credit Card,POS,Hyderabad,0,59,127.43,883,0,0,0.872479008082869,16.25,0,0,2.419178082191781,0,20,5,0,1,0
T100399,CUST6341,2023-09-23 10:51:00,112.37,Food,UPI,POS,Delhi,0,184,90.6,538,0,0,1.2402869757174395,21.77000000000001,0,0,1.473972602739726,0,10,5,0,1,0
T100400,CUST6483,2023-06-21 23:39:00,8.71,Fashion,PayPal,POS,Delhi,0,106,88.01,542,0,0,0.09896602658788774,79.30000000000001,0,0,1.484931506849315,0,23,2,0,0,0
T100401,CUST6461,2023-05-25 13:20:00,186.28,Health,Debit Card,POS,Mumbai,0,179,14.42,828,0,0,12.918169209431346,171.86,1,0,2.2684931506849315,0,13,3,0,0,1
T100402,CUST7364,2023-08-22 10:50:00,56.3,Fashion,Credit Card,Mobile,Chennai,0,125,398.95,1075,0,0,0.14112044115803984,342.65,0,0,2.9452054794520546,0,10,1,0,0,0
T100403,CUST3292,2023-04-22 01:16:00,140.11,Entertainment,Credit Card,POS,Mumbai,0,16,239.29,767,0,0,0.5855238413640353,99.17999999999998,0,0,2.1013698630136988,0,1,5,1,1,1
T100404,CUST6881,2023-09-10 02:02:00,30.86,Food,NetBanking,POS,Kolkata,0,38,404.04,1257,0,1,0.07637857637857637,373.18,0,0,3.4438356164383563,0,2,6,1,1,1
T100405,CUST7710,2023-09-23 22:35:00,180.7,Utilities,UPI,Desktop,Mumbai,0,139,310.15,728,0,0,0.5826213122682573,129.45,0,0,1.9945205479452055,0,22,5,0,1,0
T100406,CUST8478,2023-09-24 16:28:00,39.44,Utilities,PayPal,Desktop,Pune,0,153,417.36,916,0,0,0.09449875407322215,377.92,0,0,2.5095890410958903,0,16,6,0,1,0
T100407,CUST2157,2023-08-13 06:13:00,0.87,Fashion,Debit Card,Desktop,Hyderabad,0,59,256.84,500,0,0,0.0033873228469085814,255.96999999999997,0,0,1.36986301369863,0,6,6,0,1,0
T100408,CUST6864,2023-07-30 07:20:00,188.63,Electronics,Credit Card,Mobile,Pune,0,29,56.08,313,0,0,3.363587731811698,132.55,1,0,0.8575342465753425,0,7,6,0,1,1
T100409,CUST7876,2023-12-23 05:10:00,7.66,Entertainment,NetBanking,Mobile,Hyderabad,0,168,312.21,401,0,0,0.024534768264949876,304.54999999999995,0,0,1.0986301369863014,0,5,5,0,1,0
T100410,CUST6532,2023-11-10 09:43:00,30.77,Fashion,UPI,Mobile,Pune,0,8,342.1,1551,0,0,0.08994446068401052,311.33000000000004,0,0,4.249315068493151,0,9,4,0,0,0
T100411,CUST5040,2024-01-03 22:46:00,239.76,Food,UPI,Desktop,Delhi,0,98,316.99,1385,0,0,0.7563645540868796,77.23000000000002,0,0,3.7945205479452055,0,22,2,0,0,0
T100412,CUST2499,2023-06-20 22:51:00,240.64,Fashion,Debit Card,POS,Hyderabad,0,134,402.65,1080,0,0,0.5976406308208121,162.01,0,0,2.958904109589041,0,22,1,0,0,0
T100413,CUST8121,2023-08-30 01:21:00,68.16,Grocery,Credit Card,Desktop,Hyderabad,0,173,368.43,884,0,1,0.18500122139890887,300.27,0,0,2.421917808219178,0,1,2,1,0,1
T100414,CUST6020,2023-08-26 11:01:00,79.94,Travel,Debit Card,Mobile,Pune,0,109,221.99,158,0,0,0.36010631109509433,142.05,0,0,0.4328767123287671,0,11,5,0,1,0
T100415,CUST6952,2023-05-06 03:55:00,47.6,Electronics,Debit Card,Desktop,Bengaluru,1,181,411.36,1433,0,1,0.11571373006612214,363.76,0,0,3.926027397260274,0,3,5,1,1,2
T100416,CUST5506,2024-02-05 08:00:00,27.76,Grocery,NetBanking,POS,Delhi,0,108,348.98,536,0,0,0.07954610579402831,321.22,0,0,1.4684931506849315,0,8,0,0,0,0
T100417,CUST9888,2023-09-19 16:08:00,31.88,Grocery,UPI,Mobile,Kolkata,0,149,68.98,1928,0,0,0.4621629457813859,37.10000000000001,0,0,5.282191780821917,0,16,1,0,0,0
T100418,CUST1582,2023-09-06 02:15:00,89.31,Food,PayPal,POS,Delhi,0,57,274.54,1951,0,1,0.3253077875719385,185.23000000000002,0,0,5.345205479452055,0,2,2,1,0,1
T100419,CUST7379,2023-10-11 00:38:00,111.67,Travel,UPI,POS,Kolkata,0,76,366.99,1148,0,0,0.3042862203329791,255.32,0,0,3.1452054794520548,0,0,2,1,0,1
T100420,CUST6109,2023-07-06 01:22:00,125.46,Travel,UPI,Mobile,Bengaluru,0,113,281.11,607,0,1,0.4463021592970723,155.65000000000003,0,0,1.663013698630137,0,1,3,1,0,1
T100421,CUST6903,2024-01-18 06:09:00,124.71,Health,NetBanking,POS,Pune,1,6,475.02,1230,0,0,0.2625363142604522,350.31,0,0,3.3698630136986303,0,6,3,0,0,1
T100422,CUST2360,2023-03-19 18:10:00,7.65,Entertainment,PayPal,Desktop,Pune,0,191,59.73,502,0,0,0.12807634354595682,52.08,0,0,1.3753424657534246,0,18,6,0,1,0
T100423,CUST8899,2024-01-25 00:03:00,54.56,Electronics,Credit Card,POS,Delhi,0,124,363.94,1539,0,0,0.14991482112436116,309.38,0,0,4.2164383561643834,0,0,3,1,0,1
T100424,CUST9378,2023-06-08 08:59:00,4.74,Entertainment,PayPal,POS,Pune,0,134,413.98,1037,0,0,0.01144982849413015,409.24,0,0,2.841095890410959,0,8,3,0,0,0
T100425,CUST7037,2024-01-27 18:03:00,63.8,Food,Credit Card,POS,Chennai,0,53,354.3,1328,0,0,0.18007338413773638,290.5,0,0,3.638356164383562,0,18,5,0,1,0
T100426,CUST1675,2023-12-01 13:44:00,46.6,Electronics,PayPal,Desktop,Chennai,0,132,198.94,697,0,0,0.23424147984316881,152.34,0,0,1.9095890410958904,0,13,4,0,0,0
T100427,CUST9997,2023-06-16 16:56:00,174.93,Health,Debit Card,POS,Kolkata,0,9,198.89,1476,0,0,0.8795313992659259,23.95999999999998,0,0,4.043835616438356,0,16,4,0,0,0
T100428,CUST2879,2023-12-20 10:16:00,34.58,Fashion,PayPal,POS,Bengaluru,0,69,297.42,1584,1,0,0.11626655907470915,262.84000000000003,0,0,4.33972602739726,0,10,2,0,0,1
T100429,CUST2888,2023-07-14 17:31:00,9.96,Grocery,NetBanking,Desktop,Hyderabad,0,74,204.58,1948,0,0,0.04868511095903803,194.62,0,0,5.336986301369863,0,17,4,0,0,0
T100430,CUST6830,2023-06-27 07:14:00,12.34,Electronics,Credit Card,Mobile,Chennai,0,111,442.76,1937,0,0,0.02787062968651188,430.42,0,0,5.306849315068493,0,7,1,0,0,0
T100431,CUST2290,2023-10-10 17:34:00,114.67,Entertainment,UPI,Mobile,Kolkata,0,87,63.87,349,0,0,1.795365586347268,50.800000000000004,0,0,0.9561643835616438,0,17,1,0,0,0
T100432,CUST9967,2024-01-01 21:29:00,77.03,Grocery,NetBanking,Mobile,Pune,0,4,323.19,87,0,0,0.2383427705065132,246.16,0,0,0.23835616438356164,1,21,0,0,0,0
T100433,CUST6585,2023-04-21 22:03:00,8.53,Food,Credit Card,POS,Bengaluru,0,186,75.72,302,0,0,0.11265187533016376,67.19,0,0,0.8273972602739726,0,22,4,0,0,0
T100434,CUST1178,2023-10-26 02:44:00,7.03,Entertainment,Credit Card,Mobile,Kolkata,0,37,274.68,1251,1,0,0.02559341779525266,267.65000000000003,0,0,3.4273972602739726,0,2,3,1,0,2
T100435,CUST4594,2023-05-04 15:55:00,96.58,Fashion,UPI,Desktop,Kolkata,0,71,360.63,1132,0,0,0.2678091118320717,264.05,0,0,3.1013698630136988,0,15,3,0,0,0
T100436,CUST7808,2023-12-18 12:51:00,6.04,Food,Debit Card,POS,Chennai,0,6,91.1,1011,0,0,0.06630076838638858,85.05999999999999,0,0,2.76986301369863,0,12,0,0,0,0
T100437,CUST5012,2023-05-25 20:47:00,138.01,Utilities,NetBanking,POS,Mumbai,0,51,354.98,70,0,0,0.38878246661783755,216.97000000000003,0,0,0.1917808219178082,0,20,3,0,0,0
T100438,CUST2560,2023-12-21 14:34:00,98.0,Fashion,UPI,POS,Bengaluru,0,99,78.59,767,0,0,1.2469779870212494,19.409999999999997,0,0,2.1013698630136988,0,14,3,0,0,0
T100439,CUST6532,2023-01-10 13:04:00,6.79,Fashion,UPI,Mobile,Delhi,0,178,314.07,1826,0,0,0.02161938421371032,307.28,0,0,5.002739726027397,0,13,1,0,0,0
T100440,CUST1279,2023-11-08 09:54:00,7.09,Grocery,Debit Card,Mobile,Kolkata,0,96,257.72,1298,0,0,0.02751047648610895,250.63000000000002,0,0,3.5561643835616437,0,9,2,0,0,0
T100441,CUST7367,2023-02-10 16:40:00,345.24,Food,NetBanking,Mobile,Chennai,0,142,156.06,1076,0,0,2.212226066897347,189.18,0,0,2.947945205479452,0,16,4,0,0,0
T100442,CUST7342,2023-04-24 21:35:00,37.51,Food,UPI,POS,Delhi,0,11,64.66,738,0,0,0.5801113516857408,27.15,0,0,2.021917808219178,0,21,0,0,0,0
T100443,CUST3997,2023-12-13 02:50:00,37.04,Electronics,Debit Card,Desktop,Bengaluru,0,10,370.57,265,0,0,0.09995412472677227,333.53,0,0,0.726027397260274,0,2,2,1,0,1
T100444,CUST2735,2023-06-01 13:26:00,134.05,Entertainment,NetBanking,POS,Chennai,0,189,197.08,155,0,0,0.6801806373046478,63.03,0,0,0.4246575342465753,0,13,3,0,0,0
T100445,CUST7309,2023-07-08 12:34:00,235.37,Utilities,PayPal,Desktop,Delhi,0,13,52.4,807,0,0,4.491793893129771,182.97,1,0,2.210958904109589,0,12,5,0,1,1
T100446,CUST5107,2023-04-15 08:13:00,341.5,Food,Credit Card,POS,Hyderabad,0,121,388.67,865,0,0,0.8786374044819513,47.170000000000016,0,0,2.3698630136986303,0,8,5,0,1,0
T100447,CUST9378,2023-02-01 11:27:00,111.99,Electronics,Debit Card,Desktop,Kolkata,0,162,124.12,169,0,0,0.9022719948436996,12.13000000000001,0,0,0.46301369863013697,0,11,2,0,0,0
T100448,CUST7673,2023-08-04 03:03:00,37.76,Utilities,Credit Card,POS,Hyderabad,0,60,370.86,908,0,0,0.10181739740063635,333.1,0,0,2.4876712328767123,0,3,4,1,0,1
T100449,CUST6227,2024-01-11 13:48:00,6.98,Travel,PayPal,POS,Mumbai,0,179,286.8,423,0,0,0.024337517433751742,279.82,0,0,1.158904109589041,0,13,3,0,0,0
T100450,CUST6520,2023-11-29 13:20:00,120.1,Travel,UPI,Desktop,Pune,0,5,105.32,857,0,0,1.1403342195214585,14.780000000000001,0,0,2.347945205479452,0,13,2,0,0,0
T100451,CUST1088,2023-05-18 09:20:00,65.39,Utilities,UPI,Desktop,Bengaluru,0,160,47.44,156,0,0,1.378372681281619,17.950000000000003,0,0,0.4273972602739726,0,9,3,0,0,0
T100452,CUST7665,2023-07-13 21:59:00,44.16,Travel,NetBanking,Desktop,Pune,0,12,300.69,1851,0,0,0.14686221690112738,256.53,0,0,5.071232876712329,0,21,3,0,0,0
T100453,CUST8205,2023-04-17 14:09:00,189.46,Health,Debit Card,Desktop,Pune,0,180,22.35,1167,0,0,8.47695749440716,167.11,1,0,3.197260273972603,0,14,0,0,0,1
T100454,CUST5400,2024-02-11 05:39:00,9.43,Food,Debit Card,Desktop,Delhi,0,141,42.08,1973,0,0,0.22409695817490494,32.65,0,0,5.405479452054794,0,5,6,0,1,0
T100455,CUST6109,2023-09-01 12:08:00,54.28,Health,NetBanking,Desktop,Mumbai,0,85,354.09,866,0,0,0.15329436019091192,299.80999999999995,0,0,2.372602739726027,0,12,4,0,0,0
T100456,CUST4140,2023-05-10 03:09:00,0.91,Entertainment,Credit Card,Desktop,Bengaluru,0,182,274.05,554,0,0,0.0033205619412515963,273.14,0,0,1.5178082191780822,0,3,2,1,0,1
T100457,CUST4931,2023-02-25 13:35:00,50.59,Food,UPI,Desktop,Hyderabad,0,117,169.88,1281,0,0,0.29779844596185545,119.28999999999999,0,0,3.5095890410958903,0,13,5,0,1,0
T100458,CUST2081,2023-07-27 17:09:00,4.64,Electronics,UPI,POS,Pune,0,122,274.22,1574,0,0,0.016920720589307853,269.58000000000004,0,0,4.3123287671232875,0,17,3,0,0,0
T100459,CUST8873,2023-02-11 03:42:00,10.12,Health,Debit Card,Desktop,Delhi,0,182,299.91,175,0,0,0.0337434563702444,289.79,0,0,0.4794520547945205,0,3,5,1,1,1
T100460,CUST5920,2023-12-01 12:39:00,10.0,Health,Debit Card,Desktop,Pune,1,41,286.99,1216,0,1,0.03484441966619046,276.99,0,0,3.3315068493150686,0,12,4,0,0,1
T100461,CUST7507,2023-05-21 13:42:00,83.81,Entertainment,NetBanking,POS,Chennai,0,48,324.85,764,0,0,0.2579959981529937,241.04000000000002,0,0,2.0931506849315067,0,13,6,0,1,0
T100462,CUST8234,2023-02-05 18:20:00,109.65,Health,PayPal,POS,Hyderabad,0,51,470.74,757,0,0,0.23293112971066832,361.09000000000003,0,0,2.073972602739726,0,18,6,0,1,0
T100463,CUST8243,2024-02-10 04:51:00,70.04,Fashion,Credit Card,Mobile,Pune,0,175,200.5,1953,0,1,0.3493266832917706,130.45999999999998,0,0,5.35068493150685,0,4,5,1,1,1
T100464,CUST1480,2023-08-15 13:42:00,261.98,Electronics,PayPal,Mobile,Chennai,0,178,157.56,198,0,0,1.6627316577811628,104.42000000000002,0,0,0.5424657534246575,0,13,1,0,0,0
T100465,CUST3697,2023-10-16 13:14:00,37.58,Travel,PayPal,Desktop,Chennai,1,118,28.83,1591,0,0,1.3035032951786334,8.75,0,0,4.358904109589041,0,13,0,0,0,1
T100466,CUST2535,2023-09-14 21:54:00,26.92,Electronics,Debit Card,Desktop,Delhi,0,96,82.07,1178,0,0,0.3280126721091751,55.14999999999999,0,0,3.2273972602739724,0,21,3,0,0,0
T100467,CUST9278,2023-05-09 23:01:00,162.36,Fashion,Debit Card,Mobile,Delhi,0,76,62.06,329,0,0,2.6161778923622303,100.30000000000001,0,0,0.9013698630136986,0,23,1,0,0,0
T100468,CUST3623,2023-04-04 08:07:00,20.25,Entertainment,Debit Card,Mobile,Chennai,0,46,174.37,1303,0,0,0.11613236221827149,154.12,0,0,3.56986301369863,0,8,1,0,0,0
T100469,CUST6042,2023-02-20 16:09:00,264.23,Entertainment,PayPal,Desktop,Mumbai,0,100,308.9,967,0,0,0.8553900938815152,44.66999999999996,0,0,2.649315068493151,0,16,0,0,0,0
T100470,CUST9752,2023-01-15 14:33:00,0.98,Food,Credit Card,Mobile,Pune,0,38,32.7,551,0,0,0.029969418960244645,31.720000000000002,0,0,1.5095890410958903,0,14,6,0,1,0
T100471,CUST8791,2023-04-16 08:04:00,280.2,Electronics,Debit Card,Desktop,Chennai,0,92,366.56,134,0,0,0.7644041903099082,86.36000000000001,0,0,0.36712328767123287,0,8,6,0,1,0
T100472,CUST6570,2023-07-24 04:20:00,3.53,Utilities,UPI,POS,Chennai,0,141,204.74,647,0,0,0.017241379310344827,201.21,0,0,1.7726027397260273,0,4,0,1,0,1
T100473,CUST9202,2024-01-27 01:14:00,177.42,Utilities,Credit Card,POS,Delhi,0,150,482.12,998,0,0,0.36799966813241514,304.70000000000005,0,0,2.734246575342466,0,1,5,1,1,1
T100474,CUST6989,2024-02-08 18:02:00,60.01,Entertainment,UPI,Mobile,Pune,0,130,288.51,1566,1,0,0.20799972271325085,228.5,0,0,4.2904109589041095,0,18,3,0,0,1
T100475,CUST6478,2023-04-26 11:10:00,396.55,Health,Credit Card,POS,Bengaluru,0,93,387.97,1747,0,0,1.0221151119931953,8.579999999999984,0,0,4.786301369863014,0,11,2,0,0,0
T100476,CUST2313,2023-12-30 01:09:00,6.13,Entertainment,Debit Card,POS,Hyderabad,0,77,431.98,1965,0,0,0.014190471781100975,425.85,0,0,5.383561643835616,0,1,5,1,1,1
T100477,CUST4498,2023-11-29 06:12:00,64.57,Entertainment,NetBanking,POS,Delhi,0,13,445.53,535,0,0,0.14492851210917335,380.96,0,0,1.4657534246575343,0,6,2,0,0,0
T100478,CUST8132,2023-06-20 22:32:00,278.69,Entertainment,Debit Card,POS,Pune,0,57,264.05,331,0,0,1.0554440446885058,14.639999999999986,0,0,0.9068493150684932,0,22,1,0,0,0
T100479,CUST6092,2023-07-10 06:13:00,59.24,Entertainment,PayPal,Desktop,Pune,0,162,204.4,682,0,0,0.2898238747553816,145.16,0,0,1.8684931506849316,0,6,0,0,0,0
T100480,CUST6821,2023-12-29 08:36:00,79.41,Utilities,PayPal,Desktop,Kolkata,0,147,284.65,1283,0,0,0.27897417881608993,205.23999999999998,0,0,3.515068493150685,0,8,4,0,0,0
T100481,CUST4385,2023-07-07 03:01:00,95.19,Utilities,Credit Card,Mobile,Mumbai,0,137,207.01,93,0,0,0.4598328583160234,111.82,0,0,0.2547945205479452,0,3,4,1,0,1
T100482,CUST6719,2024-01-09 04:40:00,48.49,Travel,PayPal,POS,Hyderabad,0,116,127.95,619,0,1,0.37897616256350136,79.46000000000001,0,0,1.6958904109589041,0,4,1,1,0,1
T100483,CUST1095,2023-09-11 19:45:00,79.01,Travel,Debit Card,POS,Delhi,0,95,168.72,261,0,0,0.4682906590801328,89.71,0,0,0.7150684931506849,0,19,0,0,0,0
T100484,CUST2248,2023-09-29 11:03:00,70.23,Food,UPI,POS,Delhi,0,161,124.06,1652,0,0,0.5660970498146058,53.83,0,0,4.526027397260274,0,11,4,0,0,0
T100485,CUST2072,2023-06-02 01:18:00,185.14,Entertainment,Debit Card,Mobile,Bengaluru,0,155,142.02,1236,0,0,1.303619208562174,43.119999999999976,0,0,3.3863013698630136,0,1,4,1,0,1
T100486,CUST7861,2024-02-03 05:21:00,3.72,Utilities,Credit Card,Desktop,Kolkata,0,173,55.87,348,0,0,0.06658313943082156,52.15,0,0,0.9534246575342465,0,5,5,0,1,0
T100487,CUST7256,2023-06-10 09:49:00,26.39,Electronics,PayPal,POS,Kolkata,0,130,218.97,1711,0,0,0.1205187925286569,192.57999999999998,0,0,4.6876712328767125,0,9,5,0,1,0
T100488,CUST7985,2023-01-04 20:54:00,240.32,Fashion,UPI,Desktop,Mumbai,0,79,125.29,858,0,0,1.9181099848351821,115.02999999999999,0,0,2.350684931506849,0,20,2,0,0,0
T100489,CUST9652,2023-09-04 11:21:00,176.77,Food,NetBanking,Mobile,Kolkata,0,57,229.7,121,0,0,0.7695690030474532,52.92999999999998,0,0,0.3315068493150685,0,11,0,0,0,0
T100490,CUST6096,2024-01-31 12:10:00,48.65,Utilities,UPI,Desktop,Mumbai,0,95,398.18,1688,0,0,0.12218092320056255,349.53000000000003,0,0,4.624657534246575,0,12,2,0,0,0
T100491,CUST9803,2023-04-30 08:14:00,77.43,Electronics,UPI,POS,Pune,0,57,229.67,1841,0,0,0.3371358906256804,152.23999999999998,0,0,5.043835616438356,0,8,6,0,1,0
T100492,CUST1712,2023-10-25 15:09:00,25.99,Entertainment,Debit Card,Desktop,Pune,0,144,477.76,990,0,0,0.05439969859343603,451.77,0,0,2.712328767123288,0,15,2,0,0,0
T100493,CUST5675,2023-10-31 22:30:00,16.67,Grocery,NetBanking,Desktop,Delhi,0,107,82.44,93,0,0,0.20220766618146532,65.77,0,0,0.2547945205479452,0,22,1,0,0,0
T100494,CUST7218,2023-04-03 12:18:00,49.84,Entertainment,Credit Card,Mobile,Bengaluru,0,79,426.63,873,1,1,0.11682253943698287,376.78999999999996,0,0,2.3917808219178083,0,12,0,0,0,1
T100495,CUST7586,2023-07-18 10:23:00,34.88,Travel,Credit Card,Mobile,Delhi,0,134,131.65,248,0,0,0.26494492973794154,96.77000000000001,0,0,0.6794520547945205,0,10,1,0,0,0
T100496,CUST9010,2023-02-17 11:43:00,70.1,Fashion,UPI,Mobile,Kolkata,1,14,467.63,733,0,0,0.14990483929602463,397.53,0,0,2.0082191780821916,0,11,4,0,0,1
T100497,CUST7168,2023-11-24 20:47:00,6.47,Utilities,UPI,Mobile,Chennai,0,27,121.3,648,0,0,0.05333882934872217,114.83,0,0,1.7753424657534247,0,20,4,0,0,0
T100498,CUST2194,2023-04-24 20:06:00,293.2,Utilities,PayPal,Desktop,Pune,0,38,376.01,1962,0,0,0.7797664955719262,82.81,0,0,5.375342465753425,0,20,0,0,0,0
T100499,CUST6464,2023-04-30 07:51:00,342.71,Health,NetBanking,Desktop,Chennai,0,147,40.44,276,0,0,8.474530168150347,302.27,1,0,0.7561643835616438,0,7,6,0,1,1
T100500,CUST5321,2023-11-30 12:28:00,95.83,Fashion,UPI,Mobile,Kolkata,0,165,318.61,993,1,1,0.30077524245943316,222.78000000000003,0,0,2.7205479452054795,0,12,3,0,0,1
T100501,CUST1302,2023-08-28 14:16:00,61.45,Health,PayPal,Mobile,Bengaluru,0,127,117.15,1526,0,0,0.5245411865130175,55.7,0,0,4.1808219178082195,0,14,0,0,0,0
T100502,CUST8188,2023-08-31 01:35:00,29.63,Fashion,NetBanking,POS,Delhi,0,4,338.38,1043,0,1,0.0875642768485135,308.75,0,0,2.8575342465753426,1,1,3,1,0,1
T100503,CUST6228,2023-05-18 23:42:00,134.47,Travel,Credit Card,POS,Pune,0,58,321.56,86,0,0,0.41818012190570963,187.09,0,0,0.2356164383561644,0,23,3,0,0,0
T100504,CUST6915,2024-01-13 20:22:00,92.35,Health,PayPal,Mobile,Bengaluru,0,137,462.61,1098,0,0,0.1996281965370398,370.26,0,0,3.0082191780821916,0,20,5,0,1,0
T100505,CUST3022,2024-01-23 23:39:00,14.2,Electronics,NetBanking,Desktop,Delhi,0,113,317.07,1941,0,0,0.04478506323524774,302.87,0,0,5.317808219178082,0,23,1,0,0,0
T100506,CUST3487,2023-02-09 19:24:00,193.46,Health,PayPal,Mobile,Delhi,0,168,210.04,1139,0,0,0.921062654732432,16.579999999999984,0,0,3.1205479452054794,0,19,3,0,0,0
T100507,CUST5258,2024-01-29 17:53:00,138.32,Food,UPI,Desktop,Chennai,0,143,104.85,1091,0,0,1.3192179303767286,33.47,0,0,2.989041095890411,0,17,0,0,0,0
T100508,CUST4133,2023-01-01 22:32:00,239.34,Electronics,Debit Card,Desktop,Hyderabad,0,4,332.15,211,0,0,0.7205780520849014,92.80999999999997,0,0,0.5780821917808219,1,22,6,0,1,0
T100509,CUST4712,2023-07-13 19:39:00,103.49,Food,Credit Card,POS,Kolkata,0,52,67.02,193,1,1,1.5441659206207103,36.47,0,0,0.5287671232876713,0,19,3,0,0,1
T100510,CUST6278,2023-07-12 08:01:00,76.03,Entertainment,UPI,Mobile,Mumbai,0,146,415.97,786,0,0,0.18277760415414573,339.94000000000005,0,0,2.1534246575342464,0,8,2,0,0,0
T100511,CUST3166,2023-09-23 16:57:00,43.34,Fashion,UPI,Mobile,Pune,0,181,131.19,1888,0,0,0.3303605457733059,87.85,0,0,5.1726027397260275,0,16,5,0,1,0
T100512,CUST9660,2023-09-28 13:33:00,215.92,Electronics,NetBanking,Desktop,Mumbai,0,187,266.84,1942,0,0,0.8091740368760306,50.91999999999999,0,0,5.32054794520548,0,13,3,0,0,0
T100513,CUST8211,2023-05-05 21:50:00,160.83,Fashion,PayPal,Mobile,Bengaluru,0,99,302.01,155,0,0,0.5325320353630675,141.17999999999998,0,0,0.4246575342465753,0,21,4,0,0,0
T100514,CUST1837,2023-01-01 12:08:00,3.7,Entertainment,Credit Card,POS,Mumbai,0,182,187.62,1260,0,0,0.019720712077603668,183.92000000000002,0,0,3.452054794520548,0,12,6,0,1,0
T100515,CUST5170,2023-04-03 17:32:00,2.14,Grocery,UPI,POS,Chennai,0,169,335.3,296,0,0,0.006382344169400537,333.16,0,0,0.810958904109589,0,17,0,0,0,0
T100516,CUST6866,2024-02-13 20:38:00,37.79,Utilities,NetBanking,Mobile,Hyderabad,0,188,132.61,383,0,0,0.2849709674986803,94.82000000000002,0,0,1.0493150684931507,0,20,1,0,0,0
T100517,CUST9160,2023-02-27 23:15:00,133.09,Fashion,Credit Card,Mobile,Pune,0,93,26.97,1464,0,0,4.934742306266222,106.12,1,0,4.010958904109589,0,23,0,0,0,1
T100518,CUST4584,2023-02-01 06:46:00,349.14,Entertainment,PayPal,POS,Kolkata,0,117,480.04,1652,0,0,0.7273143904674609,130.90000000000003,0,0,4.526027397260274,0,6,2,0,0,0
T100519,CUST3512,2024-01-10 14:33:00,13.04,Fashion,UPI,Mobile,Delhi,0,4,166.82,1710,0,0,0.07816808536146745,153.78,0,0,4.684931506849315,1,14,2,0,0,0
T100520,CUST3741,2024-02-04 15:10:00,72.14,Entertainment,UPI,Desktop,Delhi,0,85,359.6,1175,0,0,0.20061179087875416,287.46000000000004,0,0,3.219178082191781,0,15,6,0,1,0
T100521,CUST4733,2023-05-25 11:53:00,38.36,Food,UPI,Mobile,Kolkata,0,167,258.69,1561,0,0,0.1482855927944644,220.32999999999998,0,0,4.276712328767124,0,11,3,0,0,0
T100522,CUST5950,2023-01-31 07:32:00,280.3,Entertainment,Credit Card,Desktop,Chennai,0,7,337.81,639,0,0,0.8297563719250467,57.50999999999999,0,0,1.7506849315068493,0,7,1,0,0,0
T100523,CUST5301,2024-01-02 15:03:00,147.67,Health,Credit Card,Mobile,Pune,0,125,64.36,498,0,0,2.294437538844002,83.30999999999999,0,0,1.3643835616438356,0,15,1,0,0,0
T100524,CUST2499,2024-01-22 17:33:00,145.78,Grocery,Credit Card,Mobile,Mumbai,0,151,264.24,830,0,0,0.5516954283984257,118.46000000000001,0,0,2.2739726027397262,0,17,0,0,0,0
T100525,CUST9080,2023-11-17 20:18:00,50.59,Fashion,Credit Card,POS,Kolkata,0,85,202.19,162,0,0,0.2502101983283051,151.6,0,0,0.4438356164383562,0,20,4,0,0,0
T100526,CUST2866,2023-12-19 19:49:00,42.87,Entertainment,NetBanking,Desktop,Delhi,0,63,231.41,1432,0,0,0.1852556069314204,188.54,0,0,3.9232876712328766,0,19,1,0,0,0
T100527,CUST3383,2023-01-13 11:03:00,25.55,Entertainment,Debit Card,POS,Mumbai,0,193,483.44,1041,0,0,0.052850405427767665,457.89,0,0,2.852054794520548,0,11,4,0,0,0
T100528,CUST7253,2024-01-26 09:27:00,4.64,Fashion,NetBanking,Mobile,Chennai,0,123,76.78,878,0,0,0.060432404271945815,72.14,0,0,2.4054794520547946,0,9,4,0,0,0
T100529,CUST9548,2023-10-27 09:55:00,160.03,Utilities,UPI,POS,Delhi,0,169,379.8,1049,1,0,0.4213533438651922,219.77,0,0,2.873972602739726,0,9,4,0,0,1
T100530,CUST1839,2023-05-23 23:02:00,134.09,Grocery,NetBanking,Mobile,Bengaluru,0,89,171.87,347,0,0,0.7801826962238901,37.78,0,0,0.9506849315068493,0,23,1,0,0,0
T100531,CUST9184,2023-07-25 00:29:00,653.8,Grocery,PayPal,Mobile,Hyderabad,0,95,152.28,1630,0,1,4.293406882059364,501.52,1,0,4.465753424657534,0,0,1,1,0,2
T100532,CUST6030,2023-05-29 07:51:00,455.59,Entertainment,Credit Card,Mobile,Mumbai,0,119,142.68,740,0,0,3.1930894308943087,312.90999999999997,1,0,2.0273972602739727,0,7,0,0,0,1
T100533,CUST3551,2023-10-13 23:26:00,64.85,Electronics,PayPal,Desktop,Kolkata,0,44,180.9,1178,0,0,0.35848535102266443,116.05000000000001,0,0,3.2273972602739724,0,23,4,0,0,0
T100534,CUST8276,2023-01-12 12:30:00,117.22,Food,PayPal,Desktop,Pune,0,102,184.99,480,0,0,0.6336558732904481,67.77000000000001,0,0,1.3150684931506849,0,12,3,0,0,0
T100535,CUST5320,2023-11-27 12:43:00,231.69,Grocery,UPI,Desktop,Mumbai,0,45,142.67,1911,0,0,1.623957384173267,89.02000000000001,0,0,5.235616438356164,0,12,0,0,0,0
T100536,CUST3468,2024-02-11 07:52:00,151.58,Grocery,Credit Card,POS,Mumbai,0,197,337.07,1773,0,0,0.4496988756044739,185.48999999999998,0,0,4.857534246575343,0,7,6,0,1,0
T100537,CUST6142,2023-09-06 10:57:00,22.73,Travel,PayPal,Mobile,Mumbai,0,117,33.38,1261,0,0,0.6809466746554823,10.650000000000002,0,0,3.4547945205479453,0,10,2,0,0,0
T100538,CUST6521,2023-11-10 10:27:00,47.91,Health,UPI,POS,Kolkata,0,51,172.82,1353,0,0,0.27722485823400067,124.91,0,0,3.706849315068493,0,10,4,0,0,0
T100539,CUST4950,2023-08-30 19:47:00,11.06,Grocery,Credit Card,POS,Chennai,0,65,147.3,1542,0,0,0.07508486082824169,136.24,0,0,4.2246575342465755,0,19,2,0,0,0
T100540,CUST4899,2023-08-02 22:13:00,246.42,Food,Debit Card,Mobile,Chennai,0,54,378.19,662,0,0,0.6515772495306592,131.77,0,0,1.8136986301369864,0,22,2,0,0,0
T100541,CUST3183,2023-11-13 19:20:00,74.55,Health,UPI,POS,Pune,0,184,81.78,171,0,0,0.9115920763022743,7.230000000000004,0,0,0.4684931506849315,0,19,0,0,0,0
T100542,CUST9701,2023-06-04 22:21:00,20.77,Health,NetBanking,Mobile,Chennai,0,72,470.94,1033,0,0,0.04410328279610991,450.17,0,0,2.83013698630137,0,22,6,0,1,0
T100543,CUST6698,2023-03-24 12:06:00,89.11,Fashion,Credit Card,Mobile,Kolkata,0,120,93.55,1527,0,0,0.9525387493319081,4.439999999999998,0,0,4.183561643835616,0,12,4,0,0,0
T100544,CUST1985,2024-02-16 03:47:00,77.01,Fashion,PayPal,Mobile,Pune,0,168,191.31,888,0,0,0.40254037948878785,114.3,0,0,2.4328767123287673,0,3,4,1,0,1
T100545,CUST4937,2023-04-06 06:47:00,35.47,Fashion,PayPal,Mobile,Pune,0,186,107.85,598,0,0,0.3288827074640705,72.38,0,0,1.6383561643835616,0,6,3,0,0,0
T100546,CUST9588,2023-05-20 18:45:00,9.64,Fashion,NetBanking,POS,Chennai,0,143,150.48,333,0,0,0.06406166932482722,140.83999999999997,0,0,0.9123287671232877,0,18,5,0,1,0
T100547,CUST6878,2023-11-04 22:24:00,89.08,Travel,NetBanking,POS,Delhi,0,19,382.9,686,0,0,0.2326455993732045,293.82,0,0,1.8794520547945206,0,22,5,0,1,0
T100548,CUST9039,2023-01-21 06:57:00,58.77,Grocery,PayPal,POS,Chennai,0,10,243.44,1609,0,0,0.2414147223135064,184.67,0,0,4.4082191780821915,0,6,5,0,1,0
T100549,CUST2281,2023-06-11 03:44:00,118.38,Fashion,Credit Card,Desktop,Delhi,0,16,89.66,673,0,0,1.3203212134731206,28.72,0,0,1.8438356164383563,0,3,6,1,1,1
T100550,CUST4709,2023-08-18 05:27:00,58.74,Entertainment,UPI,POS,Bengaluru,0,171,32.85,622,0,1,1.7881278538812786,25.89,0,0,1.704109589041096,0,5,4,0,0,0
T100551,CUST9188,2023-12-04 09:40:00,152.94,Electronics,NetBanking,POS,Chennai,0,159,122.66,1918,0,0,1.2468612424588292,30.28,0,0,5.254794520547946,0,9,0,0,0,0
T100552,CUST1919,2023-07-21 23:33:00,64.22,Fashion,NetBanking,Desktop,Bengaluru,0,108,473.35,59,0,0,0.13567127918031055,409.13,0,0,0.16164383561643836,0,23,4,0,0,0
T100553,CUST9065,2023-01-09 05:53:00,65.85,Grocery,NetBanking,Mobile,Chennai,0,16,424.21,1430,0,1,0.15522972112868627,358.36,0,0,3.9178082191780823,0,5,0,0,0,0
T100554,CUST6016,2023-03-20 13:14:00,167.42,Fashion,Debit Card,Mobile,Bengaluru,0,80,225.69,1394,0,0,0.7418139926447782,58.27000000000001,0,0,3.819178082191781,0,13,0,0,0,0
T100555,CUST7553,2023-10-01 04:04:00,41.33,Travel,Credit Card,Mobile,Hyderabad,0,28,246.18,1262,0,0,0.16788528718823623,204.85000000000002,0,0,3.4575342465753423,0,4,6,1,1,1
T100556,CUST3652,2023-01-13 09:22:00,11.51,Food,Credit Card,Desktop,Bengaluru,0,190,450.69,1296,0,0,0.025538618562648382,439.18,0,0,3.5506849315068494,0,9,4,0,0,0
T100557,CUST4943,2023-02-10 15:03:00,2.34,Food,Credit Card,POS,Delhi,1,148,299.76,724,0,1,0.007806244995996798,297.42,0,0,1.9835616438356165,0,15,4,0,0,1
T100558,CUST3292,2023-08-22 18:56:00,112.56,Grocery,Credit Card,POS,Mumbai,0,163,441.58,187,0,0,0.2549028488609086,329.02,0,0,0.5123287671232877,0,18,1,0,0,0
T100559,CUST6502,2023-10-27 22:16:00,77.47,Entertainment,Credit Card,POS,Pune,0,187,251.0,175,0,0,0.30864541832669323,173.53,0,0,0.4794520547945205,0,22,4,0,0,0
T100560,CUST5025,2023-10-22 14:43:00,97.41,Food,PayPal,POS,Bengaluru,0,9,108.05,369,0,0,0.9015270708005553,10.64,0,0,1.010958904109589,0,14,6,0,1,0
T100561,CUST7464,2023-03-16 07:55:00,19.16,Utilities,NetBanking,Desktop,Mumbai,0,104,365.7,895,0,0,0.05239267158873394,346.53999999999996,0,0,2.452054794520548,0,7,3,0,0,0
T100562,CUST5937,2023-01-16 14:41:00,11.73,Food,PayPal,POS,Kolkata,0,138,267.93,1798,0,0,0.04378009181502631,256.2,0,0,4.926027397260274,0,14,0,0,0,0
T100563,CUST5663,2023-02-20 20:36:00,1.17,Electronics,Debit Card,Mobile,Hyderabad,0,45,337.54,121,0,0,0.003466255851158381,336.37,0,0,0.3315068493150685,0,20,0,0,0,0
T100564,CUST6413,2023-03-22 01:48:00,34.53,Grocery,UPI,Desktop,Hyderabad,0,109,87.04,358,0,0,0.39671415441176466,52.510000000000005,0,0,0.9808219178082191,0,1,2,1,0,1
T100565,CUST8915,2023-09-12 04:22:00,71.31,Entertainment,NetBanking,Desktop,Kolkata,0,143,327.32,201,0,0,0.21786019797140413,256.01,0,0,0.5506849315068493,0,4,1,1,0,1
T100566,CUST2686,2023-09-18 12:01:00,39.84,Grocery,Debit Card,Mobile,Kolkata,0,30,197.31,731,0,0,0.20191576706705186,157.47,0,0,2.0027397260273974,0,12,0,0,0,0
T100567,CUST9457,2023-11-13 11:28:00,46.03,Food,PayPal,Mobile,Kolkata,0,48,172.68,1084,0,0,0.2665624276117674,126.65,0,0,2.96986301369863,0,11,0,0,0,0
T100568,CUST1747,2023-03-02 22:24:00,187.6,Food,UPI,POS,Delhi,0,168,339.02,650,0,0,0.5533596837944664,151.42,0,0,1.7808219178082192,0,22,3,0,0,0
T100569,CUST7381,2023-07-26 23:46:00,34.25,Food,Debit Card,Mobile,Kolkata,0,91,300.2,301,0,0,0.11409060626249168,265.95,0,0,0.8246575342465754,0,23,2,0,0,0
T100570,CUST6360,2023-05-28 12:12:00,57.72,Health,UPI,Desktop,Delhi,0,91,328.06,1148,0,0,0.17594342498323476,270.34000000000003,0,0,3.1452054794520548,0,12,6,0,1,0
T100571,CUST8529,2024-02-14 03:47:00,122.47,Travel,Debit Card,Desktop,Bengaluru,0,74,483.01,1018,0,0,0.25355582700151136,360.53999999999996,0,0,2.789041095890411,0,3,2,1,0,1
T100572,CUST9858,2023-11-03 00:23:00,40.41,Fashion,PayPal,Desktop,Chennai,0,44,353.59,106,0,0,0.11428490624734862,313.17999999999995,0,0,0.29041095890410956,0,0,4,1,0,1
T100573,CUST7327,2023-04-18 23:59:00,77.85,Utilities,UPI,POS,Kolkata,0,174,324.04,180,0,0,0.24024811751635597,246.19000000000003,0,0,0.4931506849315068,0,23,1,0,0,0
T100574,CUST6225,2023-02-04 16:19:00,158.65,Travel,Debit Card,POS,Kolkata,1,134,310.64,171,0,0,0.5107198042750452,151.98999999999998,0,0,0.4684931506849315,0,16,5,0,1,1
T100575,CUST5355,2023-04-05 22:06:00,238.9,Grocery,PayPal,Mobile,Hyderabad,0,117,205.37,260,0,0,1.1632662998490528,33.53,0,0,0.7123287671232876,0,22,2,0,0,0
T100576,CUST5566,2023-10-09 17:44:00,12.73,Utilities,NetBanking,POS,Mumbai,0,24,421.2,1823,0,0,0.030223171889838557,408.46999999999997,0,0,4.994520547945205,0,17,0,0,0,0
T100577,CUST5617,2023-01-20 15:13:00,208.93,Electronics,PayPal,POS,Chennai,0,7,196.66,1961,0,0,1.0623919454896777,12.27000000000001,0,0,5.372602739726028,0,15,4,0,0,0
T100578,CUST3998,2023-02-25 21:29:00,54.2,Fashion,PayPal,Desktop,Hyderabad,0,6,353.12,983,0,0,0.15348889895786136,298.92,0,0,2.6931506849315068,0,21,5,0,1,0
T100579,CUST4471,2024-02-03 10:55:00,23.9,Electronics,NetBanking,Desktop,Bengaluru,0,118,153.64,157,0,0,0.1555584483207498,129.73999999999998,0,0,0.4301369863013699,0,10,5,0,1,0
T100580,CUST7310,2023-05-12 10:57:00,49.17,Entertainment,PayPal,Mobile,Kolkata,0,161,82.4,889,0,0,0.5967233009708738,33.230000000000004,0,0,2.4356164383561643,0,10,4,0,0,0
T100581,CUST2511,2023-01-26 07:16:00,313.09,Health,NetBanking,Desktop,Hyderabad,1,85,73.58,1789,0,0,4.2550964936123945,239.51,1,0,4.901369863013699,0,7,3,0,0,2
T100582,CUST3244,2023-04-25 23:08:00,54.28,Grocery,NetBanking,POS,Delhi,0,110,320.93,725,0,0,0.16913345589380863,266.65,0,0,1.9863013698630136,0,23,1,0,0,0
T100583,CUST6915,2023-08-30 07:57:00,31.89,Health,NetBanking,Mobile,Mumbai,0,166,170.7,526,0,0,0.18681898066783834,138.81,0,0,1.441095890410959,0,7,2,0,0,0
T100584,CUST1076,2024-02-03 21:33:00,80.28,Grocery,Debit Card,Mobile,Mumbai,1,172,144.77,1333,0,0,0.5545347793051046,64.49000000000001,0,0,3.652054794520548,0,21,5,0,1,1
T100585,CUST9688,2023-03-26 03:28:00,21.97,Electronics,UPI,Desktop,Delhi,0,145,300.11,1858,0,0,0.0732064909533171,278.14,0,0,5.090410958904109,0,3,6,1,1,1
T100586,CUST5051,2023-02-16 19:24:00,6.31,Electronics,Debit Card,Desktop,Kolkata,0,31,22.58,1594,0,0,0.27945084145261295,16.27,0,0,4.367123287671233,0,19,3,0,0,0
T100587,CUST7072,2023-03-24 20:01:00,11.04,Electronics,NetBanking,Desktop,Kolkata,0,165,130.65,839,0,0,0.08450057405281285,119.61000000000001,0,0,2.2986301369863016,0,20,4,0,0,0
T100588,CUST2301,2023-06-20 19:53:00,10.96,Grocery,UPI,Mobile,Chennai,0,139,176.87,1583,0,0,0.061966416011760055,165.91,0,0,4.336986301369863,0,19,1,0,0,0
T100589,CUST6687,2023-06-25 01:11:00,13.18,Food,UPI,Desktop,Delhi,0,133,357.1,160,0,0,0.03690842901148138,343.92,0,0,0.4383561643835616,0,1,6,1,1,1
T100590,CUST7936,2023-06-18 19:35:00,11.96,Electronics,NetBanking,POS,Kolkata,0,64,277.05,1514,0,0,0.04316910304999098,265.09000000000003,0,0,4.147945205479452,0,19,6,0,1,0
T100591,CUST8546,2023-07-14 08:53:00,81.93,Health,UPI,Mobile,Mumbai,1,76,429.43,298,0,0,0.19078778846377759,347.5,0,0,0.8164383561643835,0,8,4,0,0,1
T100592,CUST9267,2023-08-07 05:14:00,16.06,Entertainment,UPI,Desktop,Kolkata,0,131,173.91,647,0,1,0.09234661606578115,157.85,0,0,1.7726027397260273,0,5,0,0,0,0
T100593,CUST9252,2023-06-10 07:27:00,33.93,Fashion,Debit Card,POS,Bengaluru,0,56,155.26,1722,0,0,0.2185366482030143,121.32999999999998,0,0,4.717808219178083,0,7,5,0,1,0
T100594,CUST4054,2024-01-01 14:01:00,181.68,Grocery,UPI,POS,Kolkata,0,63,26.27,991,0,0,6.9158736200989726,155.41,1,0,2.7150684931506848,0,14,0,0,0,1
T100595,CUST8300,2023-10-07 05:39:00,51.39,Utilities,NetBanking,Desktop,Chennai,0,105,476.34,1624,0,0,0.1078851240710417,424.95,0,0,4.449315068493151,0,5,5,0,1,0
T100596,CUST4226,2023-11-25 05:17:00,88.1,Health,Credit Card,POS,Pune,0,38,255.73,1657,0,0,0.34450396902983615,167.63,0,0,4.53972602739726,0,5,5,0,1,0
T100597,CUST8244,2023-06-15 03:51:00,15.13,Travel,Credit Card,Mobile,Hyderabad,0,54,256.24,1997,0,0,0.05904620668123634,241.11,0,0,5.471232876712329,0,3,3,1,0,1
T100598,CUST1588,2023-11-29 20:13:00,17.08,Entertainment,Credit Card,Mobile,Pune,0,130,462.48,1313,0,0,0.03693132676007611,445.40000000000003,0,0,3.5972602739726027,0,20,2,0,0,0
T100599,CUST2648,2023-11-26 22:26:00,3.34,Travel,NetBanking,POS,Bengaluru,0,2,152.06,1104,0,0,0.021965013810338024,148.72,0,0,3.0246575342465754,1,22,6,0,1,0
T100600,CUST6610,2023-02-23 12:54:00,14.8,Fashion,Credit Card,Mobile,Pune,0,140,172.73,1186,0,0,0.08568285763908992,157.92999999999998,0,0,3.249315068493151,0,12,3,0,0,0
T100601,CUST7778,2023-10-16 11:58:00,26.12,Food,Debit Card,Desktop,Kolkata,0,40,331.61,1732,0,0,0.07876722656132204,305.49,0,0,4.745205479452054,0,11,0,0,0,0
T100602,CUST5307,2023-05-08 22:19:00,15.58,Electronics,NetBanking,POS,Chennai,0,2,394.74,838,0,0,0.039469017581192686,379.16,0,0,2.2958904109589042,1,22,0,0,0,0
T100603,CUST3015,2023-08-16 03:07:00,7.43,Grocery,NetBanking,Mobile,Mumbai,0,105,352.66,1058,0,0,0.021068451199455565,345.23,0,0,2.8986301369863012,0,3,2,1,0,1
T100604,CUST3680,2023-07-13 19:37:00,10.28,Health,NetBanking,Desktop,Mumbai,0,125,396.47,677,0,0,0.02592882185285141,386.19000000000005,0,0,1.8547945205479452,0,19,3,0,0,0
T100605,CUST4148,2023-07-06 09:08:00,49.41,Utilities,UPI,Desktop,Bengaluru,0,80,291.8,767,0,0,0.16932830705962987,242.39000000000001,0,0,2.1013698630136988,0,9,3,0,0,0
T100606,CUST2021,2024-02-11 05:30:00,18.49,Electronics,UPI,Mobile,Pune,0,185,432.78,531,1,0,0.04272378575719765,414.28999999999996,0,0,1.4547945205479451,0,5,6,0,1,1
T100607,CUST7228,2023-12-16 09:50:00,36.24,Health,UPI,POS,Chennai,0,47,279.55,1237,0,0,0.12963691647290287,243.31,0,0,3.389041095890411,0,9,5,0,1,0
T100608,CUST3130,2024-01-31 15:22:00,56.0,Grocery,PayPal,Desktop,Hyderabad,1,164,122.38,438,0,0,0.45759110965844096,66.38,0,0,1.2,0,15,2,0,0,1
T100609,CUST8570,2023-09-17 07:35:00,93.8,Travel,Debit Card,Desktop,Kolkata,0,132,275.43,1144,0,0,0.3405583995933631,181.63,0,0,3.1342465753424658,0,7,6,0,1,0
T100610,CUST4402,2023-04-29 21:38:00,3.21,Electronics,NetBanking,Desktop,Pune,0,152,359.34,1489,0,0,0.008933043913842044,356.13,0,0,4.079452054794521,0,21,5,0,1,0
T100611,CUST2929,2023-10-25 06:18:00,128.52,Fashion,NetBanking,Desktop,Pune,1,91,330.25,849,0,0,0.3891597274791825,201.73,0,0,2.326027397260274,0,6,2,0,0,1
T100612,CUST5543,2023-05-06 22:23:00,79.09,Food,UPI,POS,Hyderabad,0,101,129.08,932,0,0,0.6127207933064766,49.99000000000001,0,0,2.5534246575342467,0,22,5,0,1,0
T100613,CUST4993,2023-02-19 13:01:00,6.82,Fashion,NetBanking,Mobile,Delhi,0,190,30.13,218,0,0,0.22635247261865252,23.31,0,0,0.5972602739726027,0,13,6,0,1,0
T100614,CUST8245,2023-08-03 01:09:00,165.45,Food,NetBanking,Mobile,Kolkata,0,130,133.72,1533,0,0,1.2372868680825606,31.72999999999999,0,0,4.2,0,1,3,1,0,1
T100615,CUST1473,2023-05-17 07:29:00,202.94,Entertainment,Credit Card,Mobile,Bengaluru,0,15,492.18,1010,0,0,0.4123288227884107,289.24,0,0,2.767123287671233,0,7,2,0,0,0
T100616,CUST1015,2023-09-27 07:48:00,5.04,Health,NetBanking,Desktop,Kolkata,0,49,100.39,844,0,0,0.050204203605936845,95.35,0,0,2.3123287671232875,0,7,2,0,0,0
T100617,CUST4715,2023-01-26 18:46:00,25.93,Electronics,PayPal,POS,Chennai,0,112,237.54,412,0,0,0.10916056243159047,211.60999999999999,0,0,1.1287671232876713,0,18,3,0,0,0
T100618,CUST3865,2023-10-18 08:58:00,131.27,Electronics,UPI,Mobile,Bengaluru,0,35,322.79,879,0,0,0.4066730691781034,191.52,0,0,2.408219178082192,0,8,2,0,0,0
T100619,CUST9369,2023-05-01 17:36:00,110.35,Entertainment,Debit Card,POS,Hyderabad,0,116,440.94,1375,0,0,0.2502608064589286,330.59000000000003,0,0,3.767123287671233,0,17,0,0,0,0
T100620,CUST2297,2023-04-18 22:35:00,16.32,Food,Debit Card,Mobile,Chennai,0,94,382.53,1496,0,0,0.042663320523880485,366.21,0,0,4.098630136986301,0,22,1,0,0,0
T100621,CUST1005,2023-04-02 05:06:00,18.79,Travel,Credit Card,Desktop,Mumbai,0,175,455.39,519,0,0,0.04126133643690024,436.59999999999997,0,0,1.4219178082191781,0,5,6,0,1,0
T100622,CUST1454,2023-08-24 13:35:00,37.02,Grocery,Debit Card,Mobile,Mumbai,0,24,306.15,1186,0,0,0.12092111709946107,269.13,0,0,3.249315068493151,0,13,3,0,0,0
T100623,CUST7699,2023-06-12 01:16:00,53.01,Fashion,Debit Card,Desktop,Kolkata,0,60,434.01,1737,0,1,0.12214004285615539,381.0,0,0,4.758904109589041,0,1,0,1,0,1
T100624,CUST2065,2023-11-09 21:46:00,77.04,Entertainment,UPI,Desktop,Chennai,0,77,139.28,455,0,0,0.5531303848363011,62.239999999999995,0,0,1.2465753424657535,0,21,3,0,0,0
T100625,CUST6993,2023-10-28 21:21:00,36.83,Utilities,UPI,Mobile,Bengaluru,0,48,220.98,279,0,0,0.16666666666666666,184.14999999999998,0,0,0.7643835616438356,0,21,5,0,1,0
T100626,CUST1885,2023-03-09 08:35:00,49.67,Utilities,PayPal,POS,Bengaluru,0,151,423.45,1114,0,0,0.11729838233557682,373.78,0,0,3.052054794520548,0,8,3,0,0,0
T100627,CUST6177,2023-09-10 23:52:00,110.1,Health,Credit Card,Desktop,Mumbai,0,140,169.53,1615,0,0,0.6494425765351265,59.43000000000001,0,0,4.424657534246576,0,23,6,0,1,0
T100628,CUST7034,2024-02-10 09:33:00,2.99,Entertainment,Debit Card,POS,Mumbai,0,41,436.9,1049,0,0,0.006843671320668346,433.90999999999997,0,0,2.873972602739726,0,9,5,0,1,0
T100629,CUST3381,2023-07-09 07:57:00,23.27,Fashion,PayPal,Mobile,Hyderabad,1,157,187.93,1475,0,1,0.12382269994146756,164.66,0,0,4.041095890410959,0,7,6,0,1,1
T100630,CUST5918,2023-02-19 21:01:00,99.96,Fashion,Credit Card,Desktop,Chennai,0,198,188.06,1529,0,0,0.5315324896309688,88.10000000000001,0,0,4.189041095890411,0,21,6,0,1,0
T100631,CUST4430,2024-02-05 23:19:00,180.46,Health,Debit Card,POS,Bengaluru,0,179,161.43,1276,0,0,1.1178839125317475,19.03,0,0,3.495890410958904,0,23,0,0,0,0
T100632,CUST4252,2023-09-30 04:38:00,57.34,Health,Debit Card,Desktop,Hyderabad,0,128,278.0,1491,0,0,0.2062589928057554,220.66,0,0,4.0849315068493155,0,4,5,1,1,1
T100633,CUST2630,2023-07-22 20:13:00,60.76,Electronics,UPI,Mobile,Bengaluru,0,151,73.24,713,0,0,0.829601310759148,12.479999999999997,0,0,1.9534246575342467,0,20,5,0,1,0
T100634,CUST1833,2023-09-18 04:48:00,9.07,Fashion,NetBanking,Desktop,Mumbai,0,31,27.94,1973,0,1,0.32462419470293485,18.87,0,0,5.405479452054794,0,4,0,1,0,1
T100635,CUST1103,2023-02-17 15:04:00,47.45,Grocery,Credit Card,Mobile,Chennai,0,149,449.73,1437,0,0,0.10550774909390079,402.28000000000003,0,0,3.936986301369863,0,15,4,0,0,0
T100636,CUST8105,2024-01-14 21:31:00,60.85,Utilities,Debit Card,POS,Delhi,0,24,465.18,348,0,0,0.130809579087665,404.33,0,0,0.9534246575342465,0,21,6,0,1,0
T100637,CUST3315,2024-02-17 09:50:00,22.22,Grocery,Credit Card,Desktop,Chennai,0,9,47.32,1049,0,0,0.4695688926458157,25.1,0,0,2.873972602739726,0,9,5,0,1,0
T100638,CUST9079,2023-08-16 17:10:00,25.09,Food,PayPal,POS,Pune,0,150,279.35,254,0,0,0.08981564345802756,254.26000000000002,0,0,0.6958904109589041,0,17,2,0,0,0
T100639,CUST2460,2023-01-16 09:25:00,37.89,Entertainment,PayPal,Mobile,Delhi,0,132,274.44,452,0,0,0.1380629645824224,236.55,0,0,1.2383561643835617,0,9,0,0,0,0
T100640,CUST5893,2023-01-07 16:35:00,1.62,Health,NetBanking,Mobile,Kolkata,0,77,192.49,937,0,0,0.008416021611512286,190.87,0,0,2.5671232876712327,0,16,5,0,1,0
T100641,CUST5766,2024-01-09 22:48:00,31.1,Electronics,Debit Card,POS,Kolkata,0,131,288.76,1244,0,0,0.10770189776977422,257.65999999999997,0,0,3.408219178082192,0,22,1,0,0,0
T100642,CUST8724,2023-06-14 02:18:00,19.0,Grocery,UPI,POS,Hyderabad,1,120,234.48,1924,0,0,0.08103036506311839,215.48,0,0,5.271232876712329,0,2,2,1,0,2
T100643,CUST9205,2023-01-25 09:49:00,31.74,Travel,Debit Card,Mobile,Delhi,0,156,249.92,1830,0,0,0.12700064020486557,218.17999999999998,0,0,5.013698630136986,0,9,2,0,0,0
T100644,CUST1001,2023-05-07 15:38:00,10.21,Utilities,Credit Card,POS,Delhi,0,90,380.12,1809,0,0,0.026859938966642113,369.91,0,0,4.956164383561644,0,15,6,0,1,0
T100645,CUST7707,2023-08-15 10:56:00,176.97,Electronics,PayPal,Mobile,Hyderabad,0,117,267.72,108,0,0,0.6610264455401165,90.75000000000003,0,0,0.2958904109589041,0,10,1,0,0,0
T100646,CUST9233,2023-01-26 13:21:00,72.03,Electronics,Credit Card,POS,Chennai,0,110,168.59,884,0,0,0.42724954030488166,96.56,0,0,2.421917808219178,0,13,3,0,0,0
T100647,CUST8437,2023-09-26 12:44:00,90.93,Grocery,NetBanking,Mobile,Hyderabad,1,121,294.91,1033,0,0,0.30833135532874434,203.98000000000002,0,0,2.83013698630137,0,12,1,0,0,1
T100648,CUST2153,2023-01-07 11:27:00,124.54,Travel,PayPal,Mobile,Pune,0,98,323.97,394,0,0,0.3844183103373769,199.43,0,0,1.0794520547945206,0,11,5,0,1,0
T100649,CUST1872,2023-03-23 01:15:00,55.2,Food,UPI,Desktop,Mumbai,0,15,334.53,51,0,1,0.1650076226347413,279.33,0,0,0.13972602739726028,0,1,3,1,0,1
T100650,CUST6063,2023-11-02 01:37:00,7.27,Grocery,PayPal,Mobile,Kolkata,0,136,312.97,577,0,0,0.023229063488513273,305.70000000000005,0,0,1.5808219178082192,0,1,3,1,0,1
T100651,CUST7629,2023-02-04 01:05:00,61.62,Travel,Debit Card,Mobile,Mumbai,0,176,335.66,359,0,1,0.18357862122385746,274.04,0,0,0.9835616438356164,0,1,5,1,1,1
T100652,CUST6860,2023-12-25 20:13:00,70.71,Electronics,Debit Card,Desktop,Kolkata,0,52,161.95,1209,0,0,0.4366162395801173,91.24,0,0,3.3123287671232875,0,20,0,0,0,0
T100653,CUST5662,2023-11-24 15:25:00,109.46,Utilities,PayPal,Desktop,Delhi,0,55,228.61,85,0,0,0.4788067013691439,119.15000000000002,0,0,0.2328767123287671,0,15,4,0,0,0
T100654,CUST7977,2023-07-02 01:32:00,45.2,Travel,NetBanking,POS,Hyderabad,0,37,337.67,1920,0,0,0.13385850090324874,292.47,0,0,5.260273972602739,0,1,6,1,1,1
T100655,CUST4143,2023-12-04 18:11:00,10.92,Electronics,Debit Card,POS,Hyderabad,0,132,379.64,1301,0,0,0.028764092297966497,368.71999999999997,0,0,3.5643835616438357,0,18,0,0,0,0
T100656,CUST3285,2023-03-04 16:33:00,26.7,Entertainment,Debit Card,Mobile,Hyderabad,0,55,222.73,954,0,0,0.11987608315000224,196.03,0,0,2.6136986301369864,0,16,5,0,1,0
T100657,CUST7672,2023-04-07 12:23:00,36.09,Grocery,UPI,POS,Pune,0,12,189.01,290,0,0,0.19094227818633938,152.92,0,0,0.7945205479452054,0,12,4,0,0,0
T100658,CUST6034,2023-07-27 15:01:00,83.06,Health,PayPal,POS,Pune,0,147,360.78,1825,0,0,0.23022340484505796,277.71999999999997,0,0,5.0,0,15,3,0,0,0
T100659,CUST5590,2023-05-24 04:29:00,67.66,Grocery,Debit Card,Mobile,Chennai,0,185,118.86,464,0,0,0.569241124011442,51.2,0,0,1.2712328767123289,0,4,2,1,0,1
T100660,CUST9000,2023-12-06 18:49:00,35.22,Entertainment,NetBanking,Desktop,Bengaluru,1,37,14.65,1580,0,1,2.4040955631399314,20.57,0,0,4.328767123287672,0,18,2,0,0,1
T100661,CUST9052,2023-01-15 18:43:00,344.5,Fashion,Credit Card,Desktop,Kolkata,0,7,240.87,1531,0,0,1.4302320753933657,103.63,0,0,4.1945205479452055,0,18,6,0,1,0
T100662,CUST9563,2023-05-07 23:28:00,74.47,Fashion,PayPal,Mobile,Bengaluru,0,55,94.95,1753,0,0,0.7843075302790943,20.480000000000004,0,0,4.802739726027397,0,23,6,0,1,0
T100663,CUST1973,2023-08-18 13:08:00,21.66,Fashion,UPI,Mobile,Bengaluru,0,28,195.36,567,0,0,0.11087223587223587,173.70000000000002,0,0,1.5534246575342465,0,13,4,0,0,0
T100664,CUST8414,2023-12-11 03:04:00,8.59,Grocery,Debit Card,Mobile,Kolkata,0,37,152.7,564,0,0,0.05625409299279634,144.10999999999999,0,0,1.5452054794520549,0,3,0,1,0,1
T100665,CUST1937,2023-04-19 19:02:00,13.27,Food,NetBanking,Mobile,Chennai,0,189,390.86,410,0,0,0.033950775213631476,377.59000000000003,0,0,1.1232876712328768,0,19,2,0,0,0
T100666,CUST8743,2023-08-01 14:39:00,22.58,Grocery,PayPal,Mobile,Hyderabad,0,75,172.39,132,0,0,0.13098207552642266,149.81,0,0,0.36164383561643837,0,14,1,0,0,0
T100667,CUST5765,2023-02-13 20:07:00,14.01,Utilities,NetBanking,Mobile,Bengaluru,1,114,323.93,58,0,0,0.043250084894884695,309.92,0,0,0.1589041095890411,0,20,0,0,0,1
T100668,CUST1598,2023-08-20 23:13:00,16.52,Entertainment,NetBanking,POS,Hyderabad,0,167,340.22,1907,0,0,0.048556816177767324,323.70000000000005,0,0,5.2246575342465755,0,23,6,0,1,0
T100669,CUST1974,2023-11-10 19:03:00,26.85,Utilities,UPI,POS,Delhi,1,106,233.66,1536,0,0,0.11491055379611402,206.81,0,0,4.208219178082191,0,19,4,0,0,1
T100670,CUST7641,2023-08-13 15:07:00,15.23,Entertainment,PayPal,POS,Bengaluru,0,151,49.73,1110,1,1,0.3062537703599437,34.5,0,0,3.041095890410959,0,15,6,0,1,1
T100671,CUST5312,2023-07-12 18:37:00,181.66,Health,Debit Card,Desktop,Delhi,0,180,353.18,1115,0,0,0.5143552862562999,171.52,0,0,3.0547945205479454,0,18,2,0,0,0
T100672,CUST6200,2023-08-05 21:43:00,6.69,Travel,UPI,Mobile,Chennai,0,110,46.83,984,1,0,0.14285714285714288,40.14,0,0,2.695890410958904,0,21,5,0,1,1
T100673,CUST2683,2024-02-14 16:27:00,59.47,Grocery,Debit Card,Mobile,Mumbai,0,84,58.61,1101,0,0,1.0146732639481317,0.8599999999999994,0,0,3.0164383561643837,0,16,2,0,0,0
T100674,CUST6624,2023-04-06 07:59:00,42.26,Grocery,Credit Card,POS,Pune,0,11,106.04,1420,0,0,0.39852885703508106,63.78000000000001,0,0,3.8904109589041096,0,7,3,0,0,0
T100675,CUST9890,2023-09-21 11:35:00,323.09,Electronics,NetBanking,Desktop,Kolkata,0,66,147.38,576,0,0,2.1922241823856696,175.70999999999998,0,0,1.5780821917808219,0,11,3,0,0,0
T100676,CUST7045,2023-06-13 09:20:00,9.51,Entertainment,Credit Card,POS,Chennai,1,13,424.76,1611,0,0,0.022389113852528487,415.25,0,0,4.413698630136986,0,9,1,0,0,1
T100677,CUST3656,2023-06-28 01:12:00,40.58,Electronics,NetBanking,Mobile,Chennai,0,169,340.71,1598,0,0,0.11910422353321007,300.13,0,0,4.3780821917808215,0,1,2,1,0,1
T100678,CUST9178,2024-01-17 05:54:00,279.12,Electronics,UPI,Mobile,Chennai,0,177,199.73,356,0,0,1.3974866069193412,79.39000000000001,0,0,0.9753424657534246,0,5,2,0,0,0
T100679,CUST6138,2023-11-17 20:33:00,160.5,Grocery,Debit Card,POS,Bengaluru,0,15,489.53,1791,0,0,0.3278655036463547,329.03,0,0,4.906849315068493,0,20,4,0,0,0
T100680,CUST1426,2024-02-16 06:09:00,135.89,Food,Debit Card,POS,Delhi,0,56,129.37,295,0,0,1.050398083017701,6.519999999999982,0,0,0.8082191780821918,0,6,4,0,0,0
T100681,CUST8909,2023-09-18 21:07:00,23.86,Travel,UPI,Mobile,Pune,0,182,308.81,1781,0,0,0.07726433729477672,284.95,0,0,4.879452054794521,0,21,0,0,0,0
T100682,CUST1882,2023-07-06 02:33:00,14.99,Travel,PayPal,POS,Bengaluru,0,159,425.13,758,0,0,0.03525980288382377,410.14,0,0,2.0767123287671234,0,2,3,1,0,1
T100683,CUST3707,2023-11-02 05:05:00,88.36,Utilities,Credit Card,Mobile,Mumbai,0,189,402.99,1229,0,0,0.21926102384674556,314.63,0,0,3.367123287671233,0,5,3,0,0,0
T100684,CUST7192,2023-08-12 03:01:00,212.03,Entertainment,Credit Card,POS,Kolkata,0,186,54.25,1097,0,0,3.9083870967741934,157.78,1,0,3.0054794520547947,0,3,5,1,1,2
T100685,CUST6396,2024-02-11 17:36:00,65.09,Health,Debit Card,Desktop,Kolkata,1,188,351.66,248,0,1,0.18509355627594837,286.57000000000005,0,0,0.6794520547945205,0,17,6,0,1,1
T100686,CUST6783,2023-12-28 23:48:00,67.82,Entertainment,Debit Card,Mobile,Pune,0,53,136.35,155,0,0,0.49739640630729737,68.53,0,0,0.4246575342465753,0,23,3,0,0,0
T100687,CUST8911,2024-01-04 22:58:00,26.28,Food,Debit Card,Desktop,Kolkata,0,61,184.31,911,0,0,0.142585860778037,158.03,0,0,2.495890410958904,0,22,3,0,0,0
T100688,CUST7847,2023-08-30 05:06:00,117.4,Food,UPI,POS,Kolkata,0,128,249.61,1432,0,0,0.47033372060414247,132.21,0,0,3.9232876712328766,0,5,2,0,0,0
T100689,CUST7804,2023-01-31 22:30:00,16.57,Travel,PayPal,Desktop,Chennai,0,42,397.47,348,0,0,0.041688680906735096,380.90000000000003,0,0,0.9534246575342465,0,22,1,0,0,0
T100690,CUST1269,2024-01-04 15:56:00,31.29,Fashion,Credit Card,POS,Hyderabad,0,29,91.44,1358,0,0,0.3421916010498688,60.15,0,0,3.7205479452054795,0,15,3,0,0,0
T100691,CUST4595,2023-02-04 17:57:00,44.33,Electronics,NetBanking,Desktop,Mumbai,0,155,63.19,1253,0,0,0.7015350530147175,18.86,0,0,3.4328767123287673,0,17,5,0,1,0
T100692,CUST3524,2023-08-16 05:44:00,56.68,Electronics,UPI,Desktop,Delhi,0,44,85.19,114,0,0,0.6653363070782956,28.509999999999998,0,0,0.31232876712328766,0,5,2,0,0,0
T100693,CUST6846,2023-08-07 18:29:00,22.21,Travel,Credit Card,Desktop,Mumbai,0,133,116.93,1094,0,0,0.18994270076113914,94.72,0,0,2.9972602739726026,0,18,0,0,0,0
T100694,CUST2791,2023-11-09 14:02:00,9.76,Entertainment,PayPal,Mobile,Bengaluru,0,180,39.16,752,0,0,0.24923391215526047,29.4,0,0,2.0602739726027397,0,14,3,0,0,0
T100695,CUST3585,2023-09-13 02:48:00,75.46,Food,UPI,Desktop,Kolkata,0,113,463.91,1919,0,0,0.16266086094285528,388.45000000000005,0,0,5.257534246575342,0,2,2,1,0,1
T100696,CUST6281,2023-09-27 10:52:00,27.25,Entertainment,Credit Card,POS,Hyderabad,1,106,166.35,1604,0,1,0.1638112413585813,139.1,0,0,4.394520547945206,0,10,2,0,0,1
T100697,CUST8574,2023-07-26 06:26:00,69.64,Health,UPI,POS,Bengaluru,0,181,96.72,1416,0,0,0.7200165425971877,27.08,0,0,3.8794520547945206,0,6,2,0,0,0
T100698,CUST3063,2023-12-15 01:47:00,13.41,Fashion,Credit Card,Mobile,Pune,0,180,322.54,1972,0,0,0.04157623860606436,309.13,0,0,5.402739726027397,0,1,4,1,0,1
T100699,CUST8384,2023-09-14 03:43:00,52.49,Travel,Credit Card,Mobile,Chennai,0,38,395.63,1322,0,0,0.1326744685691176,343.14,0,0,3.621917808219178,0,3,3,1,0,1
T100700,CUST7776,2023-08-22 21:09:00,60.84,Electronics,PayPal,POS,Kolkata,0,172,379.08,391,0,0,0.16049382716049385,318.24,0,0,1.0712328767123287,0,21,1,0,0,0
T100701,CUST4623,2023-08-20 16:32:00,4.26,Grocery,NetBanking,Desktop,Chennai,0,181,362.17,396,0,0,0.011762432007068502,357.91,0,0,1.084931506849315,0,16,6,0,1,0
T100702,CUST5553,2023-06-25 05:14:00,32.83,Entertainment,PayPal,POS,Mumbai,0,115,34.76,1234,0,0,0.9444764096662831,1.9299999999999997,0,0,3.3808219178082193,0,5,6,0,1,0
T100703,CUST5720,2023-03-17 03:08:00,11.55,Food,Credit Card,Mobile,Chennai,0,130,393.26,1284,0,0,0.02936988252046992,381.71,0,0,3.5178082191780824,0,3,4,1,0,1
T100704,CUST5382,2023-08-12 02:00:00,5.24,Grocery,UPI,Mobile,Chennai,0,109,255.92,1017,0,0,0.02047514848390122,250.67999999999998,0,0,2.786301369863014,0,2,5,1,1,1
T100705,CUST7605,2023-05-26 15:10:00,368.1,Health,PayPal,POS,Pune,1,182,328.05,1123,0,0,1.1220850480109739,40.05000000000001,0,0,3.0767123287671234,0,15,4,0,0,1
T100706,CUST3698,2023-12-10 02:27:00,31.13,Travel,NetBanking,Desktop,Delhi,1,84,478.65,1878,0,0,0.0650370834639089,447.52,0,0,5.145205479452055,0,2,6,1,1,2
T100707,CUST4954,2023-02-25 09:49:00,132.81,Entertainment,Credit Card,Desktop,Delhi,1,163,407.23,617,0,0,0.3261301966947425,274.42,0,0,1.6904109589041096,0,9,5,0,1,1
T100708,CUST4242,2023-08-08 06:29:00,23.51,Electronics,PayPal,Mobile,Bengaluru,0,46,414.43,992,0,0,0.0567285186883189,390.92,0,0,2.717808219178082,0,6,1,0,0,0
T100709,CUST8053,2023-03-30 23:17:00,91.53,Entertainment,PayPal,POS,Kolkata,0,92,98.92,1997,0,0,0.925293166194905,7.390000000000001,0,0,5.471232876712329,0,23,3,0,0,0
T100710,CUST5086,2024-01-27 13:39:00,114.25,Fashion,PayPal,POS,Bengaluru,0,105,243.44,1841,0,0,0.4693148209004272,129.19,0,0,5.043835616438356,0,13,5,0,1,0
T100711,CUST1548,2023-05-02 19:41:00,72.44,Utilities,PayPal,Mobile,Delhi,0,183,475.17,518,0,0,0.15245070185407328,402.73,0,0,1.4191780821917808,0,19,1,0,0,0
T100712,CUST3564,2023-12-18 08:35:00,51.03,Grocery,UPI,POS,Mumbai,0,72,295.52,1287,0,0,0.17267866811044938,244.48999999999998,0,0,3.526027397260274,0,8,0,0,0,0
T100713,CUST8206,2023-08-12 16:49:00,42.46,Fashion,NetBanking,Mobile,Delhi,1,139,60.27,1883,0,0,0.7044964327194292,17.810000000000002,0,0,5.158904109589041,0,16,5,0,1,1
T100714,CUST9766,2023-03-22 20:26:00,34.32,Health,NetBanking,Desktop,Bengaluru,0,29,368.59,1482,0,0,0.09311158740063485,334.27,0,0,4.06027397260274,0,20,2,0,0,0
T100715,CUST7696,2023-12-15 01:13:00,212.2,Electronics,Credit Card,Desktop,Hyderabad,0,197,31.03,860,0,0,6.838543345149854,181.17,1,0,2.356164383561644,0,1,4,1,0,2
T100716,CUST6454,2023-12-31 11:52:00,142.05,Grocery,Debit Card,POS,Kolkata,0,191,373.73,1701,0,0,0.38008722874802664,231.68,0,0,4.66027397260274,0,11,6,0,1,0
T100717,CUST2817,2023-07-06 17:29:00,268.25,Health,UPI,Desktop,Chennai,0,47,441.09,695,0,0,0.6081525312294543,172.83999999999997,0,0,1.904109589041096,0,17,3,0,0,0
T100718,CUST9371,2023-11-02 08:30:00,10.62,Fashion,Credit Card,Desktop,Pune,0,111,218.37,1347,0,0,0.04863305399093282,207.75,0,0,3.6904109589041094,0,8,3,0,0,0
T100719,CUST9743,2023-11-25 13:17:00,105.0,Fashion,Credit Card,Mobile,Hyderabad,0,7,212.67,1401,0,0,0.4937226689236846,107.66999999999999,0,0,3.8383561643835615,0,13,5,0,1,0
T100720,CUST2866,2023-07-07 19:20:00,222.89,Utilities,PayPal,Mobile,Hyderabad,0,117,159.06,1152,0,0,1.4012951087639882,63.829999999999984,0,0,3.1561643835616437,0,19,4,0,0,0
T100721,CUST4705,2023-07-11 07:45:00,16.0,Grocery,Debit Card,POS,Chennai,0,64,439.7,905,0,0,0.036388446668182854,423.7,0,0,2.4794520547945207,0,7,1,0,0,0
T100722,CUST3995,2023-04-17 19:04:00,5.5,Electronics,Debit Card,Mobile,Delhi,0,82,278.41,390,1,1,0.019755037534571314,272.91,0,0,1.0684931506849316,0,19,0,0,0,1
T100723,CUST7063,2023-06-29 00:12:00,108.11,Fashion,UPI,POS,Kolkata,0,64,293.84,1990,0,1,0.36792131772393144,185.72999999999996,0,0,5.4520547945205475,0,0,3,1,0,1
T100724,CUST2451,2023-09-13 13:20:00,68.35,Travel,Debit Card,POS,Mumbai,1,92,334.24,1928,0,0,0.20449377692675919,265.89,0,0,5.282191780821917,0,13,2,0,0,1
T100725,CUST7930,2023-08-10 09:22:00,147.53,Utilities,Credit Card,Mobile,Hyderabad,0,12,157.11,387,0,0,0.9390236140283876,9.580000000000013,0,0,1.0602739726027397,0,9,3,0,0,0
T100726,CUST9481,2023-09-12 08:29:00,12.04,Health,Debit Card,Desktop,Mumbai,0,12,222.07,1183,0,0,0.054217138740036926,210.03,0,0,3.241095890410959,0,8,1,0,0,0
T100727,CUST6176,2023-07-26 09:54:00,126.88,Grocery,Debit Card,Desktop,Pune,0,36,373.39,1572,0,0,0.3398055652267067,246.51,0,0,4.306849315068493,0,9,2,0,0,0
T100728,CUST7136,2023-02-07 21:42:00,18.01,Food,NetBanking,Desktop,Pune,0,29,492.89,1436,0,0,0.03653959301263974,474.88,0,0,3.9342465753424656,0,21,1,0,0,0
T100729,CUST8034,2023-03-27 17:17:00,14.3,Food,Credit Card,Desktop,Pune,0,139,26.81,1670,0,0,0.5333830660201417,12.509999999999998,0,0,4.575342465753424,0,17,0,0,0,0
T100730,CUST9891,2024-01-21 20:50:00,14.36,Electronics,Debit Card,POS,Bengaluru,0,181,30.9,1974,0,0,0.46472491909385116,16.54,0,0,5.4082191780821915,0,20,6,0,1,0
T100731,CUST1311,2023-06-03 12:43:00,134.81,Travel,Debit Card,Desktop,Hyderabad,0,198,219.76,1872,1,0,0.6134419366581726,84.94999999999999,0,0,5.1287671232876715,0,12,5,0,1,1
T100732,CUST8321,2023-10-11 08:35:00,87.54,Fashion,PayPal,POS,Pune,0,85,333.21,1615,0,0,0.2627172053659855,245.66999999999996,0,0,4.424657534246576,0,8,2,0,0,0
T100733,CUST9437,2023-04-23 10:26:00,59.23,Food,Debit Card,Mobile,Bengaluru,0,74,199.32,765,0,0,0.2971603451735902,140.09,0,0,2.095890410958904,0,10,6,0,1,0
T100734,CUST1858,2024-02-03 13:19:00,35.56,Electronics,Debit Card,Mobile,Pune,0,47,499.82,93,0,0,0.07114561242047138,464.26,0,0,0.2547945205479452,0,13,5,0,1,0
T100735,CUST4036,2023-02-21 18:20:00,167.78,Health,NetBanking,POS,Delhi,0,161,105.73,1449,0,0,1.5868722216967748,62.05,0,0,3.96986301369863,0,18,1,0,0,0
T100736,CUST7545,2023-03-31 03:10:00,39.87,Utilities,Credit Card,Desktop,Hyderabad,1,81,13.88,210,1,1,2.872478386167147,25.989999999999995,0,0,0.5753424657534246,0,3,4,1,0,3
T100737,CUST6556,2023-06-04 23:08:00,135.69,Travel,UPI,POS,Bengaluru,0,195,103.16,616,0,0,1.3153354013183405,32.53,0,0,1.6876712328767123,0,23,6,0,1,0
T100738,CUST5647,2023-03-10 05:37:00,46.26,Travel,Credit Card,Desktop,Pune,0,121,444.55,1831,0,0,0.10406028568215048,398.29,0,0,5.016438356164383,0,5,4,0,0,0
T100739,CUST8735,2023-03-12 20:46:00,37.85,Entertainment,PayPal,Desktop,Kolkata,0,43,81.12,218,0,0,0.46659270216962523,43.27,0,0,0.5972602739726027,0,20,6,0,1,0
T100740,CUST4200,2024-01-05 19:21:00,49.69,Electronics,Credit Card,POS,Bengaluru,0,146,244.7,1236,0,0,0.20306497752349817,195.01,0,0,3.3863013698630136,0,19,4,0,0,0
T100741,CUST2078,2024-01-31 06:27:00,28.69,Electronics,Debit Card,POS,Pune,0,74,215.45,1920,0,0,0.1331631469018334,186.76,0,0,5.260273972602739,0,6,2,0,0,0
T100742,CUST2989,2023-12-25 11:28:00,110.14,Entertainment,PayPal,Desktop,Delhi,0,53,336.21,1545,0,0,0.32759287350168054,226.07,0,0,4.232876712328767,0,11,0,0,0,0
T100743,CUST5896,2023-12-23 18:21:00,55.89,Utilities,Credit Card,POS,Mumbai,0,39,36.75,609,0,0,1.5208163265306123,19.14,0,0,1.6684931506849314,0,18,5,0,1,0
T100744,CUST8299,2023-03-29 10:44:00,21.14,Fashion,PayPal,Desktop,Pune,0,107,332.79,199,0,0,0.06352354337570239,311.65000000000003,0,0,0.5452054794520548,0,10,2,0,0,0
T100745,CUST7059,2023-11-23 12:00:00,183.87,Electronics,UPI,POS,Mumbai,0,162,183.83,351,0,0,1.0002175923407495,0.03999999999999204,0,0,0.9616438356164384,0,12,3,0,0,0
T100746,CUST1735,2023-02-01 10:30:00,38.75,Entertainment,Credit Card,Mobile,Hyderabad,0,37,463.76,1225,0,0,0.08355614973262032,425.01,0,0,3.356164383561644,0,10,2,0,0,0
T100747,CUST6875,2023-06-01 16:54:00,62.74,Fashion,Debit Card,Desktop,Delhi,0,169,425.95,313,0,0,0.14729428336659234,363.21,0,0,0.8575342465753425,0,16,3,0,0,0
T100748,CUST8725,2023-12-11 23:29:00,189.56,Utilities,PayPal,Mobile,Kolkata,0,97,205.76,1672,0,0,0.9212674961119751,16.19999999999999,0,0,4.580821917808219,0,23,0,0,0,0
T100749,CUST6942,2023-02-18 16:46:00,78.3,Fashion,NetBanking,POS,Hyderabad,0,49,496.52,395,0,0,0.15769757512285507,418.21999999999997,0,0,1.082191780821918,0,16,5,0,1,0
T100750,CUST7940,2023-06-21 15:41:00,9.95,Grocery,PayPal,Mobile,Kolkata,0,128,35.45,140,0,0,0.2806770098730606,25.500000000000004,0,0,0.3835616438356164,0,15,2,0,0,0
T100751,CUST1545,2023-10-29 19:46:00,224.85,Travel,NetBanking,POS,Mumbai,0,10,396.43,107,0,0,0.5671871452715486,171.58,0,0,0.29315068493150687,0,19,6,0,1,0
T100752,CUST3990,2023-10-04 20:35:00,79.05,Health,Debit Card,Desktop,Delhi,0,40,222.58,1751,0,0,0.35515320334261835,143.53000000000003,0,0,4.7972602739726025,0,20,2,0,0,0
T100753,CUST4363,2023-10-14 10:01:00,32.63,Travel,UPI,POS,Chennai,0,146,222.32,282,0,0,0.14677042101475352,189.69,0,0,0.7726027397260274,0,10,5,0,1,0
T100754,CUST4635,2024-01-26 06:55:00,12.0,Travel,NetBanking,POS,Delhi,0,153,93.37,265,0,0,0.12852093820284888,81.37,0,0,0.726027397260274,0,6,4,0,0,0
T100755,CUST6074,2023-01-17 19:45:00,126.4,Grocery,UPI,Desktop,Delhi,0,106,262.29,122,0,0,0.4819093369934042,135.89000000000001,0,0,0.33424657534246577,0,19,1,0,0,0
T100756,CUST1828,2023-04-17 13:15:00,77.42,Fashion,PayPal,POS,Kolkata,0,41,51.51,1695,0,0,1.503009124441856,25.910000000000004,0,0,4.6438356164383565,0,13,0,0,0,0
T100757,CUST6087,2023-12-22 00:33:00,60.99,Fashion,Debit Card,Desktop,Chennai,0,164,312.12,1748,0,0,0.19540561322568242,251.13,0,0,4.789041095890411,0,0,4,1,0,1
T100758,CUST1740,2024-01-01 16:17:00,179.46,Electronics,NetBanking,POS,Bengaluru,0,2,128.38,1087,0,0,1.3978812899205484,51.08000000000001,0,0,2.978082191780822,1,16,0,0,0,0
T100759,CUST1487,2023-08-18 06:09:00,124.32,Grocery,PayPal,Desktop,Bengaluru,0,177,365.18,1534,0,0,0.34043485404458074,240.86,0,0,4.2027397260273975,0,6,4,0,0,0
T100760,CUST4688,2023-09-24 01:53:00,13.16,Electronics,Credit Card,Mobile,Bengaluru,0,195,307.61,1457,0,0,0.0427814440362797,294.45,0,0,3.9917808219178084,0,1,6,1,1,1
T100761,CUST2041,2023-08-03 10:20:00,29.89,Grocery,PayPal,POS,Mumbai,0,53,375.74,1868,0,0,0.07954968861446746,345.85,0,0,5.117808219178082,0,10,3,0,0,0
T100762,CUST5394,2023-10-20 20:11:00,22.85,Electronics,UPI,POS,Delhi,0,147,377.37,251,0,0,0.06055065320507725,354.52,0,0,0.6876712328767123,0,20,4,0,0,0
T100763,CUST8531,2023-02-03 03:27:00,108.99,Food,Debit Card,POS,Pune,0,26,106.39,1939,1,1,1.0244383870664535,2.5999999999999943,0,0,5.3123287671232875,0,3,4,1,0,2
T100764,CUST9924,2023-06-03 17:23:00,2.73,Entertainment,Debit Card,Desktop,Chennai,0,54,10.33,925,0,0,0.26427879961277834,7.6,0,0,2.5342465753424657,0,17,5,0,1,0
T100765,CUST4730,2023-04-09 13:13:00,67.5,Travel,PayPal,POS,Pune,0,51,189.22,1543,0,0,0.35672761864496355,121.72,0,0,4.227397260273973,0,13,6,0,1,0
T100766,CUST1469,2023-12-02 06:18:00,114.99,Travel,Credit Card,Desktop,Mumbai,0,153,460.34,1847,0,0,0.24979363079463004,345.34999999999997,0,0,5.06027397260274,0,6,5,0,1,0
T100767,CUST4386,2024-02-05 15:57:00,167.49,Utilities,UPI,POS,Chennai,0,114,293.17,1393,0,0,0.5713067503496265,125.68,0,0,3.8164383561643835,0,15,0,0,0,0
T100768,CUST9332,2023-03-04 20:44:00,33.49,Health,PayPal,Mobile,Pune,0,17,366.48,1566,0,0,0.0913828858327876,332.99,0,0,4.2904109589041095,0,20,5,0,1,0
T100769,CUST2826,2023-11-28 11:49:00,137.74,Entertainment,PayPal,POS,Kolkata,0,120,440.99,990,0,0,0.31234268350756256,303.25,0,0,2.712328767123288,0,11,1,0,0,0
T100770,CUST2434,2023-10-17 23:15:00,9.38,Fashion,Debit Card,Mobile,Mumbai,0,189,453.97,1014,0,0,0.020662158292398175,444.59000000000003,0,0,2.778082191780822,0,23,1,0,0,0
T100771,CUST7945,2023-05-31 06:23:00,149.9,Health,UPI,Desktop,Mumbai,0,46,269.22,1662,0,0,0.5567937003194413,119.32000000000002,0,0,4.553424657534246,0,6,2,0,0,0
T100772,CUST3458,2023-05-19 00:05:00,10.91,Food,Credit Card,Mobile,Mumbai,0,55,275.06,1652,0,0,0.039664073293099684,264.15,0,0,4.526027397260274,0,0,4,1,0,1
T100773,CUST2770,2023-07-20 22:40:00,40.51,Utilities,Debit Card,POS,Chennai,0,50,426.96,872,1,0,0.09488008244332022,386.45,0,0,2.389041095890411,0,22,3,0,0,1
T100774,CUST2900,2023-02-12 19:03:00,127.68,Health,PayPal,POS,Pune,0,75,405.67,281,0,0,0.31473858061971555,277.99,0,0,0.7698630136986301,0,19,6,0,1,0
T100775,CUST5958,2023-10-10 18:12:00,12.99,Utilities,Debit Card,Desktop,Pune,1,11,352.44,1417,0,0,0.036857337419135175,339.45,0,0,3.882191780821918,0,18,1,0,0,1
T100776,CUST1583,2023-11-06 07:27:00,20.83,Travel,Debit Card,POS,Hyderabad,0,140,306.19,1580,0,0,0.06802965478950977,285.36,0,0,4.328767123287672,0,7,0,0,0,0
T100777,CUST7356,2023-05-14 21:07:00,102.48,Fashion,NetBanking,POS,Mumbai,0,168,312.44,171,0,0,0.32799897580335424,209.95999999999998,0,0,0.4684931506849315,0,21,6,0,1,0
T100778,CUST6092,2023-07-16 15:13:00,101.85,Food,Debit Card,Desktop,Bengaluru,0,48,187.83,340,0,0,0.5422456476601182,85.98000000000002,0,0,0.9315068493150684,0,15,6,0,1,0
T100779,CUST8205,2023-04-30 06:57:00,81.99,Travel,Debit Card,Desktop,Delhi,0,121,422.05,1438,0,0,0.1942660822177467,340.06,0,0,3.9397260273972603,0,6,6,0,1,0
T100780,CUST2642,2023-05-19 09:39:00,94.72,Entertainment,UPI,Mobile,Kolkata,0,56,312.71,1854,0,0,0.30290045089699724,217.98999999999998,0,0,5.079452054794521,0,9,4,0,0,0
T100781,CUST9916,2023-04-21 06:44:00,62.6,Electronics,Debit Card,Desktop,Kolkata,0,8,119.53,611,0,0,0.5237178950890989,56.93,0,0,1.673972602739726,0,6,4,0,0,0
T100782,CUST1467,2023-07-12 00:53:00,23.21,Grocery,Credit Card,POS,Hyderabad,0,14,127.52,1365,1,0,0.18201066499372648,104.31,0,0,3.73972602739726,0,0,2,1,0,2
T100783,CUST2383,2023-05-31 09:52:00,33.93,Food,PayPal,Desktop,Hyderabad,0,114,432.19,1332,0,0,0.07850713806427728,398.26,0,0,3.649315068493151,0,9,2,0,0,0
T100784,CUST6491,2023-04-10 04:25:00,16.03,Fashion,UPI,POS,Chennai,0,184,316.6,1619,0,0,0.05063171193935565,300.57000000000005,0,0,4.435616438356164,0,4,0,1,0,1
T100785,CUST9806,2023-07-18 19:03:00,191.27,Utilities,Debit Card,Mobile,Hyderabad,0,54,205.37,375,0,0,0.931343428933145,14.099999999999994,0,0,1.0273972602739727,0,19,1,0,0,0
T100786,CUST5476,2024-01-09 05:33:00,70.05,Health,Credit Card,Desktop,Pune,0,17,101.68,1440,0,1,0.6889260424862312,31.63000000000001,0,0,3.9452054794520546,0,5,1,0,0,0
T100787,CUST2922,2023-06-20 09:11:00,40.98,Entertainment,PayPal,POS,Chennai,0,173,309.01,331,0,0,0.1326170674088217,268.03,0,0,0.9068493150684932,0,9,1,0,0,0
T100788,CUST6572,2023-05-09 19:47:00,49.59,Health,UPI,Desktop,Chennai,0,133,100.31,1817,0,0,0.494367460871299,50.72,0,0,4.978082191780822,0,19,1,0,0,0
T100789,CUST2471,2023-08-28 20:56:00,235.43,Food,Credit Card,Desktop,Kolkata,0,131,240.38,536,0,0,0.9794076046260088,4.949999999999989,0,0,1.4684931506849315,0,20,0,0,0,0
T100790,CUST1644,2023-09-29 19:49:00,13.32,Entertainment,Debit Card,Desktop,Kolkata,1,9,341.98,276,0,1,0.03894964617813907,328.66,0,0,0.7561643835616438,0,19,4,0,0,1
T100791,CUST7472,2023-12-28 17:27:00,70.6,Fashion,NetBanking,Desktop,Bengaluru,0,122,287.05,1699,0,0,0.245950182894966,216.45000000000002,0,0,4.654794520547945,0,17,3,0,0,0
T100792,CUST8247,2023-10-21 22:17:00,56.4,Food,NetBanking,Mobile,Mumbai,0,114,461.83,517,0,0,0.12212285906069333,405.43,0,0,1.4164383561643836,0,22,5,0,1,0
T100793,CUST2477,2023-07-21 06:19:00,75.63,Fashion,UPI,POS,Hyderabad,0,20,29.46,1809,0,0,2.567209775967413,46.169999999999995,0,0,4.956164383561644,0,6,4,0,0,0
T100794,CUST5056,2023-05-27 05:34:00,1.46,Health,Credit Card,Desktop,Mumbai,0,83,147.1,1974,0,0,0.009925220938137322,145.64,0,0,5.4082191780821915,0,5,5,0,1,0
T100795,CUST4355,2023-12-13 01:18:00,164.54,Travel,PayPal,POS,Mumbai,0,21,37.97,1292,0,1,4.333421121938373,126.57,1,0,3.5397260273972604,0,1,2,1,0,2
T100796,CUST6478,2023-11-23 00:20:00,215.2,Entertainment,Credit Card,Mobile,Mumbai,0,33,105.36,1582,0,0,2.0425208807896733,109.83999999999999,0,0,4.3342465753424655,0,0,3,1,0,1
T100797,CUST1970,2023-06-07 23:33:00,66.62,Electronics,NetBanking,POS,Chennai,0,133,70.75,1977,0,0,0.9416254416961132,4.1299999999999955,0,0,5.416438356164384,0,23,2,0,0,0
T100798,CUST8872,2023-07-16 15:35:00,95.43,Travel,UPI,POS,Mumbai,0,152,369.0,957,0,0,0.25861788617886183,273.57,0,0,2.621917808219178,0,15,6,0,1,0
T100799,CUST2531,2023-06-17 17:09:00,204.6,Electronics,Debit Card,Mobile,Hyderabad,0,191,190.99,1402,0,0,1.0712602754070892,13.609999999999985,0,0,3.841095890410959,0,17,5,0,1,0
T100800,CUST3205,2023-04-14 12:01:00,98.27,Health,Credit Card,Desktop,Chennai,0,26,463.27,820,0,0,0.21212252034450751,365.0,0,0,2.2465753424657535,0,12,4,0,0,0
T100801,CUST7733,2023-01-24 23:18:00,13.24,Utilities,NetBanking,POS,Hyderabad,0,108,21.46,1798,1,0,0.6169617893755824,8.22,0,0,4.926027397260274,0,23,1,0,0,1
T100802,CUST7006,2023-11-04 03:59:00,68.7,Entertainment,PayPal,POS,Chennai,0,89,329.93,941,0,0,0.2082259873306459,261.23,0,0,2.578082191780822,0,3,5,1,1,1
T100803,CUST4877,2023-02-28 20:04:00,74.66,Travel,UPI,Desktop,Delhi,0,92,485.57,1405,0,0,0.1537574397100315,410.90999999999997,0,0,3.8493150684931505,0,20,1,0,0,0
T100804,CUST4020,2024-01-06 03:28:00,44.15,Travel,Debit Card,Desktop,Delhi,0,33,96.16,183,0,0,0.459130615640599,52.01,0,0,0.5013698630136987,0,3,5,1,1,1
T100805,CUST3904,2024-02-20 03:25:00,106.68,Food,Credit Card,POS,Delhi,0,18,226.79,1563,0,0,0.47039111071916756,120.10999999999999,0,0,4.282191780821917,0,3,1,1,0,1
T100806,CUST9071,2023-04-29 00:58:00,217.89,Grocery,PayPal,Mobile,Delhi,0,18,353.93,1982,0,1,0.6156302093634334,136.04000000000002,0,0,5.4301369863013695,0,0,5,1,1,1
T100807,CUST7733,2024-02-19 06:21:00,207.83,Health,Debit Card,Desktop,Chennai,0,166,320.24,1239,0,0,0.6489820134898826,112.41,0,0,3.3945205479452056,0,6,0,0,0,0
T100808,CUST6411,2023-12-15 14:20:00,47.95,Fashion,NetBanking,Desktop,Mumbai,0,33,287.35,973,0,0,0.1668696711327649,239.40000000000003,0,0,2.665753424657534,0,14,4,0,0,0
T100809,CUST9490,2023-02-11 02:00:00,9.61,Health,NetBanking,Mobile,Bengaluru,0,27,170.11,624,0,0,0.056492857562753504,160.5,0,0,1.7095890410958905,0,2,5,1,1,1
T100810,CUST7026,2023-10-20 02:16:00,335.13,Fashion,PayPal,POS,Kolkata,0,49,366.82,1620,0,1,0.9136088544790361,31.689999999999998,0,0,4.438356164383562,0,2,4,1,0,1
T100811,CUST5041,2023-05-25 00:38:00,146.06,Entertainment,NetBanking,Desktop,Pune,0,178,330.1,1478,0,1,0.4424719781884277,184.04000000000002,0,0,4.049315068493151,0,0,3,1,0,1
T100812,CUST4750,2023-11-17 08:43:00,10.65,Fashion,UPI,POS,Bengaluru,0,143,89.77,91,0,0,0.1186365155397126,79.11999999999999,0,0,0.2493150684931507,0,8,4,0,0,0
T100813,CUST1306,2023-05-08 12:40:00,202.9,Utilities,PayPal,POS,Delhi,0,108,482.4,1454,0,0,0.42060530679933666,279.5,0,0,3.9835616438356163,0,12,0,0,0,0
T100814,CUST4061,2023-05-14 08:49:00,163.15,Electronics,NetBanking,POS,Mumbai,0,180,282.28,899,1,1,0.5779722261584244,119.12999999999997,0,0,2.463013698630137,0,8,6,0,1,1
T100815,CUST6589,2023-02-27 07:28:00,58.52,Fashion,Credit Card,Mobile,Hyderabad,0,68,267.48,1112,0,0,0.21878271272618513,208.96,0,0,3.0465753424657533,0,7,0,0,0,0
T100816,CUST7799,2023-05-30 08:47:00,71.58,Fashion,NetBanking,POS,Mumbai,0,99,425.64,1195,0,0,0.1681702847476741,354.06,0,0,3.2739726027397262,0,8,1,0,0,0
T100817,CUST1623,2023-03-21 11:37:00,40.73,Food,UPI,POS,Hyderabad,1,19,323.8,495,0,0,0.12578752316244593,283.07,0,0,1.356164383561644,0,11,1,0,0,1
T100818,CUST1395,2023-05-29 20:56:00,4.51,Travel,Debit Card,Desktop,Bengaluru,0,25,46.49,1202,0,0,0.09701010970101095,41.980000000000004,0,0,3.293150684931507,0,20,0,0,0,0
T100819,CUST3018,2023-01-02 07:17:00,32.66,Health,Debit Card,Desktop,Mumbai,0,104,258.23,1500,0,0,0.12647639701041705,225.57000000000002,0,0,4.109589041095891,0,7,0,0,0,0
T100820,CUST7200,2023-08-03 00:08:00,129.9,Health,NetBanking,Mobile,Mumbai,0,76,392.49,1227,0,0,0.33096384621264235,262.59000000000003,0,0,3.361643835616438,0,0,3,1,0,1
T100821,CUST5935,2023-12-12 16:22:00,0.37,Entertainment,Debit Card,Mobile,Pune,0,76,352.99,340,0,0,0.0010481883339471373,352.62,0,0,0.9315068493150684,0,16,1,0,0,0
T100822,CUST2830,2023-02-15 07:30:00,32.46,Entertainment,NetBanking,Desktop,Bengaluru,0,106,485.68,1115,0,0,0.06683412946796244,453.22,0,0,3.0547945205479454,0,7,2,0,0,0
T100823,CUST7705,2024-02-13 08:48:00,40.62,Utilities,UPI,Desktop,Mumbai,0,153,22.21,1220,0,0,1.828905898244034,18.409999999999997,0,0,3.3424657534246576,0,8,1,0,0,0
T100824,CUST4915,2023-09-12 21:53:00,61.67,Fashion,Debit Card,Mobile,Hyderabad,0,33,138.0,1735,0,0,0.4468840579710145,76.33,0,0,4.7534246575342465,0,21,1,0,0,0
T100825,CUST5935,2023-12-14 02:03:00,201.91,Grocery,Credit Card,POS,Kolkata,0,188,279.09,845,0,0,0.7234583826005948,77.17999999999998,0,0,2.315068493150685,0,2,3,1,0,1
T100826,CUST4820,2023-02-19 16:17:00,34.01,Health,NetBanking,Mobile,Mumbai,0,37,313.55,132,0,0,0.10846754903524158,279.54,0,0,0.36164383561643837,0,16,6,0,1,0
T100827,CUST7437,2023-01-09 13:37:00,34.09,Entertainment,Debit Card,POS,Hyderabad,0,92,144.43,57,0,0,0.23603129543723605,110.34,0,0,0.15616438356164383,0,13,0,0,0,0
T100828,CUST6590,2023-11-07 08:24:00,107.0,Fashion,UPI,Desktop,Delhi,0,124,415.13,1649,0,0,0.2577505841543613,308.13,0,0,4.517808219178082,0,8,1,0,0,0
T100829,CUST8035,2023-06-30 00:56:00,48.15,Entertainment,UPI,Desktop,Mumbai,0,43,90.53,537,0,1,0.5318678890975367,42.38,0,0,1.4712328767123288,0,0,4,1,0,1
T100830,CUST2234,2023-07-07 00:25:00,20.35,Utilities,Credit Card,Desktop,Hyderabad,0,126,10.42,163,0,1,1.952975047984645,9.930000000000001,0,0,0.4465753424657534,0,0,4,1,0,1
T100831,CUST6582,2023-07-02 07:56:00,48.18,Electronics,UPI,POS,Kolkata,0,9,476.67,88,0,0,0.10107621625023601,428.49,0,0,0.2410958904109589,0,7,6,0,1,0
T100832,CUST2074,2023-05-21 01:31:00,12.15,Electronics,UPI,Mobile,Bengaluru,0,14,201.86,1143,0,0,0.06019023085306648,189.71,0,0,3.1315068493150684,0,1,6,1,1,1
T100833,CUST1693,2023-04-24 03:49:00,15.52,Entertainment,Debit Card,POS,Delhi,0,131,479.17,99,0,0,0.03238933990024417,463.65000000000003,0,0,0.27123287671232876,0,3,0,1,0,1
T100834,CUST8669,2023-06-22 20:26:00,55.19,Electronics,NetBanking,Mobile,Mumbai,0,69,146.19,1988,0,0,0.37752240235310214,91.0,0,0,5.446575342465754,0,20,3,0,0,0
T100835,CUST3861,2023-10-16 21:21:00,43.43,Entertainment,PayPal,Mobile,Pune,1,184,41.09,214,1,1,1.0569481625699684,2.3399999999999963,0,0,0.5863013698630137,0,21,0,0,0,2
T100836,CUST9151,2023-02-03 13:05:00,197.06,Fashion,UPI,Mobile,Hyderabad,0,26,388.53,1491,0,0,0.5071937816899597,191.46999999999997,0,0,4.0849315068493155,0,13,4,0,0,0
T100837,CUST5284,2023-09-10 12:40:00,36.0,Food,UPI,Desktop,Kolkata,0,127,419.55,601,0,0,0.08580622095101895,383.55,0,0,1.6465753424657534,0,12,6,0,1,0
T100838,CUST2117,2023-12-24 04:47:00,69.51,Grocery,PayPal,Mobile,Pune,0,53,251.12,1527,1,0,0.27679993628544125,181.61,0,0,4.183561643835616,0,4,6,1,1,2
T100839,CUST1276,2024-02-06 07:27:00,80.03,Fashion,UPI,Desktop,Mumbai,0,41,46.19,1710,0,0,1.7326261095475213,33.84,0,0,4.684931506849315,0,7,1,0,0,0
T100840,CUST4874,2023-02-20 15:51:00,1.05,Food,Debit Card,Mobile,Hyderabad,0,82,330.53,197,0,0,0.0031767161830998703,329.47999999999996,0,0,0.5397260273972603,0,15,0,0,0,0
T100841,CUST2273,2023-05-05 16:56:00,87.14,Food,Debit Card,Mobile,Mumbai,0,102,99.25,607,0,0,0.8779848866498741,12.11,0,0,1.663013698630137,0,16,4,0,0,0
T100842,CUST3269,2023-11-18 02:37:00,15.68,Health,PayPal,Desktop,Delhi,0,21,426.2,1936,0,1,0.03679023932426091,410.52,0,0,5.304109589041096,0,2,5,1,1,1
T100843,CUST6088,2023-10-23 07:01:00,259.68,Fashion,UPI,Desktop,Kolkata,0,121,144.27,1177,0,0,1.799958411312123,115.41,0,0,3.2246575342465755,0,7,0,0,0,0
T100844,CUST1910,2023-10-15 22:53:00,12.88,Fashion,UPI,POS,Kolkata,0,39,425.38,1266,0,0,0.030278809535004,412.5,0,0,3.4684931506849317,0,22,6,0,1,0
T100845,CUST2889,2023-12-01 04:12:00,42.84,Entertainment,NetBanking,Mobile,Delhi,0,151,219.19,211,0,1,0.1954468725763037,176.35,0,0,0.5780821917808219,0,4,4,1,0,1
T100846,CUST2044,2023-03-17 11:00:00,7.14,Food,UPI,Desktop,Mumbai,0,186,302.28,100,0,0,0.023620484319174278,295.14,0,0,0.273972602739726,0,11,4,0,0,0
T100847,CUST4417,2023-09-25 10:42:00,461.45,Food,Debit Card,POS,Mumbai,0,69,396.89,585,0,0,1.1626647181838796,64.56,0,0,1.6027397260273972,0,10,0,0,0,0
T100848,CUST7872,2023-11-28 14:50:00,55.8,Food,Credit Card,POS,Chennai,0,75,29.82,881,0,0,1.8712273641851105,25.979999999999997,0,0,2.4136986301369863,0,14,1,0,0,0
T100849,CUST3692,2023-09-17 06:25:00,72.39,Entertainment,Credit Card,Desktop,Mumbai,1,157,412.37,1248,0,1,0.17554623275214007,339.98,0,0,3.419178082191781,0,6,6,0,1,1
T100850,CUST7042,2023-02-24 11:15:00,5.55,Health,Credit Card,Mobile,Kolkata,0,62,77.94,1622,0,0,0.0712086220169361,72.39,0,0,4.443835616438356,0,11,4,0,0,0
T100851,CUST8461,2023-09-30 14:40:00,110.89,Fashion,Credit Card,POS,Mumbai,0,181,185.62,1345,0,0,0.5974032970585066,74.73,0,0,3.684931506849315,0,14,5,0,1,0
T100852,CUST2250,2023-04-28 19:01:00,18.85,Food,UPI,Mobile,Pune,0,45,241.66,1110,0,0,0.07800215178349748,222.81,0,0,3.041095890410959,0,19,4,0,0,0
T100853,CUST4869,2023-02-10 06:05:00,182.67,Electronics,UPI,Mobile,Pune,1,27,448.76,1942,0,0,0.4070549959889473,266.09000000000003,0,0,5.32054794520548,0,6,4,0,0,1
T100854,CUST9384,2023-10-03 02:15:00,18.37,Fashion,NetBanking,POS,Delhi,0,116,21.0,712,0,1,0.8747619047619049,2.629999999999999,0,0,1.9506849315068493,0,2,1,1,0,1
T100855,CUST2895,2023-12-06 09:30:00,16.93,Entertainment,UPI,Desktop,Pune,0,162,284.01,1353,0,0,0.059610577092355906,267.08,0,0,3.706849315068493,0,9,2,0,0,0
T100856,CUST1526,2023-01-26 01:51:00,2.98,Health,Credit Card,Mobile,Mumbai,0,142,324.84,347,0,0,0.009173747075483315,321.85999999999996,0,0,0.9506849315068493,0,1,3,1,0,1
T100857,CUST2351,2023-10-03 06:41:00,51.1,Electronics,PayPal,Desktop,Bengaluru,0,41,165.13,1424,0,0,0.30945315811784657,114.03,0,0,3.9013698630136986,0,6,1,0,0,0
T100858,CUST9644,2023-04-21 04:40:00,66.56,Entertainment,PayPal,POS,Mumbai,0,106,152.34,1136,0,0,0.43691742155704344,85.78,0,0,3.1123287671232878,0,4,4,1,0,1
T100859,CUST8226,2023-10-20 22:13:00,5.44,Travel,Debit Card,Mobile,Kolkata,0,74,250.33,858,1,1,0.021731314664642672,244.89000000000001,0,0,2.350684931506849,0,22,4,0,0,1
T100860,CUST3361,2023-04-15 17:14:00,119.52,Fashion,Debit Card,Desktop,Chennai,0,60,101.68,123,0,0,1.175452399685287,17.83999999999999,0,0,0.336986301369863,0,17,5,0,1,0
T100861,CUST4834,2023-01-18 21:15:00,48.31,Travel,UPI,Desktop,Hyderabad,0,42,239.38,296,1,1,0.20181301696048126,191.07,0,0,0.810958904109589,0,21,2,0,0,1
T100862,CUST6591,2023-10-15 13:26:00,59.45,Entertainment,PayPal,Mobile,Kolkata,0,122,384.86,1898,1,1,0.1544717559632074,325.41,0,0,5.2,0,13,6,0,1,1
T100863,CUST3060,2024-01-09 09:32:00,46.49,Entertainment,Credit Card,Desktop,Delhi,0,179,424.24,1429,0,0,0.10958419762398643,377.75,0,0,3.915068493150685,0,9,1,0,0,0
T100864,CUST2122,2023-10-29 22:29:00,40.97,Entertainment,Credit Card,Desktop,Pune,0,11,198.73,1214,0,0,0.20615911035072712,157.76,0,0,3.326027397260274,0,22,6,0,1,0
T100865,CUST8097,2023-04-29 04:10:00,65.61,Food,Credit Card,POS,Bengaluru,0,163,312.48,643,0,0,0.2099654377880184,246.87,0,0,1.7616438356164383,0,4,5,1,1,1
T100866,CUST8407,2023-06-07 13:05:00,13.5,Health,UPI,POS,Kolkata,0,147,10.01,531,0,0,1.3486513486513487,3.49,0,0,1.4547945205479451,0,13,2,0,0,0
T100867,CUST2229,2023-01-05 22:16:00,16.06,Food,UPI,Desktop,Hyderabad,0,118,279.67,1430,0,0,0.05742482211177458,263.61,0,0,3.9178082191780823,0,22,3,0,0,0
T100868,CUST2520,2023-05-08 22:04:00,158.32,Health,NetBanking,Desktop,Bengaluru,0,65,487.87,1165,0,0,0.32451267755754604,329.55,0,0,3.191780821917808,0,22,0,0,0,0
T100869,CUST6304,2023-06-22 04:06:00,233.67,Grocery,Credit Card,Mobile,Delhi,0,189,163.01,607,0,0,1.4334703392429913,70.66,0,0,1.663013698630137,0,4,3,1,0,1
T100870,CUST6694,2024-01-11 10:12:00,37.38,Food,Credit Card,POS,Pune,0,47,301.44,1675,0,0,0.1240047770700637,264.06,0,0,4.589041095890411,0,10,3,0,0,0
T100871,CUST7475,2023-10-06 09:43:00,25.26,Travel,UPI,Mobile,Chennai,0,14,383.52,661,0,0,0.06586357947434293,358.26,0,0,1.810958904109589,0,9,4,0,0,0
T100872,CUST4379,2024-02-07 07:02:00,82.63,Health,UPI,Desktop,Kolkata,0,67,308.38,308,0,0,0.2679486348012193,225.75,0,0,0.8438356164383561,0,7,2,0,0,0
T100873,CUST8620,2023-10-15 21:31:00,42.04,Food,NetBanking,Mobile,Kolkata,0,180,215.06,783,0,0,0.19548033107039894,173.02,0,0,2.1452054794520548,0,21,6,0,1,0
T100874,CUST7766,2023-12-18 01:26:00,2.06,Fashion,NetBanking,Desktop,Kolkata,0,109,84.76,1486,0,0,0.02430391694195375,82.7,0,0,4.071232876712329,0,1,0,1,0,1
T100875,CUST2660,2023-08-23 16:05:00,13.58,Entertainment,Debit Card,POS,Delhi,0,160,237.21,1713,0,0,0.057248851228868934,223.63,0,0,4.693150684931507,0,16,2,0,0,0
T100876,CUST3741,2023-02-03 21:57:00,100.69,Health,PayPal,POS,Bengaluru,0,10,154.44,271,0,0,0.651968401968402,53.75,0,0,0.7424657534246575,0,21,4,0,0,0
T100877,CUST4235,2023-10-07 17:50:00,86.05,Health,Credit Card,Desktop,Bengaluru,0,124,351.0,1275,0,0,0.24515669515669514,264.95,0,0,3.493150684931507,0,17,5,0,1,0
T100878,CUST2899,2023-10-29 16:43:00,2.2,Food,Credit Card,POS,Delhi,0,17,226.54,812,0,0,0.00971130926105765,224.34,0,0,2.2246575342465755,0,16,6,0,1,0
T100879,CUST9479,2023-02-04 18:09:00,20.08,Grocery,NetBanking,Desktop,Kolkata,0,168,426.44,991,0,0,0.04708751524247256,406.36,0,0,2.7150684931506848,0,18,5,0,1,0
T100880,CUST2528,2023-05-29 18:00:00,21.02,Food,NetBanking,Mobile,Mumbai,0,196,104.73,1339,0,0,0.20070657882173207,83.71000000000001,0,0,3.6684931506849314,0,18,0,0,0,0
T100881,CUST6526,2024-02-06 23:57:00,89.15,Utilities,Debit Card,Desktop,Delhi,0,191,214.68,1014,0,0,0.41526923793553194,125.53,0,0,2.778082191780822,0,23,1,0,0,0
T100882,CUST5518,2024-02-17 20:39:00,1.59,Travel,PayPal,Mobile,Pune,0,143,283.18,33,0,0,0.0056148033053181725,281.59000000000003,0,0,0.09041095890410959,0,20,5,0,1,0
T100883,CUST2634,2023-09-01 14:15:00,8.79,Travel,Debit Card,Desktop,Pune,0,97,71.75,349,0,0,0.12250871080139372,62.96,0,0,0.9561643835616438,0,14,4,0,0,0
T100884,CUST4553,2023-02-09 16:24:00,128.72,Health,PayPal,POS,Chennai,0,167,298.08,1374,0,0,0.43183038110574345,169.35999999999999,0,0,3.7643835616438355,0,16,3,0,0,0
T100885,CUST1708,2023-04-29 05:29:00,15.73,Health,Credit Card,Desktop,Delhi,0,57,152.55,1061,0,0,0.10311373320222877,136.82000000000002,0,0,2.9068493150684933,0,5,5,0,1,0
T100886,CUST2328,2024-02-05 15:25:00,84.62,Food,Debit Card,Desktop,Hyderabad,0,138,122.47,1105,0,0,0.6909447211562015,37.849999999999994,0,0,3.0273972602739727,0,15,0,0,0,0
T100887,CUST8887,2023-07-28 12:21:00,21.76,Travel,NetBanking,Desktop,Pune,0,71,79.54,1053,0,0,0.2735730450088006,57.78,0,0,2.884931506849315,0,12,4,0,0,0
T100888,CUST9173,2024-02-16 06:29:00,8.38,Travel,Debit Card,POS,Pune,0,97,181.44,1195,0,0,0.04618606701940036,173.06,0,0,3.2739726027397262,0,6,4,0,0,0
T100889,CUST4499,2023-01-26 04:43:00,22.29,Grocery,Debit Card,Desktop,Pune,1,17,465.2,1879,0,0,0.04791487532244196,442.90999999999997,0,0,5.147945205479452,0,4,3,1,0,2
T100890,CUST6671,2023-03-22 05:31:00,102.49,Fashion,Credit Card,POS,Mumbai,0,76,25.19,808,1,1,4.068678046843985,77.3,1,0,2.213698630136986,0,5,2,0,0,2
T100891,CUST7126,2024-02-09 08:11:00,154.87,Grocery,NetBanking,Desktop,Hyderabad,0,17,427.56,856,0,0,0.36221816821030967,272.69,0,0,2.345205479452055,0,8,4,0,0,0
T100892,CUST3997,2024-02-14 08:11:00,141.86,Utilities,NetBanking,Mobile,Kolkata,0,111,204.71,309,0,0,0.6929803136143814,62.849999999999994,0,0,0.8465753424657534,0,8,2,0,0,0
T100893,CUST3100,2023-02-10 08:26:00,40.49,Electronics,UPI,Desktop,Kolkata,0,120,285.18,1141,0,0,0.14198050354162284,244.69,0,0,3.126027397260274,0,8,4,0,0,0
T100894,CUST7737,2023-10-17 21:22:00,88.23,Entertainment,UPI,Mobile,Delhi,0,144,261.28,1213,0,0,0.33768371096142075,173.04999999999995,0,0,3.3232876712328765,0,21,1,0,0,0
T100895,CUST4022,2024-02-19 15:07:00,18.35,Grocery,UPI,POS,Mumbai,0,119,463.61,1014,0,0,0.0395806820387826,445.26,0,0,2.778082191780822,0,15,0,0,0,0
T100896,CUST8780,2023-03-29 07:14:00,27.75,Utilities,Credit Card,POS,Pune,0,78,387.36,1867,0,0,0.07163878562577447,359.61,0,0,5.115068493150685,0,7,2,0,0,0
T100897,CUST6672,2023-08-23 07:34:00,181.33,Food,Debit Card,Desktop,Kolkata,0,3,492.56,57,0,0,0.36813789183043694,311.23,0,0,0.15616438356164383,1,7,2,0,0,0
T100898,CUST1784,2023-11-08 23:47:00,1.05,Fashion,NetBanking,POS,Hyderabad,0,108,399.27,1581,0,0,0.002629799383875573,398.21999999999997,0,0,4.331506849315068,0,23,2,0,0,0
T100899,CUST8535,2023-08-10 15:56:00,7.15,Food,NetBanking,Desktop,Kolkata,0,51,154.99,839,0,0,0.046132008516678494,147.84,0,0,2.2986301369863016,0,15,3,0,0,0
T100900,CUST4691,2023-12-13 08:14:00,18.64,Entertainment,Debit Card,POS,Hyderabad,0,114,481.81,1924,0,0,0.03868744940951828,463.17,0,0,5.271232876712329,0,8,2,0,0,0
T100901,CUST3063,2023-05-14 14:09:00,2.15,Utilities,NetBanking,Mobile,Mumbai,0,94,491.95,301,1,1,0.0043703628417522105,489.8,0,0,0.8246575342465754,0,14,6,0,1,1
T100902,CUST5900,2024-02-10 08:29:00,16.02,Electronics,Debit Card,POS,Kolkata,1,174,70.32,1153,0,0,0.22781569965870307,54.3,0,0,3.158904109589041,0,8,5,0,1,1
T100903,CUST8668,2023-01-04 09:51:00,69.98,Fashion,Credit Card,Mobile,Pune,0,116,451.51,1961,0,0,0.15499103009900114,381.53,0,0,5.372602739726028,0,9,2,0,0,0
T100904,CUST7827,2024-01-10 02:46:00,43.77,Health,Credit Card,Desktop,Mumbai,1,183,335.46,1257,0,0,0.1304775532105169,291.69,0,0,3.4438356164383563,0,2,2,1,0,2
T100905,CUST9453,2023-01-28 10:31:00,178.55,Travel,Credit Card,Desktop,Bengaluru,0,105,461.78,219,0,0,0.38665598336870377,283.22999999999996,0,0,0.6,0,10,5,0,1,0
T100906,CUST6069,2023-06-02 22:40:00,136.06,Grocery,Debit Card,Desktop,Pune,0,99,458.71,575,0,0,0.2966144186959081,322.65,0,0,1.5753424657534247,0,22,4,0,0,0
T100907,CUST9229,2023-10-30 08:02:00,33.46,Utilities,Debit Card,Mobile,Mumbai,0,154,446.77,323,0,0,0.07489312174049288,413.31,0,0,0.8849315068493151,0,8,0,0,0,0
T100908,CUST4556,2023-07-12 22:25:00,24.03,Food,PayPal,Desktop,Delhi,0,76,443.79,1948,0,0,0.05414723179882377,419.76,0,0,5.336986301369863,0,22,2,0,0,0
T100909,CUST4860,2023-04-27 11:42:00,38.2,Electronics,NetBanking,Desktop,Kolkata,0,159,67.65,1996,0,0,0.5646711012564671,29.450000000000003,0,0,5.468493150684932,0,11,3,0,0,0
T100910,CUST1683,2023-11-15 16:52:00,71.39,Travel,NetBanking,Mobile,Pune,0,81,80.32,1843,0,0,0.888819721115538,8.929999999999993,0,0,5.049315068493151,0,16,2,0,0,0
T100911,CUST3379,2023-03-14 08:53:00,24.96,Grocery,PayPal,POS,Chennai,0,72,67.71,877,0,0,0.36863092600797526,42.74999999999999,0,0,2.4027397260273973,0,8,1,0,0,0
T100912,CUST2228,2023-01-18 08:28:00,78.28,Travel,PayPal,Desktop,Pune,0,147,54.6,1397,0,0,1.4336996336996337,23.68,0,0,3.8273972602739725,0,8,2,0,0,0
T100913,CUST7019,2023-07-24 23:29:00,42.13,Grocery,Credit Card,POS,Bengaluru,0,196,183.11,800,0,0,0.23008027961334718,140.98000000000002,0,0,2.191780821917808,0,23,0,0,0,0
T100914,CUST5413,2023-07-02 00:10:00,64.25,Utilities,PayPal,POS,Mumbai,0,143,345.14,798,0,0,0.18615634235382744,280.89,0,0,2.186301369863014,0,0,6,1,1,1
T100915,CUST6113,2023-12-02 23:06:00,45.83,Health,Debit Card,Desktop,Chennai,0,111,183.8,82,1,0,0.24934711643090313,137.97000000000003,0,0,0.22465753424657534,0,23,5,0,1,1
T100916,CUST8209,2024-02-19 16:27:00,27.9,Fashion,UPI,Desktop,Bengaluru,0,58,362.95,1757,0,0,0.07687009229921477,335.05,0,0,4.813698630136987,0,16,0,0,0,0
T100917,CUST5298,2023-11-13 16:53:00,237.22,Utilities,Debit Card,Mobile,Delhi,0,78,411.94,713,0,0,0.5758605622177987,174.72,0,0,1.9534246575342467,0,16,0,0,0,0
T100918,CUST7518,2023-09-23 17:56:00,115.38,Travel,PayPal,Mobile,Pune,1,158,336.45,1100,0,0,0.34293357111012035,221.07,0,0,3.0136986301369864,0,17,5,0,1,1
T100919,CUST9901,2023-04-15 22:13:00,12.08,Travel,NetBanking,Desktop,Kolkata,0,48,237.9,1040,0,0,0.05077763766288356,225.82,0,0,2.8493150684931505,0,22,5,0,1,0
T100920,CUST4796,2023-02-12 15:22:00,162.28,Travel,Debit Card,POS,Chennai,0,56,154.8,1475,0,0,1.0483204134366924,7.47999999999999,0,0,4.041095890410959,0,15,6,0,1,0
T100921,CUST2586,2023-11-14 13:58:00,53.47,Fashion,NetBanking,Mobile,Kolkata,0,42,70.96,732,0,0,0.7535231116121759,17.489999999999995,0,0,2.0054794520547947,0,13,1,0,0,0
T100922,CUST1781,2023-02-01 22:35:00,179.96,Electronics,Debit Card,Mobile,Mumbai,1,24,251.89,912,0,0,0.7144388423518203,71.92999999999998,0,0,2.4986301369863013,0,22,2,0,0,1
T100923,CUST9546,2023-08-19 19:15:00,128.7,Grocery,NetBanking,Desktop,Mumbai,0,110,362.6,494,0,0,0.35493656922228345,233.90000000000003,0,0,1.3534246575342466,0,19,5,0,1,0
T100924,CUST2490,2023-06-15 07:16:00,44.3,Utilities,Debit Card,Desktop,Delhi,0,52,278.64,582,0,0,0.15898650588573068,234.33999999999997,0,0,1.5945205479452054,0,7,3,0,0,0
T100925,CUST3608,2023-07-27 14:16:00,1.82,Utilities,NetBanking,Desktop,Bengaluru,0,171,363.53,946,0,0,0.005006464390834319,361.71,0,0,2.591780821917808,0,14,3,0,0,0
T100926,CUST4842,2023-12-16 17:58:00,25.03,Health,UPI,Desktop,Chennai,0,34,174.26,1482,0,0,0.14363594628715715,149.23,0,0,4.06027397260274,0,17,5,0,1,0
T100927,CUST6526,2023-09-02 10:22:00,62.41,Travel,Credit Card,Mobile,Delhi,0,188,42.73,1037,0,0,1.4605663468289258,19.68,0,0,2.841095890410959,0,10,5,0,1,0
T100928,CUST8589,2023-02-06 03:18:00,80.3,Entertainment,Debit Card,Mobile,Bengaluru,0,3,387.84,1450,0,1,0.20704414191419143,307.53999999999996,0,0,3.9726027397260273,1,3,0,1,0,1
T100929,CUST6800,2023-01-21 22:27:00,23.86,Utilities,UPI,Mobile,Hyderabad,0,68,117.66,223,0,0,0.2027876933537311,93.8,0,0,0.6109589041095891,0,22,5,0,1,0
T100930,CUST3538,2024-01-18 01:41:00,12.01,Fashion,Credit Card,POS,Hyderabad,0,139,311.98,95,0,0,0.038496057439579456,299.97,0,0,0.2602739726027397,0,1,3,1,0,1
T100931,CUST7038,2023-12-08 04:33:00,144.11,Electronics,Debit Card,Mobile,Bengaluru,0,141,404.1,584,0,0,0.35661964860183126,259.99,0,0,1.6,0,4,4,1,0,1
T100932,CUST2588,2023-10-03 12:13:00,332.85,Utilities,UPI,Mobile,Mumbai,0,50,78.16,1755,0,0,4.258572159672467,254.69000000000003,1,0,4.808219178082192,0,12,1,0,0,1
T100933,CUST3110,2024-02-11 20:39:00,59.67,Grocery,UPI,Desktop,Mumbai,0,82,303.26,630,0,0,0.1967618545142782,243.58999999999997,0,0,1.726027397260274,0,20,6,0,1,0
T100934,CUST2294,2023-01-22 23:51:00,15.07,Fashion,UPI,Mobile,Hyderabad,0,19,347.79,1529,0,0,0.04333074556485235,332.72,0,0,4.189041095890411,0,23,6,0,1,0
T100935,CUST8756,2023-01-20 04:52:00,25.43,Health,PayPal,Mobile,Mumbai,0,44,375.8,1741,0,0,0.06766897285790313,350.37,0,0,4.76986301369863,0,4,4,1,0,1
T100936,CUST9768,2023-07-06 16:18:00,1.48,Health,NetBanking,Mobile,Kolkata,0,161,82.36,1934,0,0,0.017969888295288974,80.88,0,0,5.298630136986302,0,16,3,0,0,0
T100937,CUST3293,2023-05-13 09:43:00,196.55,Grocery,Credit Card,Desktop,Mumbai,0,166,414.31,1079,0,0,0.4744032246385557,217.76,0,0,2.956164383561644,0,9,5,0,1,0
T100938,CUST2596,2023-10-14 17:34:00,10.02,Travel,NetBanking,Mobile,Bengaluru,0,3,56.13,1152,1,0,0.17851416354890431,46.11,0,0,3.1561643835616437,1,17,5,0,1,1
T100939,CUST5522,2023-05-11 06:43:00,68.74,Health,NetBanking,Mobile,Pune,0,113,264.6,505,0,0,0.25978835978835974,195.86,0,0,1.3835616438356164,0,6,3,0,0,0
T100940,CUST3597,2023-11-08 15:29:00,25.62,Electronics,NetBanking,POS,Bengaluru,0,65,227.27,602,0,0,0.11272935275223303,201.65,0,0,1.6493150684931508,0,15,2,0,0,0
T100941,CUST6670,2023-07-15 23:12:00,64.63,Fashion,UPI,POS,Mumbai,0,163,118.67,1946,0,0,0.5446195331591809,54.040000000000006,0,0,5.331506849315068,0,23,5,0,1,0
T100942,CUST1014,2024-01-13 09:19:00,84.31,Utilities,NetBanking,POS,Bengaluru,0,164,157.95,791,0,0,0.5337765115542894,73.63999999999999,0,0,2.1671232876712327,0,9,5,0,1,0
T100943,CUST4337,2023-05-04 17:01:00,141.64,Electronics,PayPal,POS,Chennai,0,166,90.57,916,0,0,1.563873247212101,51.06999999999999,0,0,2.5095890410958903,0,17,3,0,0,0
T100944,CUST3718,2023-06-18 04:04:00,18.5,Travel,Debit Card,Desktop,Hyderabad,0,39,218.61,859,0,0,0.0846255889483555,200.11,0,0,2.3534246575342466,0,4,6,1,1,1
T100945,CUST8975,2023-05-18 08:32:00,0.88,Electronics,UPI,POS,Pune,0,153,27.4,1790,0,0,0.032116788321167884,26.52,0,0,4.904109589041096,0,8,3,0,0,0
T100946,CUST6911,2023-12-10 21:48:00,11.78,Electronics,Credit Card,Mobile,Chennai,1,64,445.57,111,0,1,0.02643804564939291,433.79,0,0,0.3041095890410959,0,21,6,0,1,1
T100947,CUST9846,2024-01-07 09:19:00,184.22,Food,Debit Card,POS,Chennai,0,104,90.11,1451,0,0,2.044390189768061,94.11,0,0,3.9753424657534246,0,9,6,0,1,0
T100948,CUST5545,2023-07-22 11:34:00,165.65,Electronics,Debit Card,Desktop,Mumbai,0,13,444.15,1747,0,0,0.3729595857255432,278.5,0,0,4.786301369863014,0,11,5,0,1,0
T100949,CUST6394,2023-12-26 13:00:00,72.79,Grocery,Debit Card,POS,Mumbai,0,68,433.15,1990,0,0,0.16804802031628768,360.35999999999996,0,0,5.4520547945205475,0,13,1,0,0,0
T100950,CUST1232,2023-08-19 11:54:00,73.41,Fashion,NetBanking,POS,Chennai,0,70,231.32,729,0,0,0.31735258516341,157.91,0,0,1.9972602739726026,0,11,5,0,1,0
T100951,CUST4913,2023-05-23 04:55:00,87.5,Food,NetBanking,Desktop,Chennai,0,75,253.89,1446,0,1,0.344637441411635,166.39,0,0,3.9616438356164383,0,4,1,1,0,1
T100952,CUST8521,2023-10-04 07:38:00,15.43,Fashion,UPI,Desktop,Delhi,0,1,157.94,73,0,0,0.09769532733949601,142.51,0,0,0.2,1,7,2,0,0,0
T100953,CUST5190,2023-04-20 21:09:00,196.66,Fashion,NetBanking,Desktop,Delhi,1,182,498.47,853,0,0,0.39452725339538985,301.81000000000006,0,0,2.336986301369863,0,21,3,0,0,1
T100954,CUST7704,2023-01-26 23:51:00,43.41,Travel,NetBanking,Desktop,Kolkata,0,98,338.68,1531,0,0,0.1281740876343451,295.27,0,0,4.1945205479452055,0,23,3,0,0,0
T100955,CUST7058,2024-01-22 05:24:00,38.65,Travel,NetBanking,Desktop,Hyderabad,1,104,476.39,1824,0,1,0.08113100610844057,437.74,0,0,4.997260273972603,0,5,0,0,0,1
T100956,CUST1392,2023-04-02 03:21:00,58.54,Food,UPI,Desktop,Chennai,0,116,213.25,639,0,0,0.2745134818288394,154.71,0,0,1.7506849315068493,0,3,6,1,1,1
T100957,CUST3879,2024-01-18 20:33:00,3.85,Health,UPI,Mobile,Bengaluru,0,137,442.68,1918,0,0,0.008697027197975965,438.83,0,0,5.254794520547946,0,20,3,0,0,0
T100958,CUST7952,2023-06-26 01:27:00,14.55,Entertainment,PayPal,POS,Pune,0,164,229.63,1144,0,0,0.06336280102774028,215.07999999999998,0,0,3.1342465753424658,0,1,0,1,0,1
T100959,CUST4499,2023-08-26 09:26:00,107.16,Travel,PayPal,POS,Delhi,0,113,434.75,1880,0,0,0.24648648648648647,327.59000000000003,0,0,5.1506849315068495,0,9,5,0,1,0
T100960,CUST4887,2023-03-26 03:59:00,6.91,Entertainment,PayPal,Desktop,Mumbai,0,103,74.15,1382,0,1,0.09318948078219824,67.24000000000001,0,0,3.786301369863014,0,3,6,1,1,1
T100961,CUST7979,2023-08-26 04:03:00,73.94,Travel,PayPal,Desktop,Chennai,1,37,322.06,1706,0,0,0.229584549462833,248.12,0,0,4.673972602739726,0,4,5,1,1,2
T100962,CUST5368,2023-05-05 02:24:00,22.52,Travel,Debit Card,Mobile,Bengaluru,1,106,342.56,1467,0,1,0.06574030826716487,320.04,0,0,4.019178082191781,0,2,4,1,0,2
T100963,CUST6823,2024-01-27 12:00:00,39.45,Fashion,Debit Card,Mobile,Pune,1,187,331.52,1874,0,0,0.11899734555984558,292.07,0,0,5.134246575342465,0,12,5,0,1,1
T100964,CUST8506,2023-08-19 19:13:00,27.25,Food,PayPal,Desktop,Bengaluru,0,108,229.04,1817,0,0,0.11897485155431366,201.79,0,0,4.978082191780822,0,19,5,0,1,0
T100965,CUST7357,2023-04-30 11:15:00,35.16,Fashion,PayPal,Mobile,Kolkata,1,21,345.12,749,0,0,0.10187760778859525,309.96000000000004,0,0,2.052054794520548,0,11,6,0,1,1
T100966,CUST1043,2023-02-17 21:46:00,101.57,Utilities,Credit Card,Mobile,Bengaluru,0,148,127.34,720,0,0,0.7976283964190356,25.77000000000001,0,0,1.9726027397260273,0,21,4,0,0,0
T100967,CUST2358,2023-03-14 19:55:00,28.21,Grocery,Debit Card,Desktop,Mumbai,0,129,301.97,1863,0,0,0.09341987614663708,273.76000000000005,0,0,5.104109589041096,0,19,1,0,0,0
T100968,CUST9886,2023-02-18 22:34:00,66.85,Fashion,Credit Card,Desktop,Delhi,0,187,281.58,1975,0,0,0.23741032743802826,214.73,0,0,5.410958904109589,0,22,5,0,1,0
T100969,CUST6893,2023-10-17 05:35:00,51.71,Entertainment,Credit Card,Desktop,Bengaluru,0,28,165.99,728,0,0,0.31152479065003913,114.28,0,0,1.9945205479452055,0,5,1,0,0,0
T100970,CUST7474,2023-10-16 05:24:00,87.17,Entertainment,NetBanking,Desktop,Pune,1,199,391.64,866,0,0,0.22257685629659893,304.46999999999997,0,0,2.372602739726027,0,5,0,0,0,1
T100971,CUST4339,2023-05-10 18:50:00,220.95,Grocery,UPI,POS,Delhi,1,184,49.63,139,0,0,4.451944388474712,171.32,1,0,0.38082191780821917,0,18,2,0,0,2
T100972,CUST6181,2023-04-01 11:18:00,105.51,Electronics,Debit Card,POS,Kolkata,0,108,94.01,248,0,0,1.1223274119774491,11.5,0,0,0.6794520547945205,0,11,5,0,1,0
T100973,CUST1067,2023-02-16 14:46:00,19.36,Electronics,PayPal,Desktop,Kolkata,0,9,240.86,492,0,0,0.08037864319521713,221.5,0,0,1.347945205479452,0,14,3,0,0,0
T100974,CUST5777,2023-11-15 09:34:00,2.53,Grocery,PayPal,Mobile,Hyderabad,0,193,446.95,889,0,0,0.005660588432710593,444.42,0,0,2.4356164383561643,0,9,2,0,0,0
T100975,CUST3014,2023-08-01 01:02:00,24.33,Grocery,UPI,Desktop,Mumbai,0,164,291.83,544,0,0,0.08337045540211767,267.5,0,0,1.4904109589041097,0,1,1,1,0,1
T100976,CUST5920,2023-10-22 01:55:00,72.32,Fashion,Debit Card,POS,Delhi,0,162,422.61,1606,0,0,0.17112704384657246,350.29,0,0,4.4,0,1,6,1,1,1
T100977,CUST5790,2024-02-11 15:23:00,4.22,Grocery,PayPal,Mobile,Kolkata,0,32,263.61,666,0,0,0.016008497401464282,259.39,0,0,1.8246575342465754,0,15,6,0,1,0
T100978,CUST3370,2023-03-24 10:17:00,54.87,Utilities,PayPal,POS,Kolkata,0,66,394.87,1310,0,0,0.13895712512978955,340.0,0,0,3.589041095890411,0,10,4,0,0,0
T100979,CUST1265,2023-11-18 21:57:00,72.67,Food,NetBanking,Desktop,Delhi,0,100,169.64,1246,0,0,0.4283777410987975,96.96999999999998,0,0,3.4136986301369863,0,21,5,0,1,0
T100980,CUST1602,2024-02-10 16:49:00,32.55,Electronics,Credit Card,POS,Bengaluru,0,153,409.42,656,1,1,0.07950271115236186,376.87,0,0,1.7972602739726027,0,16,5,0,1,1
T100981,CUST5331,2023-02-27 01:06:00,117.89,Electronics,PayPal,POS,Pune,0,179,206.83,99,0,1,0.5699850118454769,88.94000000000001,0,0,0.27123287671232876,0,1,0,1,0,1
T100982,CUST1426,2023-01-03 07:11:00,9.02,Utilities,Debit Card,POS,Bengaluru,0,191,283.83,488,0,0,0.031779586372124156,274.81,0,0,1.336986301369863,0,7,1,0,0,0
T100983,CUST7955,2023-11-01 22:50:00,6.25,Health,UPI,Mobile,Pune,0,173,96.18,1435,0,0,0.06498232480765231,89.93,0,0,3.9315068493150687,0,22,2,0,0,0
T100984,CUST5233,2023-02-15 16:56:00,104.21,Utilities,NetBanking,POS,Kolkata,0,154,461.01,1871,0,0,0.22604715732847444,356.8,0,0,5.126027397260274,0,16,2,0,0,0
T100985,CUST5591,2023-03-04 01:20:00,54.73,Utilities,Debit Card,Mobile,Kolkata,0,21,353.71,1547,0,1,0.15473127703485906,298.97999999999996,0,0,4.238356164383561,0,1,5,1,1,1
T100986,CUST5371,2023-09-02 15:48:00,93.28,Grocery,NetBanking,Desktop,Mumbai,0,82,430.84,1901,0,0,0.21650728808838549,337.55999999999995,0,0,5.208219178082191,0,15,5,0,1,0
T100987,CUST4512,2024-01-05 12:02:00,45.65,Travel,Credit Card,Desktop,Delhi,0,179,111.85,126,0,0,0.40813589628967367,66.19999999999999,0,0,0.3452054794520548,0,12,4,0,0,0
T100988,CUST3983,2023-12-19 14:28:00,22.63,Travel,PayPal,POS,Chennai,0,24,43.17,1781,0,0,0.5242066249710446,20.540000000000003,0,0,4.879452054794521,0,14,1,0,0,0
T100989,CUST2761,2023-04-14 23:59:00,136.79,Utilities,Debit Card,Mobile,Kolkata,0,111,175.23,1880,0,0,0.780631170461679,38.44,0,0,5.1506849315068495,0,23,4,0,0,0
T100990,CUST1981,2023-09-05 20:48:00,128.52,Grocery,UPI,Desktop,Pune,0,92,263.18,253,0,0,0.48833497986169166,134.66,0,0,0.6931506849315069,0,20,1,0,0,0
T100991,CUST7565,2023-03-18 13:33:00,94.92,Food,Credit Card,Mobile,Pune,0,12,403.16,1895,0,0,0.23544002381188608,308.24,0,0,5.191780821917808,0,13,5,0,1,0
T100992,CUST4437,2023-10-10 06:53:00,25.41,Travel,Credit Card,Mobile,Bengaluru,0,139,204.89,860,0,0,0.12401776563033824,179.48,0,0,2.356164383561644,0,6,1,0,0,0
T100993,CUST4983,2023-10-15 06:45:00,71.37,Health,NetBanking,POS,Bengaluru,0,155,142.28,1334,0,0,0.5016165307843689,70.91,0,0,3.654794520547945,0,6,6,0,1,0
T100994,CUST3085,2023-07-31 06:07:00,35.82,Entertainment,Credit Card,POS,Kolkata,0,23,192.55,1959,0,0,0.18602960270059724,156.73000000000002,0,0,5.367123287671233,0,6,0,0,0,0
T100995,CUST2670,2023-03-21 22:57:00,7.68,Grocery,Debit Card,Mobile,Kolkata,0,161,354.77,1386,0,0,0.021647828170363898,347.09,0,0,3.797260273972603,0,22,1,0,0,0
T100996,CUST6520,2023-01-10 12:39:00,199.42,Utilities,NetBanking,Mobile,Hyderabad,0,92,174.75,1945,0,0,1.141173104434907,24.669999999999987,0,0,5.328767123287672,0,12,1,0,0,0
T100997,CUST9969,2023-05-22 21:14:00,11.77,Food,Credit Card,POS,Pune,0,166,489.79,670,0,0,0.02403070703771004,478.02000000000004,0,0,1.8356164383561644,0,21,0,0,0,0
T100998,CUST8283,2023-10-10 00:54:00,240.04,Food,UPI,Mobile,Mumbai,0,183,95.74,1664,0,0,2.5072070190098183,144.3,0,0,4.558904109589041,0,0,1,1,0,1
T100999,CUST6148,2023-05-02 12:53:00,47.25,Fashion,Debit Card,POS,Delhi,0,198,379.02,1835,0,0,0.12466360614215609,331.77,0,0,5.027397260273973,0,12,1,0,0,0
T101000,CUST7397,2023-01-16 03:50:00,16.38,Food,UPI,Mobile,Delhi,0,170,298.69,1458,0,0,0.05483946566674478,282.31,0,0,3.9945205479452053,0,3,0,1,0,1
T101001,CUST7717,2024-01-04 20:02:00,62.45,Travel,UPI,POS,Delhi,0,123,124.22,525,0,0,0.5027370793753019,61.769999999999996,0,0,1.4383561643835616,0,20,3,0,0,0
T101002,CUST8960,2023-01-07 01:43:00,165.05,Utilities,NetBanking,Mobile,Pune,1,157,379.27,1812,0,0,0.43517810530756457,214.21999999999997,0,0,4.964383561643835,0,1,5,1,1,2
T101003,CUST4687,2023-05-09 22:35:00,105.41,Entertainment,PayPal,POS,Bengaluru,0,34,229.29,1239,0,0,0.4597234942649047,123.88,0,0,3.3945205479452056,0,22,1,0,0,0
T101004,CUST8693,2023-02-16 12:10:00,131.42,Travel,NetBanking,Mobile,Mumbai,0,125,344.38,1809,0,0,0.38161333410767173,212.96,0,0,4.956164383561644,0,12,3,0,0,0
T101005,CUST8600,2023-07-19 05:20:00,86.02,Grocery,Debit Card,Desktop,Delhi,0,57,334.51,1091,0,0,0.25715225254850377,248.49,0,0,2.989041095890411,0,5,2,0,0,0
T101006,CUST7000,2023-08-27 01:18:00,94.28,Entertainment,Debit Card,Desktop,Pune,1,3,64.22,798,0,0,1.4680784802242293,30.060000000000002,0,0,2.186301369863014,1,1,6,1,1,2
T101007,CUST1336,2023-09-17 02:01:00,151.34,Grocery,NetBanking,Mobile,Chennai,0,6,421.59,1905,0,1,0.35897435897435903,270.25,0,0,5.219178082191781,0,2,6,1,1,1
T101008,CUST6773,2023-01-10 21:16:00,22.98,Food,PayPal,Desktop,Kolkata,0,48,343.92,789,0,0,0.066817864619679,320.94,0,0,2.1616438356164385,0,21,1,0,0,0
T101009,CUST7257,2023-11-02 14:37:00,53.78,Health,NetBanking,Mobile,Hyderabad,0,102,392.49,1698,1,0,0.13702259930189303,338.71000000000004,0,0,4.652054794520548,0,14,3,0,0,1
T101010,CUST1703,2023-12-11 15:18:00,20.0,Electronics,Debit Card,Mobile,Hyderabad,0,192,229.41,517,1,1,0.08718015779608561,209.41,0,0,1.4164383561643836,0,15,0,0,0,1
T101011,CUST1540,2023-02-24 01:33:00,351.64,Entertainment,PayPal,Desktop,Delhi,0,120,105.58,585,1,0,3.3305550293616215,246.06,1,0,1.6027397260273972,0,1,4,1,0,3
T101012,CUST6829,2023-09-06 22:35:00,230.68,Utilities,Debit Card,Mobile,Bengaluru,0,13,169.84,1021,0,0,1.3582195007065474,60.84,0,0,2.797260273972603,0,22,2,0,0,0
T101013,CUST3269,2023-02-25 16:01:00,3.22,Fashion,PayPal,POS,Hyderabad,1,36,451.72,1758,0,0,0.007128309572301426,448.5,0,0,4.816438356164384,0,16,5,0,1,1
T101014,CUST6114,2023-12-08 22:14:00,97.82,Electronics,PayPal,Mobile,Hyderabad,1,70,469.63,1559,0,0,0.20829163383940547,371.81,0,0,4.271232876712329,0,22,4,0,0,1
T101015,CUST4408,2023-08-03 03:36:00,207.49,Food,NetBanking,Mobile,Hyderabad,0,33,246.11,518,0,1,0.8430782983218886,38.620000000000005,0,0,1.4191780821917808,0,3,3,1,0,1
T101016,CUST8022,2023-01-28 05:19:00,15.93,Food,NetBanking,Desktop,Hyderabad,1,105,156.41,86,0,1,0.1018477079470622,140.48,0,0,0.2356164383561644,0,5,5,0,1,1
T101017,CUST5679,2023-11-26 13:59:00,67.14,Utilities,NetBanking,POS,Delhi,0,57,367.85,541,0,0,0.18252004893298898,300.71000000000004,0,0,1.4821917808219178,0,13,6,0,1,0
T101018,CUST4955,2023-11-11 16:37:00,197.67,Electronics,PayPal,Mobile,Pune,0,55,385.34,1301,0,0,0.5129755540561582,187.67,0,0,3.5643835616438357,0,16,5,0,1,0
T101019,CUST9322,2023-06-07 13:02:00,2.76,Fashion,PayPal,Mobile,Mumbai,0,107,409.58,133,0,0,0.006738610283705259,406.82,0,0,0.3643835616438356,0,13,2,0,0,0
T101020,CUST6358,2023-05-01 09:25:00,95.63,Entertainment,Debit Card,Mobile,Mumbai,0,141,25.23,586,0,0,3.790328973444312,70.39999999999999,1,0,1.6054794520547946,0,9,0,0,0,1
T101021,CUST2657,2023-01-27 16:41:00,28.23,Entertainment,UPI,Mobile,Bengaluru,0,51,14.77,89,0,0,1.9113067027758972,13.46,0,0,0.24383561643835616,0,16,4,0,0,0
T101022,CUST7959,2024-01-06 21:48:00,206.58,Electronics,NetBanking,Mobile,Pune,0,92,185.01,1631,0,0,1.1165882925247286,21.57000000000002,0,0,4.468493150684932,0,21,5,0,1,0
T101023,CUST9151,2023-10-21 10:20:00,283.4,Grocery,Debit Card,Mobile,Kolkata,0,53,84.72,764,0,0,3.3451369216241735,198.67999999999998,1,0,2.0931506849315067,0,10,5,0,1,1
T101024,CUST3964,2023-11-10 08:46:00,230.97,Travel,Debit Card,POS,Chennai,0,36,404.44,1612,0,0,0.5710859459994065,173.47,0,0,4.416438356164384,0,8,4,0,0,0
T101025,CUST5538,2023-11-15 13:01:00,51.43,Health,Credit Card,POS,Mumbai,0,133,271.09,1291,0,0,0.1897155926076211,219.65999999999997,0,0,3.536986301369863,0,13,2,0,0,0
T101026,CUST8559,2023-07-01 20:05:00,158.46,Grocery,NetBanking,Mobile,Chennai,0,119,414.42,400,0,0,0.38236571594035035,255.96,0,0,1.095890410958904,0,20,5,0,1,0
T101027,CUST2448,2023-10-11 13:55:00,148.91,Entertainment,Debit Card,Mobile,Mumbai,1,25,96.69,55,0,0,1.5400765332505948,52.22,0,0,0.1506849315068493,0,13,2,0,0,1
T101028,CUST6052,2023-09-01 00:42:00,30.75,Travel,Credit Card,Desktop,Mumbai,0,81,317.34,422,0,0,0.09689922480620156,286.59,0,0,1.1561643835616437,0,0,4,1,0,1
T101029,CUST7105,2023-10-18 07:02:00,141.25,Health,NetBanking,POS,Bengaluru,0,37,294.28,1872,0,0,0.4799850482533642,153.02999999999997,0,0,5.1287671232876715,0,7,2,0,0,0
T101030,CUST4798,2023-10-22 19:39:00,3.02,Health,PayPal,POS,Hyderabad,0,19,176.79,635,0,0,0.017082414163697043,173.76999999999998,0,0,1.7397260273972603,0,19,6,0,1,0
T101031,CUST2198,2023-05-04 13:53:00,72.56,Health,Credit Card,Mobile,Bengaluru,0,35,263.37,139,0,0,0.2755059422105783,190.81,0,0,0.38082191780821917,0,13,3,0,0,0
T101032,CUST2266,2023-01-30 12:49:00,20.91,Food,PayPal,POS,Mumbai,0,107,298.62,1445,1,1,0.07002210166767128,277.71,0,0,3.958904109589041,0,12,0,0,0,1
T101033,CUST2348,2023-03-22 12:28:00,10.28,Utilities,UPI,POS,Pune,0,162,445.85,802,0,0,0.023057081978243802,435.57000000000005,0,0,2.197260273972603,0,12,2,0,0,0
T101034,CUST6597,2023-06-04 21:51:00,6.41,Health,UPI,Desktop,Hyderabad,0,54,37.26,283,0,0,0.1720343531937735,30.849999999999998,0,0,0.7753424657534247,0,21,6,0,1,0
T101035,CUST4777,2023-09-30 22:08:00,95.33,Fashion,UPI,Desktop,Pune,0,174,413.45,1860,0,0,0.23057201596323618,318.12,0,0,5.095890410958904,0,22,5,0,1,0
T101036,CUST6548,2024-01-31 08:07:00,33.23,Electronics,UPI,POS,Pune,0,6,490.28,1889,0,0,0.0677775964754834,457.04999999999995,0,0,5.175342465753425,0,8,2,0,0,0
T101037,CUST6791,2023-11-21 21:29:00,103.21,Entertainment,Debit Card,POS,Pune,1,129,368.57,1605,0,0,0.2800282171636324,265.36,0,0,4.397260273972603,0,21,1,0,0,1
T101038,CUST5526,2023-07-10 00:47:00,5.41,Fashion,UPI,POS,Hyderabad,0,199,371.3,1857,0,1,0.014570428225154862,365.89,0,0,5.087671232876712,0,0,0,1,0,1
T101039,CUST4673,2023-03-02 09:31:00,30.3,Electronics,Debit Card,Mobile,Pune,0,34,116.81,946,0,0,0.2593955996918072,86.51,0,0,2.591780821917808,0,9,3,0,0,0
T101040,CUST9571,2024-01-03 22:12:00,62.03,Grocery,Debit Card,Desktop,Hyderabad,0,56,266.31,795,0,0,0.23292403589801358,204.28,0,0,2.1780821917808217,0,22,2,0,0,0
T101041,CUST8990,2023-05-23 07:22:00,125.13,Utilities,NetBanking,Mobile,Chennai,0,97,355.91,1150,0,0,0.35157764603410974,230.78000000000003,0,0,3.1506849315068495,0,7,1,0,0,0
T101042,CUST2890,2024-02-11 04:27:00,30.71,Grocery,Debit Card,Desktop,Kolkata,0,26,305.12,567,0,0,0.1006489250131096,274.41,0,0,1.5534246575342465,0,4,6,1,1,1
T101043,CUST9493,2023-01-16 02:57:00,78.66,Electronics,Debit Card,Desktop,Mumbai,0,170,198.71,1157,0,0,0.3958532534849781,120.05000000000001,0,0,3.16986301369863,0,2,0,1,0,1
T101044,CUST3081,2023-07-16 03:07:00,173.71,Fashion,UPI,Desktop,Delhi,0,91,470.66,644,0,0,0.3690774656864828,296.95000000000005,0,0,1.7643835616438357,0,3,6,1,1,1
T101045,CUST3051,2023-02-01 19:44:00,76.54,Electronics,Debit Card,POS,Pune,0,38,261.85,616,0,0,0.29230475463051364,185.31,0,0,1.6876712328767123,0,19,2,0,0,0
T101046,CUST8152,2023-07-25 13:45:00,21.22,Health,PayPal,Desktop,Bengaluru,0,154,485.24,626,0,0,0.04373093726815596,464.02,0,0,1.715068493150685,0,13,1,0,0,0
T101047,CUST3233,2023-12-25 18:34:00,1.98,Food,UPI,Mobile,Chennai,0,59,286.3,1549,0,0,0.006915822563744324,284.32,0,0,4.243835616438356,0,18,0,0,0,0
T101048,CUST8497,2024-01-05 23:26:00,163.28,Entertainment,Credit Card,Desktop,Bengaluru,0,127,398.76,1267,0,0,0.4094693550005016,235.48,0,0,3.4712328767123286,0,23,4,0,0,0
T101049,CUST6705,2023-01-31 00:04:00,1.72,Grocery,UPI,Mobile,Delhi,0,24,373.59,142,0,0,0.0046039776225273695,371.86999999999995,0,0,0.38904109589041097,0,0,1,1,0,1
T101050,CUST5411,2023-05-18 14:55:00,166.16,Entertainment,Debit Card,Desktop,Hyderabad,0,111,333.8,1365,0,0,0.49778310365488315,167.64000000000001,0,0,3.73972602739726,0,14,3,0,0,0
T101051,CUST4617,2023-08-24 14:24:00,60.22,Food,PayPal,Desktop,Delhi,0,21,17.09,598,0,0,3.5236980690462256,43.129999999999995,1,0,1.6383561643835616,0,14,3,0,0,1
T101052,CUST1907,2023-10-09 06:16:00,223.84,Health,UPI,POS,Bengaluru,0,60,47.94,984,0,0,4.6691697955778055,175.9,1,0,2.695890410958904,0,6,0,0,0,1
T101053,CUST2143,2023-03-13 02:47:00,128.27,Health,PayPal,Mobile,Delhi,0,90,294.93,925,0,0,0.434916759909131,166.66,0,0,2.5342465753424657,0,2,0,1,0,1
T101054,CUST6744,2023-05-22 07:44:00,494.58,Grocery,Credit Card,Desktop,Mumbai,0,148,456.77,1154,0,0,1.0827768899008254,37.81,0,0,3.1616438356164385,0,7,0,0,0,0
T101055,CUST1793,2023-04-29 11:56:00,34.55,Grocery,Credit Card,Desktop,Delhi,0,6,304.56,791,0,0,0.11344234305227212,270.01,0,0,2.1671232876712327,0,11,5,0,1,0
T101056,CUST5802,2023-03-08 20:59:00,116.6,Health,NetBanking,Mobile,Pune,0,195,125.64,1700,0,0,0.9280483922317733,9.040000000000006,0,0,4.657534246575342,0,20,2,0,0,0
T101057,CUST8495,2023-07-18 15:12:00,41.12,Travel,NetBanking,Desktop,Mumbai,0,10,166.91,967,0,0,0.24636031394164518,125.78999999999999,0,0,2.649315068493151,0,15,1,0,0,0
T101058,CUST8028,2023-04-02 23:34:00,52.29,Entertainment,UPI,POS,Pune,0,140,315.35,682,0,0,0.16581576026637068,263.06,0,0,1.8684931506849316,0,23,6,0,1,0
T101059,CUST3043,2023-05-05 01:28:00,79.0,Utilities,NetBanking,Mobile,Kolkata,0,97,302.56,113,0,0,0.2611052353252247,223.56,0,0,0.3095890410958904,0,1,4,1,0,1
T101060,CUST3905,2023-12-12 01:30:00,165.51,Food,PayPal,POS,Kolkata,0,150,478.29,748,0,1,0.3460452863325597,312.78000000000003,0,0,2.0493150684931507,0,1,1,1,0,1
T101061,CUST1060,2023-12-16 22:36:00,331.23,Entertainment,NetBanking,Mobile,Delhi,0,190,269.25,1795,0,0,1.2301949860724235,61.98000000000002,0,0,4.917808219178082,0,22,5,0,1,0
T101062,CUST2309,2023-04-30 06:59:00,116.98,Food,PayPal,Mobile,Mumbai,0,189,183.96,1983,0,0,0.6358991085018483,66.98,0,0,5.432876712328767,0,6,6,0,1,0
T101063,CUST9381,2023-01-24 18:26:00,43.27,Travel,NetBanking,Mobile,Mumbai,0,80,267.25,897,0,0,0.1619083255378859,223.98,0,0,2.4575342465753423,0,18,1,0,0,0
T101064,CUST5976,2023-05-20 19:40:00,43.77,Utilities,NetBanking,Desktop,Kolkata,0,17,395.25,978,0,0,0.11074003795066414,351.48,0,0,2.6794520547945204,0,19,5,0,1,0
T101065,CUST5428,2023-12-19 23:31:00,107.03,Fashion,NetBanking,Mobile,Delhi,0,138,274.78,331,0,0,0.38951160928743,167.74999999999997,0,0,0.9068493150684932,0,23,1,0,0,0
T101066,CUST3488,2023-10-29 16:50:00,21.83,Food,Debit Card,Mobile,Chennai,0,140,169.77,1626,0,0,0.12858573363963008,147.94,0,0,4.454794520547945,0,16,6,0,1,0
T101067,CUST4178,2023-05-24 00:10:00,9.37,Entertainment,Debit Card,Mobile,Hyderabad,0,83,175.92,1270,0,0,0.05326284674852205,166.54999999999998,0,0,3.4794520547945207,0,0,2,1,0,1
T101068,CUST5155,2023-11-26 00:20:00,35.03,Electronics,NetBanking,POS,Hyderabad,0,40,380.84,597,0,1,0.09198088436088647,345.80999999999995,0,0,1.6356164383561644,0,0,6,1,1,1
T101069,CUST7218,2023-01-07 08:20:00,27.09,Utilities,PayPal,Mobile,Hyderabad,0,151,42.56,570,0,0,0.6365131578947368,15.470000000000002,0,0,1.5616438356164384,0,8,5,0,1,0
T101070,CUST3569,2023-11-09 17:47:00,28.11,Health,UPI,Desktop,Mumbai,0,168,144.63,1676,0,0,0.1943580170089193,116.52,0,0,4.5917808219178085,0,17,3,0,0,0
T101071,CUST4287,2023-11-23 11:39:00,21.28,Health,Credit Card,Mobile,Kolkata,0,74,84.99,121,0,0,0.25038239792916817,63.709999999999994,0,0,0.3315068493150685,0,11,3,0,0,0
T101072,CUST1891,2023-08-17 11:05:00,3.44,Travel,Debit Card,Mobile,Hyderabad,0,74,472.89,683,0,0,0.007274418998075662,469.45,0,0,1.8712328767123287,0,11,3,0,0,0
T101073,CUST4391,2024-01-29 03:59:00,1.44,Food,NetBanking,POS,Kolkata,0,50,54.15,1505,0,0,0.026592797783933517,52.71,0,0,4.123287671232877,0,3,0,1,0,1
T101074,CUST1996,2023-12-07 23:23:00,352.0,Fashion,Credit Card,Desktop,Mumbai,0,10,381.51,643,0,0,0.9226494718356006,29.50999999999999,0,0,1.7616438356164383,0,23,3,0,0,0
T101075,CUST5164,2023-04-17 04:11:00,44.66,Food,Debit Card,Desktop,Kolkata,0,103,318.91,100,0,0,0.14003950957950517,274.25,0,0,0.273972602739726,0,4,0,1,0,1
T101076,CUST9935,2024-02-09 10:01:00,38.8,Health,UPI,Desktop,Chennai,0,94,320.07,1578,0,0,0.12122348236323303,281.27,0,0,4.323287671232877,0,10,4,0,0,0
T101077,CUST3963,2023-11-03 00:44:00,91.07,Grocery,PayPal,Mobile,Delhi,0,132,384.08,1454,0,0,0.2371120599875026,293.01,0,0,3.9835616438356163,0,0,4,1,0,1
T101078,CUST3046,2023-09-26 20:01:00,19.7,Electronics,NetBanking,Mobile,Kolkata,0,129,206.24,698,0,0,0.09551978277734677,186.54000000000002,0,0,1.9123287671232876,0,20,1,0,0,0
T101079,CUST4963,2023-03-31 04:01:00,239.6,Utilities,UPI,Desktop,Kolkata,0,43,206.36,110,0,0,1.1610777282419071,33.23999999999998,0,0,0.3013698630136986,0,4,4,1,0,1
T101080,CUST7076,2023-11-10 15:05:00,123.47,Travel,Debit Card,Desktop,Delhi,0,83,151.47,1153,0,0,0.8151449131841288,28.0,0,0,3.158904109589041,0,15,4,0,0,0
T101081,CUST1574,2023-02-11 16:34:00,7.49,Grocery,NetBanking,POS,Mumbai,1,133,302.9,624,0,0,0.024727632882139323,295.40999999999997,0,0,1.7095890410958905,0,16,5,0,1,1
T101082,CUST3650,2023-08-16 10:12:00,43.25,Entertainment,Credit Card,Desktop,Mumbai,1,104,465.6,247,0,0,0.09289089347079037,422.35,0,0,0.6767123287671233,0,10,2,0,0,1
T101083,CUST2217,2023-06-03 16:26:00,169.04,Fashion,PayPal,Mobile,Kolkata,0,34,462.75,913,0,0,0.36529443544030255,293.71000000000004,0,0,2.5013698630136987,0,16,5,0,1,0
T101084,CUST9762,2023-05-16 03:52:00,231.64,Grocery,Debit Card,Mobile,Chennai,0,194,354.45,778,0,1,0.6535195373113274,122.81,0,0,2.1315068493150684,0,3,1,1,0,1
T101085,CUST8689,2023-04-11 05:22:00,50.4,Entertainment,PayPal,Mobile,Hyderabad,0,24,454.03,154,0,1,0.11100588066867828,403.63,0,0,0.42191780821917807,0,5,1,0,0,0
T101086,CUST1759,2023-11-16 23:55:00,76.03,Grocery,NetBanking,POS,Chennai,0,142,482.12,230,0,0,0.1576993279681407,406.09000000000003,0,0,0.6301369863013698,0,23,3,0,0,0
T101087,CUST7950,2023-03-22 02:55:00,14.62,Fashion,UPI,Desktop,Delhi,1,41,399.6,1055,0,1,0.03658658658658658,384.98,0,0,2.8904109589041096,0,2,2,1,0,2
T101088,CUST2265,2023-06-04 18:11:00,378.36,Utilities,PayPal,Mobile,Delhi,0,170,209.84,603,0,0,1.803088067098742,168.52,0,0,1.652054794520548,0,18,6,0,1,0
T101089,CUST7950,2024-01-13 17:01:00,21.08,Grocery,Credit Card,POS,Pune,0,13,246.78,1073,0,0,0.08542021233487315,225.7,0,0,2.9397260273972603,0,17,5,0,1,0
T101090,CUST9927,2023-06-16 13:01:00,228.8,Travel,Debit Card,POS,Hyderabad,0,157,466.32,1012,0,0,0.490650197289415,237.51999999999998,0,0,2.7726027397260276,0,13,4,0,0,0
T101091,CUST2294,2024-01-20 19:17:00,83.91,Health,Credit Card,Mobile,Kolkata,0,193,338.3,751,1,0,0.24803428909252143,254.39000000000001,0,0,2.0575342465753423,0,19,5,0,1,1
T101092,CUST1693,2023-06-26 18:35:00,74.87,Food,PayPal,POS,Delhi,0,174,412.14,981,0,0,0.18166157131071967,337.27,0,0,2.6876712328767125,0,18,0,0,0,0
T101093,CUST2579,2023-08-15 20:48:00,57.51,Grocery,UPI,POS,Pune,1,162,66.9,1911,0,1,0.8596412556053811,9.390000000000008,0,0,5.235616438356164,0,20,1,0,0,1
T101094,CUST2849,2023-04-06 02:47:00,20.98,Travel,UPI,Mobile,Mumbai,0,191,105.01,209,0,0,0.19979049614322444,84.03,0,0,0.5726027397260274,0,2,3,1,0,1
T101095,CUST9796,2023-12-01 17:16:00,15.54,Food,Credit Card,POS,Delhi,0,132,178.61,1462,0,0,0.08700520687531492,163.07000000000002,0,0,4.005479452054795,0,17,4,0,0,0
T101096,CUST9814,2023-02-15 04:54:00,19.93,Utilities,NetBanking,Mobile,Bengaluru,0,28,102.24,1115,0,0,0.19493348982785602,82.31,0,0,3.0547945205479454,0,4,2,1,0,1
T101097,CUST2341,2023-03-01 04:27:00,16.51,Entertainment,NetBanking,Mobile,Hyderabad,0,83,454.17,302,0,0,0.03635202677411542,437.66,0,0,0.8273972602739726,0,4,2,1,0,1
T101098,CUST5726,2023-10-12 17:20:00,120.98,Food,UPI,POS,Pune,0,129,116.28,836,0,0,1.0404196766425868,4.700000000000003,0,0,2.2904109589041095,0,17,3,0,0,0
T101099,CUST7981,2023-03-03 09:46:00,34.48,Entertainment,Credit Card,Mobile,Hyderabad,0,164,283.02,1806,0,0,0.12182884601794926,248.54,0,0,4.947945205479452,0,9,4,0,0,0
T101100,CUST8885,2023-10-17 04:11:00,4.77,Grocery,Credit Card,Mobile,Hyderabad,1,107,51.87,792,0,0,0.09196067090803932,47.099999999999994,0,0,2.16986301369863,0,4,1,1,0,2
T101101,CUST7562,2023-06-05 17:45:00,278.17,Travel,Credit Card,Desktop,Bengaluru,0,13,85.93,1063,0,0,3.2371697893634352,192.24,1,0,2.9123287671232876,0,17,0,0,0,1
T101102,CUST4240,2023-07-31 06:19:00,172.19,Health,PayPal,Mobile,Chennai,0,114,131.23,728,0,0,1.31212375219081,40.96000000000001,0,0,1.9945205479452055,0,6,0,0,0,0
T101103,CUST5853,2023-07-25 09:08:00,210.21,Grocery,NetBanking,Desktop,Mumbai,0,106,491.62,950,0,0,0.4275863471787153,281.40999999999997,0,0,2.6027397260273974,0,9,1,0,0,0
T101104,CUST2681,2023-07-07 18:35:00,422.4,Entertainment,NetBanking,Desktop,Hyderabad,0,5,400.56,651,0,0,1.054523666866387,21.839999999999975,0,0,1.7835616438356163,0,18,4,0,0,0
T101105,CUST1931,2024-01-14 02:42:00,15.28,Fashion,PayPal,Desktop,Delhi,1,97,340.04,569,0,0,0.04493588989530643,324.76000000000005,0,0,1.558904109589041,0,2,6,1,1,2
T101106,CUST8246,2024-02-03 15:24:00,40.37,Food,Debit Card,Desktop,Mumbai,0,14,458.97,1015,0,0,0.08795781859380786,418.6,0,0,2.780821917808219,0,15,5,0,1,0
T101107,CUST3628,2023-12-02 09:24:00,113.58,Grocery,PayPal,POS,Delhi,0,80,478.54,489,0,0,0.2373469302461654,364.96000000000004,0,0,1.3397260273972602,0,9,5,0,1,0
T101108,CUST5970,2023-10-22 23:47:00,95.26,Entertainment,Credit Card,POS,Mumbai,0,120,232.25,1114,0,0,0.41016146393972014,136.99,0,0,3.052054794520548,0,23,6,0,1,0
T101109,CUST8785,2023-01-05 21:00:00,13.37,Utilities,PayPal,Mobile,Kolkata,0,160,170.57,1111,0,0,0.07838424107404585,157.2,0,0,3.043835616438356,0,21,3,0,0,0
T101110,CUST3919,2024-01-02 23:35:00,135.35,Food,Credit Card,Mobile,Mumbai,0,178,164.5,329,0,0,0.8227963525835866,29.150000000000006,0,0,0.9013698630136986,0,23,1,0,0,0
T101111,CUST2338,2023-10-26 10:13:00,20.33,Utilities,UPI,Mobile,Pune,0,155,27.51,526,0,0,0.7390039985459832,7.180000000000003,0,0,1.441095890410959,0,10,3,0,0,0
T101112,CUST4232,2023-02-26 22:18:00,20.27,Entertainment,Credit Card,POS,Delhi,0,35,147.02,1392,0,0,0.13787239831315465,126.75000000000001,0,0,3.813698630136986,0,22,6,0,1,0
T101113,CUST5642,2023-01-09 16:55:00,61.6,Travel,NetBanking,Desktop,Delhi,0,3,183.97,1305,0,0,0.3348372017176714,122.37,0,0,3.5753424657534247,1,16,0,0,0,0
T101114,CUST7572,2023-04-12 12:44:00,71.9,Electronics,PayPal,POS,Kolkata,1,4,28.08,1460,0,0,2.560541310541311,43.82000000000001,0,0,4.0,1,12,2,0,0,1
T101115,CUST7974,2024-01-23 11:06:00,69.42,Utilities,Credit Card,POS,Mumbai,0,135,442.48,1309,0,0,0.1568884469354547,373.06,0,0,3.5863013698630137,0,11,1,0,0,0
T101116,CUST2143,2023-12-23 22:57:00,7.68,Grocery,Debit Card,Mobile,Hyderabad,0,131,425.45,1434,0,0,0.01805147490891997,417.77,0,0,3.9287671232876713,0,22,5,0,1,0
T101117,CUST4368,2023-05-07 00:06:00,167.95,Health,UPI,Mobile,Delhi,0,81,133.24,1198,0,0,1.260507355148604,34.70999999999998,0,0,3.282191780821918,0,0,6,1,1,1
T101118,CUST7693,2023-07-15 09:03:00,24.7,Grocery,Debit Card,Mobile,Kolkata,0,111,403.25,620,0,0,0.06125232486050837,378.55,0,0,1.6986301369863013,0,9,5,0,1,0
T101119,CUST4885,2023-05-29 05:46:00,11.1,Food,Debit Card,Desktop,Bengaluru,0,59,400.14,370,0,0,0.027740290898185634,389.03999999999996,0,0,1.0136986301369864,0,5,0,0,0,0
T101120,CUST5776,2023-07-02 22:44:00,175.68,Travel,Debit Card,Desktop,Bengaluru,0,74,174.16,1859,0,0,1.0087276067983464,1.5200000000000102,0,0,5.093150684931507,0,22,6,0,1,0
T101121,CUST8265,2023-02-06 21:32:00,249.25,Entertainment,UPI,POS,Mumbai,0,129,351.56,1851,0,0,0.7089828194333826,102.31,0,0,5.071232876712329,0,21,0,0,0,0
T101122,CUST1988,2023-01-11 07:41:00,158.51,Fashion,UPI,Desktop,Chennai,0,156,152.03,432,1,0,1.0426231664802998,6.47999999999999,0,0,1.1835616438356165,0,7,2,0,0,1
T101123,CUST6779,2023-03-13 07:13:00,132.65,Health,UPI,Mobile,Mumbai,0,59,44.44,317,0,0,2.9849234923492354,88.21000000000001,0,0,0.8684931506849315,0,7,0,0,0,0
T101124,CUST8053,2023-11-21 02:08:00,85.19,Travel,UPI,Desktop,Kolkata,0,118,257.35,1018,0,1,0.3310277831746648,172.16000000000003,0,0,2.789041095890411,0,2,1,1,0,1
T101125,CUST7366,2023-08-23 21:11:00,64.03,Utilities,Debit Card,Desktop,Mumbai,0,181,224.78,243,0,0,0.2848563039416318,160.75,0,0,0.6657534246575343,0,21,2,0,0,0
T101126,CUST5019,2023-02-14 06:13:00,7.28,Utilities,NetBanking,Desktop,Hyderabad,0,138,77.69,561,0,0,0.09370575363624663,70.41,0,0,1.536986301369863,0,6,1,0,0,0
T101127,CUST3876,2023-12-03 11:40:00,42.0,Grocery,NetBanking,Desktop,Hyderabad,0,199,250.37,899,0,0,0.1677517274433838,208.37,0,0,2.463013698630137,0,11,6,0,1,0
T101128,CUST1888,2023-02-11 10:00:00,37.3,Fashion,UPI,Mobile,Pune,0,103,475.19,771,0,0,0.07849491782234475,437.89,0,0,2.1123287671232878,0,10,5,0,1,0
T101129,CUST4453,2023-09-16 10:53:00,24.06,Travel,PayPal,Mobile,Kolkata,0,131,368.38,1629,0,0,0.0653129920191107,344.32,0,0,4.463013698630137,0,10,5,0,1,0
T101130,CUST7748,2023-06-13 20:11:00,102.82,Electronics,Credit Card,POS,Chennai,0,135,372.05,1601,0,0,0.27636070420642384,269.23,0,0,4.3863013698630136,0,20,1,0,0,0
T101131,CUST1539,2023-10-22 07:37:00,54.79,Health,PayPal,POS,Kolkata,0,9,381.2,240,0,0,0.14373032528856244,326.40999999999997,0,0,0.6575342465753424,0,7,6,0,1,0
T101132,CUST3380,2023-01-14 07:23:00,6.76,Food,PayPal,POS,Kolkata,1,99,374.87,200,0,0,0.01803291807826713,368.11,0,0,0.547945205479452,0,7,5,0,1,1
T101133,CUST3268,2023-12-13 23:19:00,19.9,Travel,PayPal,Desktop,Chennai,0,197,19.75,567,0,0,1.0075949367088606,0.14999999999999858,0,0,1.5534246575342465,0,23,2,0,0,0
T101134,CUST7445,2024-02-15 05:13:00,91.97,Travel,NetBanking,Desktop,Kolkata,1,141,463.1,1316,1,1,0.19859641546102352,371.13,0,0,3.6054794520547944,0,5,3,0,0,2
T101135,CUST4442,2024-02-08 08:42:00,6.33,Electronics,Credit Card,Mobile,Chennai,1,168,416.77,831,0,0,0.015188233318137102,410.44,0,0,2.276712328767123,0,8,3,0,0,1
T101136,CUST7417,2023-09-14 00:41:00,152.42,Grocery,PayPal,POS,Chennai,0,114,144.54,705,0,0,1.0545177805451778,7.8799999999999955,0,0,1.9315068493150684,0,0,3,1,0,1
T101137,CUST3674,2023-10-18 23:57:00,54.68,Entertainment,UPI,Mobile,Chennai,0,62,280.84,419,0,0,0.19470160945734227,226.15999999999997,0,0,1.1479452054794521,0,23,2,0,0,0
T101138,CUST5292,2023-02-02 20:05:00,52.4,Entertainment,NetBanking,POS,Kolkata,0,62,311.35,450,0,0,0.16829934157700335,258.95000000000005,0,0,1.2328767123287672,0,20,3,0,0,0
T101139,CUST9479,2023-05-27 01:31:00,71.8,Health,UPI,POS,Kolkata,0,10,74.65,91,0,0,0.9618218352310782,2.8500000000000085,0,0,0.2493150684931507,0,1,5,1,1,1
T101140,CUST5539,2023-02-05 02:29:00,139.29,Health,UPI,POS,Mumbai,0,87,134.44,115,0,1,1.0360755727462065,4.849999999999994,0,0,0.3150684931506849,0,2,6,1,1,1
T101141,CUST1758,2023-08-12 17:16:00,34.19,Food,PayPal,Desktop,Kolkata,0,11,21.39,1042,1,0,1.598410472183263,12.799999999999997,0,0,2.8547945205479452,0,17,5,0,1,1
T101142,CUST3247,2023-12-21 00:33:00,90.66,Travel,UPI,POS,Mumbai,1,62,433.34,1638,0,0,0.20921216596667744,342.67999999999995,0,0,4.487671232876712,0,0,3,1,0,2
T101143,CUST8907,2023-09-10 17:01:00,66.73,Fashion,Credit Card,POS,Pune,0,77,22.2,520,0,0,3.0058558558558564,44.53,1,0,1.4246575342465753,0,17,6,0,1,1
T101144,CUST8426,2024-02-17 19:34:00,24.85,Travel,UPI,Desktop,Bengaluru,1,104,166.16,925,0,1,0.14955464612421762,141.31,0,0,2.5342465753424657,0,19,5,0,1,1
T101145,CUST9046,2024-02-15 07:47:00,168.71,Entertainment,PayPal,POS,Bengaluru,0,56,48.34,89,0,0,3.4900703351261892,120.37,1,0,0.24383561643835616,0,7,3,0,0,1
T101146,CUST2590,2024-02-06 10:51:00,127.73,Food,UPI,Desktop,Pune,0,110,392.89,506,0,0,0.3251037185980809,265.15999999999997,0,0,1.3863013698630138,0,10,1,0,0,0
T101147,CUST6423,2023-02-13 15:03:00,85.94,Travel,NetBanking,Desktop,Pune,0,49,463.24,349,0,0,0.18551938519989639,377.3,0,0,0.9561643835616438,0,15,0,0,0,0
T101148,CUST7565,2023-09-15 07:05:00,152.08,Electronics,NetBanking,Mobile,Delhi,0,16,285.78,719,0,0,0.5321576037511373,133.69999999999996,0,0,1.9698630136986301,0,7,4,0,0,0
T101149,CUST1029,2023-11-16 18:58:00,161.57,Entertainment,NetBanking,Desktop,Mumbai,0,73,78.39,81,0,0,2.0611047327465237,83.17999999999999,0,0,0.2219178082191781,0,18,3,0,0,0
T101150,CUST2723,2023-12-10 13:06:00,98.58,Travel,Debit Card,Desktop,Chennai,0,116,283.5,686,1,0,0.3477248677248677,184.92000000000002,0,0,1.8794520547945206,0,13,6,0,1,1
T101151,CUST6286,2023-06-21 05:40:00,145.13,Travel,NetBanking,Desktop,Delhi,1,93,387.47,857,0,0,0.3745580302991199,242.34000000000003,0,0,2.347945205479452,0,5,2,0,0,1
T101152,CUST7788,2023-12-11 04:06:00,95.65,Entertainment,NetBanking,POS,Hyderabad,0,137,362.02,1130,0,0,0.26421192199326005,266.37,0,0,3.095890410958904,0,4,0,1,0,1
T101153,CUST1698,2024-02-19 22:58:00,91.19,Fashion,Debit Card,Mobile,Mumbai,0,33,373.44,148,0,0,0.24418916023993145,282.25,0,0,0.4054794520547945,0,22,0,0,0,0
T101154,CUST2734,2023-08-31 15:18:00,77.11,Entertainment,NetBanking,POS,Kolkata,0,88,146.8,750,0,0,0.5252724795640327,69.69000000000001,0,0,2.0547945205479454,0,15,3,0,0,0
T101155,CUST5106,2024-02-20 09:25:00,111.78,Electronics,PayPal,Desktop,Pune,0,163,46.13,1235,0,0,2.4231519618469544,65.65,0,0,3.3835616438356166,0,9,1,0,0,0
T101156,CUST5465,2023-11-17 01:41:00,13.82,Electronics,NetBanking,Desktop,Bengaluru,0,39,82.99,535,0,0,0.16652608748041933,69.16999999999999,0,0,1.4657534246575343,0,1,4,1,0,1
T101157,CUST9228,2023-07-06 02:53:00,170.2,Travel,NetBanking,Mobile,Mumbai,0,114,478.2,1703,0,0,0.355918025930573,308.0,0,0,4.6657534246575345,0,2,3,1,0,1
T101158,CUST3843,2024-02-11 16:41:00,164.36,Health,Debit Card,Mobile,Pune,0,77,310.62,666,0,0,0.529135277831434,146.26,0,0,1.8246575342465754,0,16,6,0,1,0
T101159,CUST8319,2023-03-24 04:44:00,2.37,Fashion,PayPal,Desktop,Mumbai,0,87,366.67,182,0,0,0.006463577603839965,364.3,0,0,0.4986301369863014,0,4,4,1,0,1
T101160,CUST3677,2023-11-25 01:54:00,139.81,Travel,UPI,Desktop,Kolkata,0,153,450.54,1071,0,0,0.3103165090779953,310.73,0,0,2.9342465753424656,0,1,5,1,1,1
T101161,CUST5039,2023-03-29 06:05:00,11.04,Entertainment,Credit Card,POS,Mumbai,0,114,427.85,1117,1,1,0.025803435783569004,416.81,0,0,3.0602739726027397,0,6,2,0,0,1
T101162,CUST5158,2024-01-10 03:22:00,32.65,Travel,PayPal,Desktop,Kolkata,0,56,117.02,526,0,0,0.27901213467783287,84.37,0,0,1.441095890410959,0,3,2,1,0,1
T101163,CUST5910,2023-08-23 14:58:00,108.85,Food,UPI,POS,Mumbai,0,176,38.45,1801,0,0,2.830949284785435,70.39999999999999,0,0,4.934246575342466,0,14,2,0,0,0
T101164,CUST6551,2023-09-18 05:53:00,14.02,Food,PayPal,Mobile,Hyderabad,0,138,463.31,108,0,0,0.030260516716669184,449.29,0,0,0.2958904109589041,0,5,0,0,0,0
T101165,CUST5488,2023-06-12 04:26:00,136.29,Health,UPI,POS,Bengaluru,0,41,491.02,88,0,1,0.27756506863264224,354.73,0,0,0.2410958904109589,0,4,0,1,0,1
T101166,CUST1501,2023-10-29 11:35:00,142.77,Fashion,UPI,Desktop,Mumbai,0,104,288.0,1464,0,0,0.4957291666666667,145.23,0,0,4.010958904109589,0,11,6,0,1,0
T101167,CUST5189,2023-11-15 15:32:00,56.66,Grocery,PayPal,POS,Pune,0,99,445.32,792,0,0,0.12723434833378244,388.65999999999997,0,0,2.16986301369863,0,15,2,0,0,0
T101168,CUST2924,2023-05-25 02:29:00,0.51,Utilities,Debit Card,POS,Hyderabad,0,59,123.59,855,0,0,0.0041265474552957355,123.08,0,0,2.3424657534246576,0,2,3,1,0,1
T101169,CUST7617,2024-02-04 12:46:00,27.07,Food,PayPal,Mobile,Delhi,0,156,64.41,1114,0,0,0.42027635460332247,37.339999999999996,0,0,3.052054794520548,0,12,6,0,1,0
T101170,CUST8546,2023-07-04 20:20:00,76.76,Grocery,PayPal,POS,Mumbai,0,122,254.91,1520,0,0,0.30112588756816133,178.14999999999998,0,0,4.164383561643835,0,20,1,0,0,0
T101171,CUST9712,2023-02-06 03:11:00,317.85,Electronics,UPI,Desktop,Kolkata,1,120,407.48,1683,0,1,0.7800382840875626,89.63,0,0,4.610958904109589,0,3,0,1,0,2
T101172,CUST5827,2023-09-19 10:36:00,79.93,Food,Credit Card,POS,Hyderabad,0,41,330.78,1132,0,0,0.24164096982888933,250.84999999999997,0,0,3.1013698630136988,0,10,1,0,0,0
T101173,CUST9612,2023-09-13 19:37:00,24.07,Food,UPI,POS,Chennai,0,66,322.29,1802,0,0,0.07468429054578174,298.22,0,0,4.936986301369863,0,19,2,0,0,0
T101174,CUST8552,2023-07-09 07:20:00,80.41,Fashion,NetBanking,POS,Delhi,0,179,18.55,1892,0,0,4.334770889487871,61.86,1,0,5.183561643835616,0,7,6,0,1,1
T101175,CUST7814,2024-01-03 19:55:00,62.12,Health,PayPal,Desktop,Bengaluru,0,62,165.57,1736,1,1,0.37518874192184576,103.44999999999999,0,0,4.756164383561644,0,19,2,0,0,1
T101176,CUST6675,2023-01-28 21:02:00,121.07,Grocery,PayPal,POS,Mumbai,0,158,470.35,1541,0,0,0.2574040608057829,349.28000000000003,0,0,4.221917808219178,0,21,5,0,1,0
T101177,CUST9301,2023-09-01 22:49:00,9.05,Entertainment,Debit Card,Desktop,Mumbai,0,40,75.79,273,0,0,0.11940889299379866,66.74000000000001,0,0,0.7479452054794521,0,22,4,0,0,0
T101178,CUST8502,2023-09-01 10:03:00,114.51,Food,UPI,POS,Hyderabad,0,40,365.92,237,0,0,0.31293725404459993,251.41000000000003,0,0,0.6493150684931507,0,10,4,0,0,0
T101179,CUST7502,2023-10-04 18:21:00,62.34,Food,Debit Card,Mobile,Bengaluru,0,197,382.06,885,0,0,0.16316808878186673,319.72,0,0,2.4246575342465753,0,18,2,0,0,0
T101180,CUST5934,2023-02-20 23:54:00,263.73,Fashion,PayPal,Mobile,Chennai,0,102,369.09,1140,0,0,0.7145411688206129,105.35999999999996,0,0,3.1232876712328768,0,23,0,0,0,0
T101181,CUST4362,2023-07-20 01:08:00,33.47,Fashion,UPI,Mobile,Delhi,0,190,494.75,1704,0,0,0.06765032844871147,461.28,0,0,4.668493150684932,0,1,3,1,0,1
T101182,CUST1004,2023-09-25 01:37:00,80.11,Health,UPI,Desktop,Pune,1,15,210.51,629,0,1,0.3805519927794404,130.39999999999998,0,0,1.7232876712328766,0,1,0,1,0,2
T101183,CUST1445,2023-12-06 14:12:00,215.09,Grocery,NetBanking,Desktop,Bengaluru,0,124,344.27,674,0,0,0.6247712551195284,129.17999999999998,0,0,1.8465753424657534,0,14,2,0,0,0
T101184,CUST3456,2023-07-29 06:22:00,8.65,Electronics,NetBanking,Desktop,Mumbai,0,131,104.89,68,0,0,0.08246734674420822,96.24,0,0,0.1863013698630137,0,6,5,0,1,0
T101185,CUST5637,2023-05-28 14:02:00,221.46,Entertainment,Credit Card,POS,Hyderabad,0,24,205.86,1229,0,0,1.0757796560769455,15.599999999999994,0,0,3.367123287671233,0,14,6,0,1,0
T101186,CUST3353,2023-10-19 11:35:00,93.15,Health,NetBanking,Desktop,Chennai,0,169,250.86,507,0,0,0.371322650083712,157.71,0,0,1.389041095890411,0,11,3,0,0,0
T101187,CUST1996,2024-02-04 07:50:00,5.62,Utilities,UPI,Desktop,Hyderabad,0,191,115.27,1645,0,0,0.04875509672941789,109.64999999999999,0,0,4.506849315068493,0,7,6,0,1,0
T101188,CUST1004,2023-09-08 05:29:00,28.64,Electronics,NetBanking,Desktop,Delhi,0,48,454.34,49,0,0,0.06303649249460756,425.7,0,0,0.13424657534246576,0,5,4,0,0,0
T101189,CUST7344,2024-02-12 05:07:00,98.53,Travel,Credit Card,Desktop,Kolkata,0,189,360.94,250,0,0,0.2729816590014961,262.40999999999997,0,0,0.684931506849315,0,5,0,0,0,0
T101190,CUST8390,2023-12-14 00:52:00,5.58,Food,PayPal,Mobile,Kolkata,0,48,149.04,1902,0,0,0.03743961352657005,143.45999999999998,0,0,5.210958904109589,0,0,3,1,0,1
T101191,CUST4411,2023-01-08 18:52:00,69.81,Grocery,NetBanking,POS,Bengaluru,0,47,76.13,304,0,0,0.9169841061342442,6.319999999999993,0,0,0.8328767123287671,0,18,6,0,1,0
T101192,CUST8686,2023-02-02 22:32:00,33.96,Health,UPI,Mobile,Hyderabad,0,184,151.05,1753,0,0,0.22482621648460774,117.09,0,0,4.802739726027397,0,22,3,0,0,0
T101193,CUST6080,2023-06-30 00:55:00,77.6,Food,PayPal,POS,Pune,0,105,315.26,1207,0,1,0.24614603819069972,237.66,0,0,3.3068493150684932,0,0,4,1,0,1
T101194,CUST3726,2023-05-28 08:12:00,3.75,Grocery,UPI,POS,Pune,0,113,414.94,492,0,0,0.009037451197763531,411.19,0,0,1.347945205479452,0,8,6,0,1,0
T101195,CUST4770,2023-03-30 07:37:00,164.17,Grocery,PayPal,Mobile,Kolkata,0,8,256.55,1462,0,0,0.6399142467355291,92.38000000000002,0,0,4.005479452054795,0,7,3,0,0,0
T101196,CUST2513,2023-10-19 20:26:00,290.42,Grocery,UPI,Desktop,Kolkata,1,18,60.22,1708,0,0,4.82265028229824,230.20000000000002,1,0,4.67945205479452,0,20,3,0,0,2
T101197,CUST9715,2023-09-06 07:31:00,277.59,Food,NetBanking,Mobile,Hyderabad,0,108,132.16,280,1,0,2.1004085956416465,145.42999999999998,0,0,0.7671232876712328,0,7,2,0,0,1
T101198,CUST1009,2023-10-15 01:49:00,110.79,Health,NetBanking,POS,Mumbai,0,84,179.12,241,0,0,0.6185238945958017,68.33,0,0,0.6602739726027397,0,1,6,1,1,1
T101199,CUST6293,2023-03-03 23:32:00,11.15,Entertainment,Credit Card,POS,Hyderabad,0,151,321.71,1531,0,0,0.034658543408659974,310.56,0,0,4.1945205479452055,0,23,4,0,0,0
T101200,CUST6139,2023-09-19 06:52:00,113.59,Fashion,PayPal,Desktop,Chennai,0,197,130.86,1714,0,0,0.8680268989760048,17.27000000000001,0,0,4.695890410958904,0,6,1,0,0,0
T101201,CUST5740,2023-06-16 00:32:00,1.99,Food,Credit Card,Mobile,Bengaluru,0,65,124.62,716,0,0,0.015968544374899696,122.63000000000001,0,0,1.9616438356164383,0,0,4,1,0,1
T101202,CUST2813,2023-07-10 12:35:00,1.79,Utilities,Debit Card,POS,Delhi,0,109,150.24,448,0,0,0.011914270500532481,148.45000000000002,0,0,1.2273972602739727,0,12,0,0,0,0
T101203,CUST9155,2023-03-17 21:12:00,31.28,Grocery,NetBanking,Mobile,Pune,0,46,300.34,1225,0,0,0.10414863155090898,269.05999999999995,0,0,3.356164383561644,0,21,4,0,0,0
T101204,CUST6151,2023-08-24 19:34:00,53.66,Health,PayPal,Desktop,Hyderabad,0,66,251.39,536,0,0,0.2134532002068499,197.73,0,0,1.4684931506849315,0,19,3,0,0,0
T101205,CUST8379,2023-03-21 05:09:00,117.72,Entertainment,Credit Card,Desktop,Chennai,0,80,422.4,675,0,0,0.2786931818181818,304.67999999999995,0,0,1.8493150684931507,0,5,1,0,0,0
T101206,CUST1599,2023-01-15 16:09:00,91.98,Travel,Credit Card,POS,Kolkata,1,197,351.99,1681,0,0,0.26131424188187163,260.01,0,0,4.605479452054794,0,16,6,0,1,1
T101207,CUST8883,2023-01-25 00:22:00,47.23,Utilities,Debit Card,Desktop,Pune,0,150,336.74,898,0,1,0.14025657777513809,289.51,0,0,2.4602739726027396,0,0,2,1,0,1
T101208,CUST2786,2023-10-16 16:26:00,25.58,Electronics,Credit Card,POS,Pune,0,193,85.78,1256,0,0,0.29820470972254604,60.2,0,0,3.441095890410959,0,16,0,0,0,0
T101209,CUST4186,2023-11-26 03:22:00,468.12,Utilities,UPI,POS,Delhi,0,140,37.06,1972,0,0,12.631408526713438,431.06,1,0,5.402739726027397,0,3,6,1,1,2
T101210,CUST8724,2024-01-20 22:14:00,44.44,Grocery,NetBanking,Desktop,Pune,0,147,259.9,521,0,0,0.17098884186225471,215.45999999999998,0,0,1.4273972602739726,0,22,5,0,1,0
T101211,CUST2036,2023-05-22 04:20:00,48.03,Travel,Credit Card,Desktop,Chennai,0,150,45.1,324,0,0,1.0649667405764967,2.9299999999999997,0,0,0.8876712328767123,0,4,0,1,0,1
T101212,CUST1199,2023-03-30 15:57:00,14.29,Fashion,Credit Card,Mobile,Pune,0,183,188.37,486,0,0,0.07586133673090194,174.08,0,0,1.3315068493150686,0,15,3,0,0,0
T101213,CUST6861,2023-08-10 14:48:00,126.71,Entertainment,Debit Card,Mobile,Pune,1,106,22.8,1199,0,0,5.557456140350877,103.91,1,0,3.2849315068493152,0,14,3,0,0,2
T101214,CUST1949,2023-05-20 14:34:00,94.65,Entertainment,UPI,POS,Hyderabad,0,126,96.64,1291,0,0,0.9794081125827815,1.9899999999999949,0,0,3.536986301369863,0,14,5,0,1,0
T101215,CUST3778,2023-01-03 22:03:00,19.96,Grocery,Credit Card,Mobile,Hyderabad,0,190,64.08,769,0,0,0.31148564294631714,44.12,0,0,2.106849315068493,0,22,1,0,0,0
T101216,CUST7529,2023-10-24 09:09:00,6.88,Utilities,NetBanking,POS,Kolkata,0,179,402.48,1820,0,0,0.017094017094017092,395.6,0,0,4.986301369863014,0,9,1,0,0,0
T101217,CUST4935,2023-07-23 14:32:00,91.28,Utilities,NetBanking,Desktop,Bengaluru,0,176,179.6,453,0,0,0.5082405345211581,88.32,0,0,1.2410958904109588,0,14,6,0,1,0
T101218,CUST2550,2023-12-04 10:57:00,85.02,Entertainment,Credit Card,Desktop,Mumbai,0,145,48.63,1037,0,0,1.7483035163479332,36.38999999999999,0,0,2.841095890410959,0,10,0,0,0,0
T101219,CUST6232,2023-03-18 03:23:00,25.53,Travel,UPI,Mobile,Chennai,0,13,140.09,321,0,0,0.1822399885787708,114.56,0,0,0.8794520547945206,0,3,5,1,1,1
T101220,CUST9460,2023-05-28 15:23:00,241.05,Grocery,NetBanking,POS,Mumbai,0,28,344.58,185,0,0,0.6995472749434094,103.52999999999997,0,0,0.5068493150684932,0,15,6,0,1,0
T101221,CUST9333,2023-12-20 06:57:00,13.1,Food,NetBanking,POS,Mumbai,0,123,375.36,1904,0,0,0.03489982949701619,362.26,0,0,5.2164383561643834,0,6,2,0,0,0
T101222,CUST5603,2023-10-28 20:11:00,45.3,Health,UPI,Mobile,Pune,0,67,68.73,379,0,0,0.6591008293321693,23.430000000000007,0,0,1.0383561643835617,0,20,5,0,1,0
T101223,CUST8241,2023-10-14 21:42:00,230.05,Travel,UPI,POS,Kolkata,0,5,391.5,1495,0,0,0.5876117496807153,161.45,0,0,4.095890410958904,0,21,5,0,1,0
T101224,CUST5894,2024-02-20 17:18:00,43.54,Health,Credit Card,POS,Delhi,0,100,191.57,1987,1,0,0.22727984548728924,148.03,0,0,5.443835616438356,0,17,1,0,0,1
T101225,CUST5810,2023-09-19 16:57:00,81.41,Food,PayPal,Desktop,Delhi,1,188,342.9,272,0,1,0.23741615631379412,261.49,0,0,0.7452054794520548,0,16,1,0,0,1
T101226,CUST1143,2023-07-18 04:42:00,40.55,Food,Debit Card,POS,Pune,0,143,339.04,1260,0,0,0.11960240679565831,298.49,0,0,3.452054794520548,0,4,1,1,0,1
T101227,CUST8715,2023-10-16 00:42:00,25.64,Health,PayPal,POS,Kolkata,0,81,398.86,1481,1,0,0.06428320714034999,373.22,0,0,4.057534246575343,0,0,0,1,0,2
T101228,CUST2643,2023-06-16 09:09:00,330.7,Travel,PayPal,POS,Chennai,0,44,351.62,1819,0,0,0.9405039531312211,20.920000000000016,0,0,4.983561643835617,0,9,4,0,0,0
T101229,CUST2856,2023-01-31 17:35:00,42.12,Health,NetBanking,Mobile,Mumbai,0,119,29.05,1001,0,0,1.4499139414802065,13.069999999999997,0,0,2.7424657534246575,0,17,1,0,0,0
T101230,CUST5189,2023-01-01 18:56:00,179.62,Health,UPI,Mobile,Bengaluru,0,46,264.55,287,0,0,0.6789642789642789,84.93,0,0,0.7863013698630137,0,18,6,0,1,0
T101231,CUST2456,2024-01-01 05:45:00,20.9,Electronics,NetBanking,Mobile,Kolkata,0,157,91.43,614,1,1,0.22859017827846437,70.53,0,0,1.6821917808219178,0,5,0,0,0,1
T101232,CUST2210,2023-06-14 10:00:00,19.17,Travel,Debit Card,POS,Mumbai,0,68,485.28,64,0,0,0.03950296735905045,466.10999999999996,0,0,0.17534246575342466,0,10,2,0,0,0
T101233,CUST7913,2023-04-13 01:27:00,2.53,Utilities,Credit Card,POS,Delhi,0,128,135.36,1182,0,0,0.01869089834515366,132.83,0,0,3.2383561643835614,0,1,3,1,0,1
T101234,CUST2138,2023-01-31 10:54:00,84.37,Utilities,Debit Card,Mobile,Mumbai,0,49,215.85,459,0,0,0.3908732916377114,131.48,0,0,1.2575342465753425,0,10,1,0,0,0
T101235,CUST6162,2023-02-14 15:40:00,36.78,Electronics,NetBanking,Mobile,Hyderabad,0,171,106.38,1753,0,0,0.3457416807670615,69.6,0,0,4.802739726027397,0,15,1,0,0,0
T101236,CUST1558,2023-08-14 04:39:00,159.82,Grocery,NetBanking,POS,Hyderabad,0,102,75.95,1372,0,0,2.1042791310072415,83.86999999999999,0,0,3.758904109589041,0,4,0,1,0,1
T101237,CUST2522,2023-06-25 12:25:00,51.28,Entertainment,NetBanking,POS,Bengaluru,1,196,304.46,124,0,0,0.16842935032516587,253.17999999999998,0,0,0.33972602739726027,0,12,6,0,1,1
T101238,CUST9724,2023-05-13 16:32:00,275.85,Utilities,NetBanking,Desktop,Chennai,0,77,251.66,249,0,0,1.096121751569578,24.190000000000026,0,0,0.6821917808219178,0,16,5,0,1,0
T101239,CUST6111,2023-12-08 05:19:00,16.42,Health,PayPal,Mobile,Mumbai,1,20,193.58,330,0,0,0.08482281227399525,177.16000000000003,0,0,0.9041095890410958,0,5,4,0,0,1
T101240,CUST7098,2023-06-07 23:05:00,162.37,Grocery,Credit Card,POS,Hyderabad,0,111,51.86,1690,0,0,3.1309294253760123,110.51,1,0,4.63013698630137,0,23,2,0,0,1
T101241,CUST9408,2023-09-21 05:05:00,119.9,Utilities,PayPal,Mobile,Chennai,0,146,370.62,1238,0,0,0.32351195294371593,250.72,0,0,3.3917808219178083,0,5,3,0,0,0
T101242,CUST8944,2024-01-12 06:47:00,117.9,Travel,NetBanking,Mobile,Kolkata,0,192,12.87,1090,0,0,9.160839160839162,105.03,1,0,2.9863013698630136,0,6,4,0,0,1
T101243,CUST8076,2023-04-06 11:21:00,149.03,Health,UPI,Mobile,Kolkata,0,177,234.25,804,0,0,0.6362006403415155,85.22,0,0,2.202739726027397,0,11,3,0,0,0
T101244,CUST8867,2023-10-16 13:47:00,114.51,Entertainment,PayPal,Desktop,Hyderabad,1,115,319.96,1675,1,1,0.3578884860607576,205.45,0,0,4.589041095890411,0,13,0,0,0,2
T101245,CUST7220,2023-06-27 11:56:00,78.73,Grocery,NetBanking,POS,Chennai,0,170,221.05,429,0,0,0.35616376385433157,142.32,0,0,1.1753424657534246,0,11,1,0,0,0
T101246,CUST6004,2023-09-30 18:21:00,11.26,Utilities,NetBanking,POS,Chennai,0,12,71.84,719,0,0,0.1567371937639198,60.580000000000005,0,0,1.9698630136986301,0,18,5,0,1,0
T101247,CUST1023,2023-09-09 02:15:00,2.65,Utilities,Credit Card,Mobile,Hyderabad,0,79,391.34,1195,0,0,0.006771605253743548,388.69,0,0,3.2739726027397262,0,2,5,1,1,1
T101248,CUST1067,2023-03-25 05:55:00,202.91,Fashion,Debit Card,POS,Pune,0,119,168.73,1022,0,0,1.2025721567000534,34.18000000000001,0,0,2.8,0,5,5,0,1,0
T101249,CUST6802,2023-08-04 21:21:00,76.7,Utilities,PayPal,Desktop,Delhi,0,36,76.03,163,0,0,1.008812310929896,0.6700000000000017,0,0,0.4465753424657534,0,21,4,0,0,0
T101250,CUST9594,2023-01-11 09:41:00,127.38,Food,PayPal,Mobile,Chennai,0,8,279.63,1498,1,1,0.4555305224761292,152.25,0,0,4.104109589041096,0,9,2,0,0,1
T101251,CUST6375,2023-11-25 06:54:00,52.55,Health,PayPal,Desktop,Kolkata,0,28,19.39,690,0,0,2.710159876224858,33.16,0,0,1.8904109589041096,0,6,5,0,1,0
T101252,CUST6663,2023-09-09 02:12:00,9.98,Entertainment,NetBanking,Desktop,Pune,0,116,168.79,1959,0,0,0.059126725516914516,158.81,0,0,5.367123287671233,0,2,5,1,1,1
T101253,CUST8028,2023-02-21 03:59:00,10.7,Food,Credit Card,POS,Mumbai,0,86,377.81,1341,0,0,0.02832111378735343,367.11,0,0,3.673972602739726,0,3,1,1,0,1
T101254,CUST3254,2023-05-25 12:24:00,92.56,Electronics,NetBanking,POS,Pune,0,188,457.23,1955,1,0,0.20243641055923714,364.67,0,0,5.3561643835616435,0,12,3,0,0,1
T101255,CUST2412,2023-01-02 14:12:00,45.01,Grocery,NetBanking,Desktop,Hyderabad,0,49,299.95,287,0,0,0.1500583430571762,254.94,0,0,0.7863013698630137,0,14,0,0,0,0
T101256,CUST5553,2023-07-22 20:48:00,17.9,Utilities,UPI,POS,Pune,0,166,116.63,1092,1,0,0.1534768069964846,98.72999999999999,0,0,2.9917808219178084,0,20,5,0,1,1
T101257,CUST4380,2023-11-03 11:34:00,54.12,Electronics,Credit Card,Desktop,Delhi,0,80,117.8,334,0,0,0.4594227504244482,63.68,0,0,0.915068493150685,0,11,4,0,0,0
T101258,CUST7931,2023-01-01 14:42:00,5.31,Entertainment,PayPal,Desktop,Hyderabad,0,186,305.9,1336,0,0,0.017358613926119648,300.59,0,0,3.66027397260274,0,14,6,0,1,0
T101259,CUST2781,2023-05-29 08:12:00,69.78,Health,Debit Card,Mobile,Bengaluru,0,5,209.31,1877,0,0,0.33338110935932347,139.53,0,0,5.142465753424657,0,8,0,0,0,0
T101260,CUST3291,2023-07-20 17:18:00,25.07,Food,PayPal,Desktop,Mumbai,0,46,96.86,555,0,0,0.2588271732397274,71.78999999999999,0,0,1.5205479452054795,0,17,3,0,0,0
T101261,CUST6073,2023-05-03 21:57:00,127.78,Food,NetBanking,Desktop,Kolkata,0,98,395.82,436,0,0,0.32282350563387396,268.03999999999996,0,0,1.1945205479452055,0,21,2,0,0,0
T101262,CUST7702,2023-08-15 19:14:00,29.73,Grocery,Credit Card,POS,Bengaluru,0,102,108.12,1412,0,0,0.2749722530521643,78.39,0,0,3.8684931506849316,0,19,1,0,0,0
T101263,CUST6626,2023-12-10 09:40:00,48.59,Health,Credit Card,Mobile,Pune,0,2,167.6,915,0,0,0.2899164677804296,119.00999999999999,0,0,2.506849315068493,1,9,6,0,1,0
T101264,CUST3145,2023-06-27 02:17:00,0.94,Utilities,Credit Card,POS,Chennai,0,25,40.1,407,0,0,0.023441396508728177,39.160000000000004,0,0,1.115068493150685,0,2,1,1,0,1
T101265,CUST1482,2023-01-12 11:49:00,6.02,Fashion,UPI,Mobile,Pune,0,1,353.67,498,0,0,0.017021517233579322,347.65000000000003,0,0,1.3643835616438356,1,11,3,0,0,0
T101266,CUST4345,2023-09-01 06:29:00,39.87,Fashion,PayPal,POS,Kolkata,0,197,144.89,902,0,0,0.27517427013596524,105.01999999999998,0,0,2.4712328767123286,0,6,4,0,0,0
T101267,CUST6185,2023-12-31 05:45:00,52.3,Grocery,UPI,Desktop,Kolkata,0,168,124.1,1019,0,0,0.42143432715551976,71.8,0,0,2.791780821917808,0,5,6,0,1,0
T101268,CUST9986,2023-03-20 21:09:00,73.31,Health,Debit Card,Mobile,Chennai,0,68,158.65,1334,0,0,0.4620863536085723,85.34,0,0,3.654794520547945,0,21,0,0,0,0
T101269,CUST3605,2023-01-07 11:03:00,27.59,Grocery,NetBanking,Mobile,Bengaluru,0,69,438.32,1618,0,0,0.06294488045263734,410.73,0,0,4.432876712328767,0,11,5,0,1,0
T101270,CUST4585,2023-01-28 17:36:00,94.99,Health,UPI,Mobile,Bengaluru,0,197,263.83,40,0,0,0.3600424515786681,168.83999999999997,0,0,0.1095890410958904,0,17,5,0,1,0
T101271,CUST2929,2023-05-23 17:28:00,157.36,Entertainment,UPI,Mobile,Chennai,0,16,87.36,704,0,0,1.8012820512820515,70.00000000000001,0,0,1.9287671232876713,0,17,1,0,0,0
T101272,CUST6907,2023-07-27 20:15:00,121.08,Entertainment,NetBanking,POS,Delhi,0,182,389.5,724,0,0,0.31086007702182283,268.42,0,0,1.9835616438356165,0,20,3,0,0,0
T101273,CUST7326,2024-01-02 21:33:00,3.23,Electronics,Credit Card,POS,Mumbai,0,191,112.14,1239,0,0,0.028803281612270377,108.91,0,0,3.3945205479452056,0,21,1,0,0,0
T101274,CUST8023,2023-12-20 22:19:00,52.39,Utilities,NetBanking,Mobile,Hyderabad,0,18,212.11,1602,0,0,0.24699448399415397,159.72000000000003,0,0,4.389041095890411,0,22,2,0,0,0
T101275,CUST3102,2023-11-03 19:56:00,8.87,Grocery,PayPal,Mobile,Bengaluru,0,107,288.36,1002,0,0,0.03076016090997364,279.49,0,0,2.745205479452055,0,19,4,0,0,0
T101276,CUST2209,2023-03-09 05:52:00,22.17,Utilities,NetBanking,Mobile,Mumbai,0,17,296.38,38,0,1,0.07480261826034146,274.21,0,0,0.10410958904109589,0,5,3,0,0,0
T101277,CUST4530,2024-01-02 16:41:00,345.37,Health,Credit Card,POS,Hyderabad,0,125,43.83,57,0,0,7.879762719598449,301.54,1,0,0.15616438356164383,0,16,1,0,0,1
T101278,CUST9136,2023-06-06 14:06:00,12.3,Fashion,NetBanking,Mobile,Pune,0,82,420.03,852,0,0,0.029283622598385833,407.72999999999996,0,0,2.334246575342466,0,14,1,0,0,0
T101279,CUST5078,2023-07-17 03:36:00,55.27,Utilities,UPI,Mobile,Hyderabad,0,4,244.92,715,0,0,0.2256655234362241,189.64999999999998,0,0,1.9589041095890412,1,3,0,1,0,1
T101280,CUST4591,2023-10-11 20:12:00,77.02,Health,Debit Card,Mobile,Bengaluru,0,115,494.74,1517,0,0,0.1556777297166188,417.72,0,0,4.156164383561644,0,20,2,0,0,0
T101281,CUST7655,2023-10-01 22:11:00,96.98,Entertainment,UPI,POS,Delhi,0,95,361.55,1692,0,0,0.26823399253215324,264.57,0,0,4.635616438356164,0,22,6,0,1,0
T101282,CUST6399,2024-02-12 11:54:00,65.61,Health,Debit Card,Desktop,Delhi,0,95,496.36,540,0,0,0.13218228704972196,430.75,0,0,1.4794520547945205,0,11,0,0,0,0
T101283,CUST8638,2023-05-06 02:35:00,0.79,Grocery,NetBanking,Desktop,Mumbai,0,137,232.2,531,0,0,0.003402239448751077,231.41,0,0,1.4547945205479451,0,2,5,1,1,1
T101284,CUST1183,2023-11-08 14:04:00,31.62,Electronics,PayPal,POS,Pune,0,31,78.98,611,0,0,0.4003545201316789,47.36,0,0,1.673972602739726,0,14,2,0,0,0
T101285,CUST3717,2023-01-03 12:08:00,58.34,Electronics,NetBanking,Desktop,Mumbai,0,133,366.38,1848,0,0,0.15923358261913861,308.03999999999996,0,0,5.063013698630137,0,12,1,0,0,0
T101286,CUST9266,2023-10-16 22:35:00,7.36,Electronics,Credit Card,Mobile,Chennai,0,16,391.1,807,0,0,0.018818716440807976,383.74,0,0,2.210958904109589,0,22,0,0,0,0
T101287,CUST2764,2023-02-25 12:47:00,34.54,Electronics,NetBanking,Mobile,Delhi,0,42,427.89,1716,0,0,0.08072168080581459,393.34999999999997,0,0,4.701369863013698,0,12,5,0,1,0
T101288,CUST9529,2023-06-06 07:00:00,2.7,Entertainment,Debit Card,POS,Mumbai,0,169,157.71,690,0,0,0.017120030435609664,155.01000000000002,0,0,1.8904109589041096,0,7,1,0,0,0
T101289,CUST9375,2023-02-10 10:28:00,6.55,Travel,UPI,POS,Chennai,0,30,260.24,1271,0,0,0.025169074700276666,253.69,0,0,3.4821917808219176,0,10,4,0,0,0
T101290,CUST2532,2023-06-25 21:14:00,40.46,Utilities,PayPal,Desktop,Pune,0,26,430.18,1482,0,0,0.0940536519596448,389.72,0,0,4.06027397260274,0,21,6,0,1,0
T101291,CUST6010,2023-11-21 01:57:00,11.39,Grocery,NetBanking,Desktop,Kolkata,0,177,433.72,1691,0,1,0.026261182329613574,422.33000000000004,0,0,4.632876712328767,0,1,1,1,0,1
T101292,CUST2503,2024-02-07 13:49:00,67.06,Food,NetBanking,Mobile,Hyderabad,0,31,22.59,32,0,0,2.9685701637892876,44.47,0,0,0.08767123287671233,0,13,2,0,0,0
T101293,CUST1789,2023-05-28 18:15:00,93.56,Grocery,UPI,POS,Mumbai,0,50,338.75,1240,0,0,0.2761918819188192,245.19,0,0,3.3972602739726026,0,18,6,0,1,0
T101294,CUST6579,2023-11-20 11:32:00,128.99,Travel,PayPal,Desktop,Chennai,0,143,304.83,72,0,0,0.4231538890529148,175.83999999999997,0,0,0.19726027397260273,0,11,0,0,0,0
T101295,CUST9393,2023-07-29 00:45:00,17.87,Electronics,NetBanking,Desktop,Delhi,0,52,50.84,1664,0,0,0.3514948859166011,32.97,0,0,4.558904109589041,0,0,5,1,1,1
T101296,CUST7126,2023-02-12 22:20:00,14.66,Travel,NetBanking,Mobile,Hyderabad,0,166,465.77,804,0,0,0.03147476222169741,451.10999999999996,0,0,2.202739726027397,0,22,6,0,1,0
T101297,CUST8383,2023-02-13 02:16:00,8.84,Fashion,Debit Card,Mobile,Mumbai,0,38,228.23,1464,0,1,0.038732857205450645,219.39,0,0,4.010958904109589,0,2,0,1,0,1
T101298,CUST9587,2023-04-06 14:15:00,80.94,Fashion,Debit Card,Mobile,Delhi,0,188,340.39,1243,0,0,0.23778606892094362,259.45,0,0,3.4054794520547946,0,14,3,0,0,0
T101299,CUST9969,2023-07-02 14:17:00,98.06,Utilities,Credit Card,Mobile,Kolkata,0,20,442.57,71,0,0,0.22156946923650497,344.51,0,0,0.19452054794520549,0,14,6,0,1,0
T101300,CUST3987,2023-03-24 14:03:00,2.57,Entertainment,UPI,Desktop,Hyderabad,0,99,73.76,1150,0,0,0.03484273318872017,71.19000000000001,0,0,3.1506849315068495,0,14,4,0,0,0
T101301,CUST4295,2023-05-30 17:25:00,220.18,Grocery,PayPal,POS,Bengaluru,0,44,429.36,1825,0,0,0.5128097633687348,209.18,0,0,5.0,0,17,1,0,0,0
T101302,CUST2291,2023-03-01 05:52:00,4.27,Grocery,NetBanking,POS,Delhi,0,111,364.91,759,0,0,0.011701515442163819,360.64000000000004,0,0,2.0794520547945203,0,5,2,0,0,0
T101303,CUST5651,2023-07-30 15:48:00,62.35,Food,NetBanking,Mobile,Bengaluru,0,89,421.4,677,0,0,0.14795918367346939,359.04999999999995,0,0,1.8547945205479452,0,15,6,0,1,0
T101304,CUST6723,2023-12-07 18:42:00,98.77,Entertainment,Credit Card,Mobile,Pune,0,63,252.47,1905,0,0,0.39121479779775814,153.7,0,0,5.219178082191781,0,18,3,0,0,0
T101305,CUST5630,2023-06-09 11:14:00,163.82,Food,NetBanking,Desktop,Mumbai,0,118,26.41,686,0,0,6.202953426732298,137.41,1,0,1.8794520547945206,0,11,4,0,0,1
T101306,CUST4121,2023-08-28 21:36:00,100.17,Fashion,UPI,Mobile,Kolkata,0,178,338.55,1570,0,0,0.29587948604342046,238.38,0,0,4.301369863013699,0,21,0,0,0,0
T101307,CUST8179,2023-06-06 23:40:00,129.45,Electronics,Credit Card,POS,Chennai,0,150,193.52,910,0,0,0.6689231087226125,64.07000000000002,0,0,2.493150684931507,0,23,1,0,0,0
T101308,CUST8267,2023-07-28 07:01:00,33.17,Travel,UPI,Mobile,Mumbai,0,72,207.18,1958,0,0,0.1601023264793899,174.01,0,0,5.364383561643836,0,7,4,0,0,0
T101309,CUST8204,2023-05-23 16:28:00,134.92,Food,Credit Card,POS,Delhi,0,54,226.22,1189,0,0,0.5964105737777384,91.30000000000001,0,0,3.2575342465753425,0,16,1,0,0,0
T101310,CUST8535,2023-11-07 14:31:00,6.68,Health,NetBanking,Mobile,Bengaluru,0,137,251.53,539,0,0,0.02655746829404047,244.85,0,0,1.4767123287671233,0,14,1,0,0,0
T101311,CUST3363,2023-01-09 08:23:00,180.16,Food,Credit Card,Mobile,Bengaluru,0,143,334.35,1572,0,0,0.5388365485269926,154.19000000000003,0,0,4.306849315068493,0,8,0,0,0,0
T101312,CUST9110,2024-01-15 19:22:00,63.45,Electronics,Debit Card,POS,Hyderabad,0,48,366.12,66,0,0,0.1733038348082596,302.67,0,0,0.18082191780821918,0,19,0,0,0,0
T101313,CUST2152,2024-02-06 18:44:00,135.99,Electronics,PayPal,Desktop,Mumbai,0,148,390.65,852,0,0,0.3481121208242673,254.65999999999997,0,0,2.334246575342466,0,18,1,0,0,0
T101314,CUST6082,2023-11-17 02:37:00,48.16,Grocery,NetBanking,Desktop,Mumbai,0,163,339.09,608,0,0,0.14202719042142203,290.92999999999995,0,0,1.6657534246575343,0,2,4,1,0,1
T101315,CUST3892,2023-12-08 23:04:00,82.53,Travel,PayPal,Mobile,Delhi,0,101,403.7,1957,0,0,0.20443398563289572,321.16999999999996,0,0,5.361643835616438,0,23,4,0,0,0
T101316,CUST2327,2023-05-23 12:43:00,59.79,Electronics,NetBanking,Mobile,Bengaluru,0,195,69.85,866,0,0,0.8559770937723694,10.059999999999995,0,0,2.372602739726027,0,12,1,0,0,0
T101317,CUST7226,2023-05-12 03:28:00,105.22,Entertainment,PayPal,POS,Delhi,1,60,420.04,546,0,0,0.25049995238548706,314.82000000000005,0,0,1.4958904109589042,0,3,4,1,0,2
T101318,CUST1296,2023-05-05 06:44:00,6.81,Food,Debit Card,POS,Delhi,0,98,199.77,814,0,0,0.034089202582970414,192.96,0,0,2.23013698630137,0,6,4,0,0,0
T101319,CUST4165,2023-03-17 04:18:00,4.98,Food,PayPal,Mobile,Pune,0,162,269.1,1050,0,0,0.01850613154960981,264.12,0,0,2.8767123287671232,0,4,4,1,0,1
T101320,CUST9594,2023-03-01 07:16:00,22.71,Fashion,Credit Card,POS,Bengaluru,0,100,222.55,908,0,0,0.10204448438553133,199.84,0,0,2.4876712328767123,0,7,2,0,0,0
T101321,CUST1396,2023-06-16 10:27:00,13.9,Electronics,PayPal,Desktop,Delhi,0,99,243.1,1111,0,0,0.057178116001645414,229.2,0,0,3.043835616438356,0,10,4,0,0,0
T101322,CUST6239,2023-07-11 09:37:00,164.32,Health,NetBanking,Desktop,Bengaluru,0,73,149.86,988,0,0,1.0964900573868943,14.45999999999998,0,0,2.706849315068493,0,9,1,0,0,0
T101323,CUST1524,2023-06-26 10:30:00,19.8,Grocery,UPI,POS,Delhi,0,119,93.28,184,0,0,0.21226415094339623,73.48,0,0,0.5041095890410959,0,10,0,0,0,0
T101324,CUST8589,2023-03-13 05:08:00,297.93,Travel,PayPal,POS,Chennai,1,182,61.4,1925,0,0,4.85228013029316,236.53,1,0,5.273972602739726,0,5,0,0,0,2
T101325,CUST2168,2024-01-04 10:23:00,32.87,Health,PayPal,POS,Delhi,0,128,231.19,142,0,0,0.14217742981962886,198.32,0,0,0.38904109589041097,0,10,3,0,0,0
T101326,CUST7246,2023-08-13 20:10:00,16.08,Grocery,PayPal,Desktop,Delhi,1,140,71.38,1513,0,0,0.22527318576632108,55.3,0,0,4.145205479452055,0,20,6,0,1,1
T101327,CUST7574,2023-05-24 13:50:00,124.74,Food,NetBanking,Mobile,Kolkata,0,88,130.04,1657,0,0,0.9592433097508459,5.299999999999997,0,0,4.53972602739726,0,13,2,0,0,0
T101328,CUST5171,2023-12-28 00:25:00,86.0,Health,PayPal,POS,Chennai,0,105,75.47,865,0,0,1.1395256393268849,10.530000000000001,0,0,2.3698630136986303,0,0,3,1,0,1
T101329,CUST5800,2023-05-29 10:46:00,55.16,Grocery,NetBanking,POS,Mumbai,0,19,63.47,1809,0,0,0.869072002520876,8.310000000000002,0,0,4.956164383561644,0,10,0,0,0,0
T101330,CUST5814,2023-11-29 21:51:00,64.84,Food,NetBanking,POS,Bengaluru,0,80,442.41,1849,0,0,0.14656088243936619,377.57000000000005,0,0,5.065753424657534,0,21,2,0,0,0
T101331,CUST3298,2023-10-02 23:53:00,101.61,Food,UPI,Mobile,Kolkata,0,26,340.27,630,0,0,0.2986158050959532,238.65999999999997,0,0,1.726027397260274,0,23,0,0,0,0
T101332,CUST2996,2023-10-28 06:26:00,20.75,Food,Credit Card,POS,Hyderabad,1,151,462.64,471,0,0,0.04485128825868926,441.89,0,0,1.2904109589041095,0,6,5,0,1,1
T101333,CUST6273,2023-12-24 15:10:00,448.69,Food,NetBanking,POS,Chennai,0,121,325.57,1743,0,0,1.3781675215775409,123.12,0,0,4.7753424657534245,0,15,6,0,1,0
T101334,CUST7711,2023-02-08 05:10:00,294.45,Entertainment,Debit Card,Desktop,Kolkata,0,33,423.54,257,0,1,0.6952117863720073,129.09000000000003,0,0,0.7041095890410959,0,5,2,0,0,0
T101335,CUST8368,2023-12-08 14:47:00,84.06,Food,PayPal,POS,Mumbai,0,106,282.1,903,0,0,0.29797943991492376,198.04000000000002,0,0,2.473972602739726,0,14,4,0,0,0
T101336,CUST8568,2023-12-13 11:56:00,17.81,Fashion,Debit Card,Desktop,Delhi,0,185,236.69,1632,0,0,0.07524610249693692,218.88,0,0,4.471232876712329,0,11,2,0,0,0
T101337,CUST6162,2023-05-25 13:47:00,91.21,Health,PayPal,Mobile,Pune,0,30,268.95,1175,0,0,0.3391336679680238,177.74,0,0,3.219178082191781,0,13,3,0,0,0
T101338,CUST5702,2023-09-19 04:56:00,5.99,Grocery,UPI,POS,Mumbai,0,151,166.91,700,0,0,0.0358876040980169,160.92,0,0,1.917808219178082,0,4,1,1,0,1
T101339,CUST7221,2023-11-13 12:53:00,2.49,Fashion,NetBanking,POS,Chennai,0,126,332.41,1410,0,0,0.007490749375770885,329.92,0,0,3.863013698630137,0,12,0,0,0,0
T101340,CUST2064,2023-09-28 23:54:00,23.84,Entertainment,Credit Card,Desktop,Pune,0,36,449.62,1321,0,0,0.05302255237756327,425.78000000000003,0,0,3.6191780821917807,0,23,3,0,0,0
T101341,CUST8661,2023-05-25 23:33:00,49.68,Utilities,NetBanking,Mobile,Delhi,0,125,393.35,724,0,0,0.1262997330621584,343.67,0,0,1.9835616438356165,0,23,3,0,0,0
T101342,CUST4791,2023-02-09 03:56:00,162.16,Utilities,PayPal,Mobile,Mumbai,0,124,236.38,1538,0,0,0.6860140451814875,74.22,0,0,4.213698630136986,0,3,3,1,0,1
T101343,CUST6663,2023-11-18 06:17:00,103.91,Fashion,Credit Card,Desktop,Hyderabad,0,171,477.42,898,0,0,0.21764903020401322,373.51,0,0,2.4602739726027396,0,6,5,0,1,0
T101344,CUST4792,2024-02-19 14:26:00,108.6,Electronics,NetBanking,Mobile,Bengaluru,0,194,492.86,1057,0,0,0.2203465487156596,384.26,0,0,2.8958904109589043,0,14,0,0,0,0
T101345,CUST9365,2023-08-29 01:42:00,44.34,Electronics,Credit Card,Mobile,Bengaluru,0,181,251.62,1531,0,0,0.17621810666878626,207.28,0,0,4.1945205479452055,0,1,1,1,0,1
T101346,CUST7480,2023-06-09 01:03:00,33.96,Electronics,PayPal,Mobile,Chennai,1,118,433.67,150,0,0,0.07830839117301173,399.71000000000004,0,0,0.410958904109589,0,1,4,1,0,2
T101347,CUST2147,2023-07-20 19:12:00,37.09,Travel,UPI,Mobile,Kolkata,1,123,12.34,771,0,0,3.0056726094003245,24.750000000000004,1,0,2.1123287671232878,0,19,3,0,0,2
T101348,CUST1953,2023-05-03 02:12:00,351.53,Electronics,UPI,Mobile,Delhi,0,188,42.66,1863,0,0,8.240271917487107,308.87,1,0,5.104109589041096,0,2,2,1,0,2
T101349,CUST5164,2023-08-05 00:58:00,3.27,Grocery,NetBanking,Mobile,Delhi,1,37,20.97,1539,0,0,0.15593705293276108,17.7,0,0,4.2164383561643834,0,0,5,1,1,2
T101350,CUST3325,2023-06-19 10:35:00,161.41,Fashion,Debit Card,Mobile,Bengaluru,0,61,388.85,1272,0,0,0.4150957952938151,227.44000000000003,0,0,3.484931506849315,0,10,0,0,0,0
T101351,CUST9473,2023-11-29 01:11:00,69.15,Grocery,PayPal,Mobile,Mumbai,0,96,49.09,723,0,1,1.4086371969851295,20.060000000000002,0,0,1.9808219178082191,0,1,2,1,0,1
T101352,CUST2701,2023-05-10 11:41:00,46.19,Health,NetBanking,POS,Delhi,0,120,18.35,1331,0,0,2.5171662125340597,27.839999999999996,0,0,3.6465753424657534,0,11,2,0,0,0
T101353,CUST7531,2024-02-13 14:43:00,103.35,Electronics,NetBanking,Desktop,Hyderabad,0,181,82.24,286,0,0,1.2566877431906616,21.11,0,0,0.7835616438356164,0,14,1,0,0,0
T101354,CUST2041,2024-02-05 16:08:00,53.35,Entertainment,UPI,Mobile,Hyderabad,0,12,160.08,1357,0,0,0.33327086456771615,106.73000000000002,0,0,3.717808219178082,0,16,0,0,0,0
T101355,CUST8611,2023-06-13 10:46:00,165.35,Travel,Credit Card,Desktop,Delhi,0,122,237.7,72,0,0,0.6956247370635255,72.35,0,0,0.19726027397260273,0,10,1,0,0,0
T101356,CUST5588,2023-07-14 03:09:00,184.77,Health,PayPal,Mobile,Delhi,0,35,42.05,899,1,0,4.394054696789537,142.72000000000003,1,0,2.463013698630137,0,3,4,1,0,3
T101357,CUST1953,2023-09-09 01:04:00,43.82,Entertainment,Credit Card,Mobile,Bengaluru,0,67,254.5,945,0,0,0.17218074656188606,210.68,0,0,2.589041095890411,0,1,5,1,1,1
T101358,CUST5258,2023-05-07 06:59:00,25.93,Travel,PayPal,POS,Chennai,0,38,131.55,1583,0,0,0.19711136450019,105.62,0,0,4.336986301369863,0,6,6,0,1,0
T101359,CUST3348,2023-11-03 00:46:00,71.79,Utilities,Debit Card,Desktop,Bengaluru,0,24,144.44,1763,0,0,0.49702298532262534,72.64999999999999,0,0,4.83013698630137,0,0,4,1,0,1
T101360,CUST6341,2023-06-27 05:27:00,194.76,Health,UPI,Desktop,Chennai,0,81,412.73,1742,0,1,0.47188234438979476,217.97000000000003,0,0,4.772602739726027,0,5,1,0,0,0
T101361,CUST9533,2023-08-26 22:43:00,18.92,Utilities,Debit Card,POS,Hyderabad,0,168,493.59,617,0,0,0.03833140865900849,474.66999999999996,0,0,1.6904109589041096,0,22,5,0,1,0
T101362,CUST4499,2023-06-23 11:05:00,78.03,Fashion,NetBanking,POS,Chennai,0,193,237.29,942,0,0,0.3288381305575456,159.26,0,0,2.580821917808219,0,11,4,0,0,0
T101363,CUST9239,2023-03-18 00:17:00,79.88,Grocery,UPI,Desktop,Bengaluru,0,185,167.67,1746,0,0,0.47641199976143617,87.78999999999999,0,0,4.7835616438356166,0,0,5,1,1,1
T101364,CUST6006,2023-03-27 18:04:00,105.67,Food,NetBanking,Mobile,Delhi,0,72,466.41,1203,0,0,0.22656032246306895,360.74,0,0,3.2958904109589042,0,18,0,0,0,0
T101365,CUST6696,2023-06-14 09:52:00,11.29,Grocery,Debit Card,Mobile,Chennai,0,79,255.22,623,0,0,0.044236345114019276,243.93,0,0,1.7068493150684931,0,9,2,0,0,0
T101366,CUST2042,2023-02-28 18:57:00,100.65,Electronics,PayPal,Desktop,Bengaluru,0,114,367.87,1063,0,0,0.27360208769402233,267.22,0,0,2.9123287671232876,0,18,1,0,0,0
T101367,CUST6746,2023-12-14 21:12:00,191.78,Utilities,NetBanking,Mobile,Hyderabad,0,45,212.73,821,0,0,0.9015183566022659,20.94999999999999,0,0,2.249315068493151,0,21,3,0,0,0
T101368,CUST8541,2023-06-01 08:18:00,15.85,Entertainment,Credit Card,POS,Pune,0,125,109.25,241,0,0,0.14508009153318077,93.4,0,0,0.6602739726027397,0,8,3,0,0,0
T101369,CUST3635,2023-11-13 21:18:00,21.7,Food,PayPal,POS,Chennai,0,96,330.89,1705,0,0,0.06558070657922573,309.19,0,0,4.671232876712328,0,21,0,0,0,0
T101370,CUST4775,2024-01-02 22:05:00,284.33,Travel,PayPal,POS,Hyderabad,1,13,335.77,1313,0,0,0.8467998927837508,51.44,0,0,3.5972602739726027,0,22,1,0,0,1
T101371,CUST3378,2023-12-05 07:48:00,15.97,Utilities,Debit Card,Desktop,Hyderabad,0,110,235.49,1991,0,0,0.06781604314408256,219.52,0,0,5.454794520547945,0,7,1,0,0,0
T101372,CUST8430,2023-03-19 02:50:00,154.14,Fashion,Debit Card,Desktop,Mumbai,0,6,142.28,1435,0,0,1.0833567613157153,11.859999999999985,0,0,3.9315068493150687,0,2,6,1,1,1
T101373,CUST7261,2023-01-12 11:57:00,54.23,Fashion,UPI,Desktop,Pune,0,97,417.59,1442,0,0,0.12986422088651547,363.35999999999996,0,0,3.9506849315068493,0,11,3,0,0,0
T101374,CUST4538,2023-09-26 02:23:00,22.72,Utilities,UPI,Mobile,Chennai,0,71,144.91,951,0,0,0.15678697122351803,122.19,0,0,2.6054794520547944,0,2,1,1,0,1
T101375,CUST5394,2023-02-04 10:47:00,163.68,Utilities,Credit Card,Desktop,Bengaluru,0,47,332.92,1793,0,0,0.491649645560495,169.24,0,0,4.912328767123288,0,10,5,0,1,0
T101376,CUST4830,2023-09-20 11:48:00,47.15,Utilities,PayPal,Desktop,Chennai,0,93,198.15,365,0,0,0.2379510471864749,151.0,0,0,1.0,0,11,2,0,0,0
T101377,CUST6820,2023-12-05 23:10:00,57.86,Travel,Credit Card,POS,Chennai,0,101,241.52,1058,0,0,0.23956608148393507,183.66000000000003,0,0,2.8986301369863012,0,23,1,0,0,0
T101378,CUST3034,2023-07-30 22:07:00,35.61,Electronics,Credit Card,Mobile,Pune,1,44,113.59,951,0,0,0.3134959063297825,77.98,0,0,2.6054794520547944,0,22,6,0,1,1
T101379,CUST5386,2023-07-09 22:47:00,71.91,Travel,Debit Card,Mobile,Kolkata,0,32,328.25,112,0,0,0.21907083015993906,256.34000000000003,0,0,0.30684931506849317,0,22,6,0,1,0
T101380,CUST1550,2023-04-27 11:59:00,14.28,Health,Credit Card,POS,Hyderabad,0,3,120.65,1059,0,0,0.11835888934935763,106.37,0,0,2.9013698630136986,1,11,3,0,0,0
T101381,CUST2015,2023-02-20 18:53:00,39.69,Entertainment,Credit Card,Mobile,Hyderabad,0,182,248.0,181,0,0,0.16004032258064516,208.31,0,0,0.4958904109589041,0,18,0,0,0,0
T101382,CUST2941,2023-03-28 19:10:00,278.97,Utilities,NetBanking,Desktop,Hyderabad,0,84,170.95,1788,0,0,1.6318806668616557,108.02000000000004,0,0,4.898630136986301,0,19,1,0,0,0
T101383,CUST8404,2023-12-12 23:56:00,23.89,Entertainment,UPI,Mobile,Hyderabad,0,166,482.17,1234,0,0,0.04954684032602609,458.28000000000003,0,0,3.3808219178082193,0,23,1,0,0,0
T101384,CUST2514,2023-11-26 09:33:00,85.54,Electronics,UPI,POS,Pune,0,4,491.29,1828,0,0,0.1741130493191394,405.75,0,0,5.008219178082192,1,9,6,0,1,0
T101385,CUST3802,2023-11-30 05:58:00,31.47,Food,PayPal,Mobile,Bengaluru,0,145,379.21,1831,0,0,0.08298831781862293,347.74,0,0,5.016438356164383,0,5,3,0,0,0
T101386,CUST4225,2023-03-11 20:44:00,118.79,Travel,UPI,POS,Delhi,0,165,492.12,1220,0,0,0.24138421523205722,373.33,0,0,3.3424657534246576,0,20,5,0,1,0
T101387,CUST8219,2023-05-28 18:40:00,11.22,Electronics,PayPal,Desktop,Mumbai,0,88,65.64,1523,0,0,0.17093235831809872,54.42,0,0,4.1726027397260275,0,18,6,0,1,0
T101388,CUST5995,2023-04-06 07:29:00,280.05,Entertainment,NetBanking,Desktop,Kolkata,0,106,496.24,107,0,0,0.5643438658713525,216.19,0,0,0.29315068493150687,0,7,3,0,0,0
T101389,CUST9321,2024-01-06 03:47:00,48.38,Food,UPI,POS,Kolkata,0,105,60.74,441,0,0,0.7965097135330919,12.36,0,0,1.2082191780821918,0,3,5,1,1,1
T101390,CUST3301,2023-06-09 07:06:00,21.54,Travel,NetBanking,Desktop,Hyderabad,0,36,213.57,1607,0,0,0.10085686191880883,192.03,0,0,4.402739726027397,0,7,4,0,0,0
T101391,CUST4822,2023-11-21 11:34:00,6.11,Fashion,UPI,Desktop,Hyderabad,0,58,127.08,1627,0,0,0.0480799496380233,120.97,0,0,4.457534246575342,0,11,1,0,0,0
T101392,CUST2082,2023-11-30 14:49:00,14.88,Travel,UPI,Mobile,Mumbai,0,169,477.38,410,0,0,0.031170136997779548,462.5,0,0,1.1232876712328768,0,14,3,0,0,0
T101393,CUST8265,2023-09-28 04:46:00,58.68,Grocery,NetBanking,Desktop,Hyderabad,0,8,321.54,977,0,1,0.1824967344653853,262.86,0,0,2.6767123287671235,0,4,3,1,0,1
T101394,CUST8114,2023-08-03 07:07:00,32.88,Travel,Credit Card,POS,Delhi,1,195,302.59,819,0,0,0.10866188571995111,269.71,0,0,2.243835616438356,0,7,3,0,0,1
T101395,CUST5637,2023-07-13 13:46:00,141.23,Grocery,Credit Card,Desktop,Kolkata,0,158,498.74,342,0,0,0.2831735974656133,357.51,0,0,0.936986301369863,0,13,3,0,0,0
T101396,CUST1452,2023-07-06 14:00:00,45.09,Food,Credit Card,Mobile,Chennai,0,86,310.09,893,0,0,0.14540939727175983,265.0,0,0,2.4465753424657533,0,14,3,0,0,0
T101397,CUST1618,2024-01-07 14:40:00,22.88,Travel,Credit Card,POS,Mumbai,0,180,326.62,424,0,0,0.07005082358704304,303.74,0,0,1.1616438356164382,0,14,6,0,1,0
T101398,CUST9502,2023-05-02 16:03:00,76.81,Food,UPI,Desktop,Kolkata,0,97,31.94,1963,0,0,2.404821540388228,44.870000000000005,0,0,5.3780821917808215,0,16,1,0,0,0
T101399,CUST6196,2023-12-17 12:53:00,98.15,Food,Debit Card,Desktop,Bengaluru,0,153,430.93,572,0,0,0.22776320980205603,332.78,0,0,1.5671232876712329,0,12,6,0,1,0
T101400,CUST1696,2023-12-12 23:00:00,14.62,Entertainment,NetBanking,Desktop,Kolkata,0,180,485.34,33,0,0,0.030123212593233608,470.71999999999997,0,0,0.09041095890410959,0,23,1,0,0,0
T101401,CUST1222,2023-12-16 22:34:00,14.68,Electronics,Debit Card,POS,Mumbai,0,59,480.55,138,0,0,0.030548330038497554,465.87,0,0,0.3780821917808219,0,22,5,0,1,0
T101402,CUST7247,2024-01-23 07:25:00,2.99,Food,Debit Card,Mobile,Delhi,1,30,118.34,947,0,0,0.025266182186919048,115.35000000000001,0,0,2.5945205479452054,0,7,1,0,0,1
T101403,CUST5528,2023-08-24 21:20:00,106.67,Food,PayPal,POS,Pune,0,101,120.7,915,0,0,0.8837613918806959,14.030000000000001,0,0,2.506849315068493,0,21,3,0,0,0
T101404,CUST9880,2023-02-19 13:03:00,87.21,Entertainment,Credit Card,POS,Bengaluru,0,67,189.36,122,0,0,0.46055133079847904,102.15000000000002,0,0,0.33424657534246577,0,13,6,0,1,0
T101405,CUST4245,2023-10-24 15:18:00,51.49,Entertainment,UPI,Mobile,Chennai,0,132,162.0,1152,0,0,0.3178395061728395,110.50999999999999,0,0,3.1561643835616437,0,15,1,0,0,0
T101406,CUST4937,2023-09-28 02:12:00,148.72,Travel,Credit Card,POS,Hyderabad,0,93,159.75,221,0,0,0.9309546165884194,11.030000000000001,0,0,0.6054794520547945,0,2,3,1,0,1
T101407,CUST7452,2024-02-15 22:14:00,131.06,Entertainment,Credit Card,POS,Mumbai,0,185,306.56,362,0,0,0.42751826722338204,175.5,0,0,0.9917808219178083,0,22,3,0,0,0
T101408,CUST2047,2024-01-09 16:23:00,70.43,Travel,Debit Card,Desktop,Bengaluru,0,63,404.75,1265,0,0,0.1740086473131563,334.32,0,0,3.4657534246575343,0,16,1,0,0,0
T101409,CUST5166,2023-08-23 04:02:00,162.16,Fashion,PayPal,POS,Mumbai,0,32,469.02,1648,0,1,0.3457421858342928,306.86,0,0,4.515068493150685,0,4,2,1,0,1
T101410,CUST8715,2023-01-31 23:28:00,18.44,Entertainment,Credit Card,Desktop,Chennai,0,87,43.25,1260,0,0,0.4263583815028902,24.81,0,0,3.452054794520548,0,23,1,0,0,0
T101411,CUST6016,2023-06-08 22:46:00,9.5,Electronics,NetBanking,POS,Mumbai,0,51,146.21,656,0,0,0.06497503590725669,136.71,0,0,1.7972602739726027,0,22,3,0,0,0
T101412,CUST3753,2023-04-16 02:19:00,25.15,Food,NetBanking,Desktop,Kolkata,0,63,134.96,1015,0,0,0.18635151155898041,109.81,0,0,2.780821917808219,0,2,6,1,1,1
T101413,CUST8675,2024-01-13 20:49:00,4.7,Electronics,Credit Card,Desktop,Kolkata,0,80,185.15,1817,0,0,0.025384823116392115,180.45000000000002,0,0,4.978082191780822,0,20,5,0,1,0
T101414,CUST3089,2023-11-18 15:40:00,60.6,Grocery,Debit Card,Desktop,Bengaluru,0,87,217.92,602,0,0,0.27808370044052866,157.32,0,0,1.6493150684931508,0,15,5,0,1,0
T101415,CUST8709,2023-07-25 14:34:00,220.67,Utilities,Debit Card,Mobile,Delhi,0,110,200.69,385,0,0,1.099556529971598,19.97999999999999,0,0,1.0547945205479452,0,14,1,0,0,0
T101416,CUST5895,2024-02-04 21:45:00,3.21,Entertainment,UPI,POS,Pune,0,101,476.55,1955,0,0,0.006735914384639597,473.34000000000003,0,0,5.3561643835616435,0,21,6,0,1,0
T101417,CUST3146,2023-11-13 07:38:00,10.42,Food,PayPal,POS,Bengaluru,1,129,224.19,1306,0,1,0.046478433471608904,213.77,0,0,3.578082191780822,0,7,0,0,0,1
T101418,CUST6112,2023-01-03 13:44:00,48.15,Electronics,Debit Card,POS,Mumbai,0,19,280.28,620,0,0,0.17179249322106466,232.12999999999997,0,0,1.6986301369863013,0,13,1,0,0,0
T101419,CUST6117,2024-01-10 08:01:00,217.3,Entertainment,UPI,Mobile,Chennai,0,101,376.83,225,0,0,0.5766526019690578,159.52999999999997,0,0,0.6164383561643836,0,8,2,0,0,0
T101420,CUST8690,2023-12-01 09:34:00,30.4,Entertainment,NetBanking,Desktop,Kolkata,1,163,365.29,291,0,1,0.08322155000136877,334.89000000000004,0,0,0.7972602739726027,0,9,4,0,0,1
T101421,CUST2285,2023-08-26 22:45:00,56.62,Utilities,NetBanking,POS,Hyderabad,0,191,295.65,351,0,0,0.1915102316928801,239.02999999999997,0,0,0.9616438356164384,0,22,5,0,1,0
T101422,CUST5279,2023-03-09 12:47:00,3.4,Fashion,NetBanking,Mobile,Hyderabad,1,94,431.81,449,0,0,0.007873833398948612,428.41,0,0,1.2301369863013698,0,12,3,0,0,1
T101423,CUST7219,2023-12-19 10:50:00,12.85,Fashion,Credit Card,Mobile,Chennai,0,81,315.85,1551,0,0,0.04068386892512268,303.0,0,0,4.249315068493151,0,10,1,0,0,0
T101424,CUST5609,2023-09-15 02:58:00,345.18,Food,PayPal,POS,Mumbai,0,103,438.63,1964,0,0,0.7869502769988374,93.44999999999999,0,0,5.380821917808219,0,2,4,1,0,1
T101425,CUST4353,2023-10-27 19:17:00,268.46,Grocery,UPI,Desktop,Pune,0,113,158.36,361,0,0,1.6952513260924473,110.09999999999997,0,0,0.989041095890411,0,19,4,0,0,0
T101426,CUST6558,2023-11-30 12:32:00,0.4,Fashion,PayPal,Mobile,Chennai,0,154,74.69,1349,0,0,0.0053554692729950466,74.28999999999999,0,0,3.695890410958904,0,12,3,0,0,0
T101427,CUST9826,2023-01-18 08:03:00,242.61,Utilities,Credit Card,POS,Mumbai,0,13,411.57,1289,0,0,0.5894744514906335,168.95999999999998,0,0,3.5315068493150683,0,8,2,0,0,0
T101428,CUST5227,2023-04-18 22:00:00,81.54,Fashion,UPI,Desktop,Bengaluru,0,118,197.43,710,0,0,0.4130071417717672,115.89,0,0,1.9452054794520548,0,22,1,0,0,0
T101429,CUST3002,2023-06-06 19:51:00,161.95,Grocery,UPI,Mobile,Pune,0,86,329.03,36,0,0,0.4922043582652038,167.07999999999998,0,0,0.09863013698630137,0,19,1,0,0,0
T101430,CUST5835,2023-03-18 10:52:00,48.52,Electronics,Debit Card,Mobile,Delhi,0,23,371.28,563,0,0,0.13068304244774834,322.76,0,0,1.5424657534246575,0,10,5,0,1,0
T101431,CUST7330,2024-02-15 21:36:00,57.99,Fashion,PayPal,POS,Mumbai,0,107,170.09,101,0,0,0.34093715092010113,112.1,0,0,0.27671232876712326,0,21,3,0,0,0
T101432,CUST2069,2023-02-20 11:51:00,53.69,Utilities,PayPal,POS,Hyderabad,0,163,257.53,1553,0,0,0.20848056537102475,203.83999999999997,0,0,4.254794520547946,0,11,0,0,0,0
T101433,CUST5047,2023-02-04 16:21:00,87.94,Travel,Debit Card,Desktop,Hyderabad,0,12,448.51,647,0,0,0.19607143653430248,360.57,0,0,1.7726027397260273,0,16,5,0,1,0
T101434,CUST7937,2023-08-30 12:36:00,12.03,Utilities,NetBanking,POS,Kolkata,1,137,441.1,168,0,0,0.02727272727272727,429.07000000000005,0,0,0.4602739726027397,0,12,2,0,0,1
T101435,CUST6243,2023-02-14 15:54:00,2.43,Health,Credit Card,POS,Pune,0,78,377.18,1439,0,0,0.006442547324884671,374.75,0,0,3.9424657534246577,0,15,1,0,0,0
T101436,CUST1084,2023-09-19 16:35:00,29.45,Health,PayPal,Desktop,Delhi,0,67,383.74,571,0,0,0.07674467087090217,354.29,0,0,1.5643835616438355,0,16,1,0,0,0
T101437,CUST8676,2023-06-30 08:32:00,97.58,Fashion,Debit Card,POS,Mumbai,0,108,449.87,353,0,0,0.21690710649743258,352.29,0,0,0.9671232876712329,0,8,4,0,0,0
T101438,CUST6313,2023-10-20 12:50:00,18.04,Electronics,UPI,Desktop,Delhi,0,44,370.8,978,0,0,0.04865156418554476,352.76,0,0,2.6794520547945204,0,12,4,0,0,0
T101439,CUST3139,2023-11-05 21:06:00,89.53,Entertainment,Debit Card,Desktop,Kolkata,0,189,176.4,630,0,0,0.5075396825396825,86.87,0,0,1.726027397260274,0,21,6,0,1,0
T101440,CUST3313,2023-06-29 21:45:00,280.29,Electronics,NetBanking,Desktop,Bengaluru,0,149,69.18,1970,0,0,4.051604509973981,211.11,1,0,5.397260273972603,0,21,3,0,0,1
T101441,CUST8026,2023-05-13 09:38:00,7.89,Utilities,Credit Card,POS,Delhi,0,7,216.72,1718,0,0,0.03640642303433001,208.83,0,0,4.706849315068493,0,9,5,0,1,0
T101442,CUST2698,2023-07-01 15:30:00,89.33,Food,NetBanking,Desktop,Bengaluru,0,128,52.8,102,0,0,1.6918560606060606,36.53,0,0,0.27945205479452057,0,15,5,0,1,0
T101443,CUST1583,2023-08-26 16:35:00,46.92,Travel,UPI,POS,Hyderabad,1,97,66.73,869,0,0,0.7031320245766521,19.810000000000002,0,0,2.3808219178082193,0,16,5,0,1,1
T101444,CUST8846,2023-07-01 11:01:00,162.08,Electronics,UPI,Desktop,Bengaluru,0,11,475.58,1442,0,0,0.34080491189705203,313.5,0,0,3.9506849315068493,0,11,5,0,1,0
T101445,CUST2746,2023-10-18 03:38:00,15.6,Grocery,UPI,POS,Mumbai,0,173,341.18,1291,0,0,0.04572366492760419,325.58,0,0,3.536986301369863,0,3,2,1,0,1
T101446,CUST3094,2023-03-25 09:38:00,94.38,Utilities,UPI,Desktop,Pune,0,160,427.29,1017,0,0,0.2208804324931545,332.91,0,0,2.786301369863014,0,9,5,0,1,0
T101447,CUST8201,2023-10-15 14:20:00,145.67,Travel,Debit Card,Mobile,Pune,0,106,325.02,1375,0,0,0.44818780382745677,179.35,0,0,3.767123287671233,0,14,6,0,1,0
T101448,CUST3167,2023-12-19 14:02:00,231.47,Health,UPI,Mobile,Mumbai,1,83,215.08,1394,0,0,1.0762042030872232,16.389999999999986,0,0,3.819178082191781,0,14,1,0,0,1
T101449,CUST7073,2024-01-18 19:23:00,91.97,Utilities,UPI,Mobile,Mumbai,0,36,22.33,1816,0,0,4.118674429019257,69.64,1,0,4.975342465753425,0,19,3,0,0,1
T101450,CUST1842,2023-08-17 08:58:00,55.0,Travel,Debit Card,Desktop,Mumbai,0,118,478.36,1358,0,0,0.11497616857596789,423.36,0,0,3.7205479452054795,0,8,3,0,0,0
T101451,CUST7387,2023-03-01 16:33:00,76.95,Grocery,UPI,POS,Chennai,0,165,44.76,1061,0,0,1.7191689008042896,32.190000000000005,0,0,2.9068493150684933,0,16,2,0,0,0
T101452,CUST9993,2024-01-01 22:36:00,162.55,Fashion,NetBanking,Desktop,Kolkata,0,41,308.98,1260,0,0,0.5260858307981099,146.43,0,0,3.452054794520548,0,22,0,0,0,0
T101453,CUST5945,2023-02-03 10:11:00,67.63,Grocery,NetBanking,Desktop,Bengaluru,0,92,60.08,440,0,0,1.1256657789613849,7.549999999999997,0,0,1.2054794520547945,0,10,4,0,0,0
T101454,CUST3629,2023-04-05 03:01:00,2.47,Grocery,PayPal,Desktop,Mumbai,0,49,149.23,287,0,0,0.016551631709441805,146.76,0,0,0.7863013698630137,0,3,2,1,0,1
T101455,CUST2760,2023-01-26 08:11:00,213.83,Fashion,NetBanking,Desktop,Pune,0,143,101.05,1849,0,0,2.116081147946561,112.78000000000002,0,0,5.065753424657534,0,8,3,0,0,0
T101456,CUST9904,2023-02-15 09:47:00,93.57,Fashion,Credit Card,POS,Delhi,0,141,281.32,680,0,0,0.33261055026304565,187.75,0,0,1.8630136986301369,0,9,2,0,0,0
T101457,CUST9738,2024-02-16 15:39:00,90.29,Fashion,Credit Card,Desktop,Delhi,0,53,444.67,1099,0,0,0.20304945240290553,354.38,0,0,3.010958904109589,0,15,4,0,0,0
T101458,CUST9666,2023-04-07 06:19:00,19.43,Fashion,Credit Card,Mobile,Chennai,0,107,321.45,155,0,0,0.060444859231606786,302.02,0,0,0.4246575342465753,0,6,4,0,0,0
T101459,CUST5382,2023-05-06 09:13:00,86.04,Fashion,Debit Card,Mobile,Bengaluru,0,33,335.45,1074,0,0,0.25649128036965274,249.40999999999997,0,0,2.9424657534246577,0,9,5,0,1,0
T101460,CUST6455,2023-04-20 05:27:00,40.05,Grocery,NetBanking,Mobile,Bengaluru,0,119,455.38,1223,0,0,0.0879485265053362,415.33,0,0,3.350684931506849,0,5,3,0,0,0
T101461,CUST9447,2023-02-24 14:49:00,84.27,Food,Credit Card,Desktop,Kolkata,0,32,377.22,573,0,0,0.22339748687768407,292.95000000000005,0,0,1.5698630136986302,0,14,4,0,0,0
T101462,CUST4541,2023-12-22 03:47:00,9.02,Food,PayPal,POS,Bengaluru,0,118,434.32,1469,1,1,0.02076809725547983,425.3,0,0,4.024657534246575,0,3,4,1,0,2
T101463,CUST4214,2023-05-28 18:13:00,85.8,Utilities,Debit Card,POS,Pune,0,176,214.03,484,0,0,0.40087838153529876,128.23000000000002,0,0,1.326027397260274,0,18,6,0,1,0
T101464,CUST9285,2023-11-27 12:54:00,595.34,Electronics,PayPal,POS,Pune,0,196,434.02,691,0,0,1.3716879406478966,161.32000000000005,0,0,1.893150684931507,0,12,0,0,0,0
T101465,CUST7494,2023-09-16 01:10:00,3.95,Food,NetBanking,Desktop,Kolkata,0,185,326.47,1259,0,0,0.012099120899316935,322.52000000000004,0,0,3.4493150684931506,0,1,5,1,1,1
T101466,CUST9086,2023-07-23 19:56:00,302.39,Health,UPI,POS,Chennai,0,62,76.45,1386,0,0,3.955395683453237,225.94,1,0,3.797260273972603,0,19,6,0,1,1
T101467,CUST6661,2023-09-23 06:57:00,41.79,Food,PayPal,Mobile,Bengaluru,0,82,28.97,1074,0,0,1.4425267518122196,12.82,0,0,2.9424657534246577,0,6,5,0,1,0
T101468,CUST2729,2023-06-11 18:08:00,163.68,Grocery,UPI,POS,Bengaluru,0,130,129.58,947,0,0,1.263157894736842,34.099999999999994,0,0,2.5945205479452054,0,18,6,0,1,0
T101469,CUST8913,2023-12-03 07:49:00,122.0,Fashion,Debit Card,Desktop,Mumbai,0,77,195.39,1855,0,0,0.6243922411587083,73.38999999999999,0,0,5.082191780821918,0,7,6,0,1,0
T101470,CUST3482,2023-08-26 05:35:00,66.96,Utilities,PayPal,Desktop,Bengaluru,0,16,420.41,1703,0,0,0.1592730905544587,353.45000000000005,0,0,4.6657534246575345,0,5,5,0,1,0
T101471,CUST8669,2023-09-24 16:30:00,107.29,Fashion,PayPal,POS,Pune,0,123,373.21,1118,0,0,0.2874788992792262,265.91999999999996,0,0,3.063013698630137,0,16,6,0,1,0
T101472,CUST1450,2023-01-29 04:40:00,168.64,Entertainment,Debit Card,Desktop,Mumbai,0,8,478.13,1630,0,0,0.35270742266747535,309.49,0,0,4.465753424657534,0,4,6,1,1,1
T101473,CUST4617,2023-07-11 11:57:00,41.42,Entertainment,Debit Card,POS,Mumbai,0,147,284.0,117,0,0,0.14584507042253522,242.57999999999998,0,0,0.32054794520547947,0,11,1,0,0,0
T101474,CUST7594,2023-11-09 23:42:00,31.68,Entertainment,Credit Card,POS,Bengaluru,0,160,376.39,1888,0,0,0.08416801721618535,344.71,0,0,5.1726027397260275,0,23,3,0,0,0
T101475,CUST7324,2023-11-13 07:52:00,88.11,Grocery,NetBanking,Mobile,Delhi,0,67,144.89,1532,0,0,0.6081165021740631,56.77999999999999,0,0,4.197260273972603,0,7,0,0,0,0
T101476,CUST2402,2023-12-06 19:33:00,131.96,Health,PayPal,Desktop,Hyderabad,0,115,342.99,1096,0,0,0.38473424881191876,211.03,0,0,3.0027397260273974,0,19,2,0,0,0
T101477,CUST7201,2023-10-05 11:44:00,114.93,Food,PayPal,Mobile,Pune,1,113,356.01,1936,0,0,0.3228280104491447,241.07999999999998,0,0,5.304109589041096,0,11,3,0,0,1
T101478,CUST7149,2024-02-14 02:53:00,127.89,Grocery,Debit Card,Desktop,Delhi,0,32,425.72,1990,0,0,0.300408719346049,297.83000000000004,0,0,5.4520547945205475,0,2,2,1,0,1
T101479,CUST1446,2023-11-07 14:27:00,45.76,Electronics,Debit Card,POS,Bengaluru,0,105,272.84,1194,0,0,0.16771734349802084,227.07999999999998,0,0,3.271232876712329,0,14,1,0,0,0
T101480,CUST9537,2023-04-10 02:10:00,136.23,Utilities,NetBanking,Desktop,Bengaluru,0,25,328.01,1427,0,1,0.41532270357611045,191.78,0,0,3.9095890410958902,0,2,0,1,0,1
T101481,CUST1501,2023-04-16 00:09:00,10.25,Fashion,Debit Card,POS,Delhi,0,53,109.49,545,0,0,0.09361585532925382,99.24,0,0,1.4931506849315068,0,0,6,1,1,1
T101482,CUST6917,2024-01-06 16:04:00,62.91,Entertainment,UPI,Desktop,Bengaluru,0,81,371.01,529,0,0,0.16956416269103258,308.1,0,0,1.4493150684931506,0,16,5,0,1,0
T101483,CUST7466,2023-03-14 11:47:00,0.46,Travel,UPI,Mobile,Pune,0,25,420.82,1332,0,0,0.0010931039399268096,420.36,0,0,3.649315068493151,0,11,1,0,0,0
T101484,CUST9671,2023-10-02 10:17:00,31.39,Electronics,UPI,Mobile,Kolkata,0,33,300.93,355,0,0,0.10430997241883494,269.54,0,0,0.9726027397260274,0,10,0,0,0,0
T101485,CUST7997,2023-01-03 18:17:00,36.51,Entertainment,UPI,POS,Mumbai,1,31,66.68,1471,0,0,0.5475404919016196,30.17000000000001,0,0,4.03013698630137,0,18,1,0,0,1
T101486,CUST8736,2023-01-03 05:22:00,40.36,Health,NetBanking,Mobile,Chennai,0,36,163.3,582,0,0,0.24715248009797916,122.94000000000001,0,0,1.5945205479452054,0,5,1,0,0,0
T101487,CUST5149,2024-02-08 21:50:00,95.12,Electronics,PayPal,POS,Bengaluru,0,87,243.0,1967,1,0,0.391440329218107,147.88,0,0,5.389041095890411,0,21,3,0,0,1
T101488,CUST5582,2023-05-04 14:29:00,39.35,Grocery,UPI,POS,Bengaluru,0,123,341.81,917,0,0,0.1151224364412978,302.46,0,0,2.5123287671232877,0,14,3,0,0,0
T101489,CUST7972,2023-11-07 13:03:00,47.64,Food,Debit Card,POS,Delhi,1,177,166.96,1025,0,1,0.2853378054623862,119.32000000000001,0,0,2.808219178082192,0,13,1,0,0,1
T101490,CUST9771,2023-10-28 18:24:00,21.7,Fashion,UPI,Desktop,Mumbai,0,44,421.74,1655,0,0,0.05145350215772751,400.04,0,0,4.534246575342466,0,18,5,0,1,0
T101491,CUST9436,2024-01-29 06:09:00,37.38,Utilities,NetBanking,POS,Delhi,0,48,192.18,1022,0,0,0.19450515142054325,154.8,0,0,2.8,0,6,0,0,0,0
T101492,CUST5204,2024-02-17 05:09:00,20.63,Health,Debit Card,Mobile,Kolkata,0,158,30.99,1821,0,1,0.6656986124556309,10.36,0,0,4.989041095890411,0,5,5,0,1,0
T101493,CUST3001,2023-06-09 02:14:00,6.08,Health,UPI,Desktop,Pune,0,13,399.06,958,0,0,0.015235804139728361,392.98,0,0,2.6246575342465754,0,2,4,1,0,1
T101494,CUST6799,2023-09-24 01:30:00,74.0,Travel,PayPal,Mobile,Delhi,0,171,325.67,950,0,0,0.22722387693063528,251.67000000000002,0,0,2.6027397260273974,0,1,6,1,1,1
T101495,CUST9221,2023-01-04 01:17:00,88.26,Electronics,Debit Card,POS,Bengaluru,0,144,402.96,337,0,0,0.21902918403811794,314.7,0,0,0.9232876712328767,0,1,2,1,0,1
T101496,CUST2804,2023-06-05 02:29:00,77.3,Travel,Debit Card,POS,Mumbai,0,91,180.96,686,0,0,0.42716622458001763,103.66000000000001,0,0,1.8794520547945206,0,2,0,1,0,1
T101497,CUST4707,2023-03-22 23:35:00,49.81,Food,PayPal,Mobile,Pune,0,154,18.64,1360,0,0,2.6722103004291844,31.17,0,0,3.7260273972602738,0,23,2,0,0,0
T101498,CUST8743,2023-11-17 04:51:00,38.22,Entertainment,Debit Card,Desktop,Bengaluru,0,175,46.14,1952,0,1,0.8283485045513653,7.920000000000002,0,0,5.347945205479452,0,4,4,1,0,1
T101499,CUST2273,2023-09-06 21:36:00,159.22,Food,UPI,Mobile,Pune,0,165,64.78,1876,0,0,2.45785736338376,94.44,0,0,5.13972602739726,0,21,2,0,0,0
T101500,CUST7122,2023-11-13 08:59:00,58.56,Entertainment,Debit Card,POS,Bengaluru,1,131,404.52,499,0,0,0.1447641649362207,345.96,0,0,1.367123287671233,0,8,0,0,0,1
T101501,CUST7613,2023-02-06 03:10:00,52.19,Travel,UPI,Desktop,Bengaluru,1,154,157.7,1237,0,1,0.3309448319594166,105.50999999999999,0,0,3.389041095890411,0,3,0,1,0,2
T101502,CUST5481,2024-02-05 12:48:00,2.08,Fashion,PayPal,POS,Bengaluru,0,143,498.97,1684,0,0,0.004168587289817023,496.89000000000004,0,0,4.6136986301369864,0,12,0,0,0,0
T101503,CUST1002,2023-09-16 13:11:00,33.39,Food,Credit Card,POS,Chennai,1,66,381.61,654,0,0,0.08749770708314772,348.22,0,0,1.7917808219178082,0,13,5,0,1,1
T101504,CUST8890,2023-01-09 07:12:00,38.27,Travel,PayPal,Mobile,Hyderabad,0,28,304.57,320,0,0,0.12565255934596317,266.3,0,0,0.8767123287671232,0,7,0,0,0,0
T101505,CUST4152,2023-07-16 08:46:00,40.71,Electronics,UPI,POS,Mumbai,0,125,491.97,278,0,0,0.08274894810659186,451.26000000000005,0,0,0.7616438356164383,0,8,6,0,1,0
T101506,CUST9221,2023-05-06 00:10:00,69.43,Travel,NetBanking,Mobile,Kolkata,0,166,164.99,353,0,1,0.4208133826292503,95.56,0,0,0.9671232876712329,0,0,5,1,1,1
T101507,CUST4439,2023-01-24 09:48:00,61.02,Travel,PayPal,Desktop,Chennai,0,172,91.15,1496,0,0,0.6694459681843116,30.130000000000003,0,0,4.098630136986301,0,9,1,0,0,0
T101508,CUST9324,2023-10-24 07:19:00,74.9,Grocery,NetBanking,POS,Hyderabad,0,181,371.26,633,0,0,0.20174540753111028,296.36,0,0,1.7342465753424658,0,7,1,0,0,0
T101509,CUST6058,2023-11-15 06:03:00,115.81,Food,NetBanking,POS,Pune,0,80,146.26,88,0,0,0.7918091070696022,30.44999999999999,0,0,0.2410958904109589,0,6,2,0,0,0
T101510,CUST9369,2023-09-05 01:04:00,134.13,Utilities,UPI,Desktop,Hyderabad,0,132,480.91,1050,0,0,0.27890873552223905,346.78000000000003,0,0,2.8767123287671232,0,1,1,1,0,1
T101511,CUST9767,2023-10-01 03:24:00,101.3,Fashion,UPI,Mobile,Hyderabad,0,72,494.15,298,0,0,0.20499848224223413,392.84999999999997,0,0,0.8164383561643835,0,3,6,1,1,1
T101512,CUST1165,2023-05-13 13:50:00,249.02,Fashion,Credit Card,POS,Chennai,0,44,463.94,1371,0,0,0.5367504418674829,214.92,0,0,3.756164383561644,0,13,5,0,1,0
T101513,CUST4567,2023-10-31 18:31:00,1.47,Grocery,Debit Card,Desktop,Mumbai,0,119,472.93,123,0,0,0.003108282409658935,471.46,0,0,0.336986301369863,0,18,1,0,0,0
T101514,CUST9977,2023-07-21 10:29:00,17.43,Entertainment,PayPal,POS,Delhi,0,46,311.67,1307,0,0,0.055924535566464526,294.24,0,0,3.580821917808219,0,10,4,0,0,0
T101515,CUST7709,2023-10-18 06:08:00,0.61,Health,UPI,Mobile,Hyderabad,1,84,349.14,716,0,0,0.0017471501403448473,348.53,0,0,1.9616438356164383,0,6,2,0,0,1
T101516,CUST7500,2023-07-29 00:23:00,83.41,Entertainment,PayPal,Mobile,Delhi,0,26,56.18,1513,0,0,1.4846920612317551,27.229999999999997,0,0,4.145205479452055,0,0,5,1,1,1
T101517,CUST8294,2024-02-11 20:32:00,182.65,Fashion,NetBanking,Mobile,Delhi,1,96,383.89,544,0,1,0.47578733491364716,201.23999999999998,0,0,1.4904109589041097,0,20,6,0,1,1
T101518,CUST5630,2024-01-20 15:30:00,22.32,Travel,Debit Card,Mobile,Bengaluru,0,13,109.01,562,0,0,0.20475185762774056,86.69,0,0,1.5397260273972602,0,15,5,0,1,0
T101519,CUST7693,2023-03-14 10:17:00,209.42,Grocery,Credit Card,Desktop,Delhi,0,125,421.76,1157,0,0,0.496538315629742,212.34,0,0,3.16986301369863,0,10,1,0,0,0
T101520,CUST5381,2023-07-27 21:15:00,4.97,Electronics,PayPal,POS,Pune,0,69,481.15,1886,0,0,0.010329419100072743,476.17999999999995,0,0,5.167123287671233,0,21,3,0,0,0
T101521,CUST3988,2023-12-02 11:51:00,217.98,Food,Debit Card,Desktop,Pune,0,172,114.07,431,0,0,1.9109318839309197,103.91,0,0,1.180821917808219,0,11,5,0,1,0
T101522,CUST6371,2023-08-01 00:12:00,34.66,Food,Credit Card,Mobile,Bengaluru,0,181,48.24,1834,0,0,0.71849087893864,13.580000000000005,0,0,5.024657534246575,0,0,1,1,0,1
T101523,CUST6621,2023-09-17 13:48:00,8.56,Utilities,PayPal,Mobile,Mumbai,0,51,247.11,996,0,0,0.03464044352717413,238.55,0,0,2.728767123287671,0,13,6,0,1,0
T101524,CUST5334,2023-09-07 17:51:00,53.22,Food,Debit Card,Mobile,Kolkata,0,13,397.86,1386,0,0,0.13376564620720857,344.64,0,0,3.797260273972603,0,17,3,0,0,0
T101525,CUST4806,2023-08-25 21:59:00,23.74,Travel,UPI,Mobile,Mumbai,0,169,387.61,750,0,0,0.06124712984701117,363.87,0,0,2.0547945205479454,0,21,4,0,0,0
T101526,CUST4603,2023-04-07 17:33:00,26.82,Electronics,PayPal,POS,Pune,0,139,351.44,906,0,0,0.07631459139540178,324.62,0,0,2.4821917808219176,0,17,4,0,0,0
T101527,CUST5663,2023-11-30 17:39:00,29.37,Grocery,Debit Card,Mobile,Kolkata,0,165,412.14,637,0,0,0.0712621924588732,382.77,0,0,1.7452054794520548,0,17,3,0,0,0
T101528,CUST8427,2023-03-09 13:50:00,129.97,Grocery,Credit Card,POS,Bengaluru,0,60,95.74,122,0,0,1.3575308126175059,34.230000000000004,0,0,0.33424657534246577,0,13,3,0,0,0
T101529,CUST1413,2023-07-06 01:52:00,61.98,Food,Debit Card,Mobile,Mumbai,0,32,329.45,1610,0,0,0.1881317347093641,267.46999999999997,0,0,4.410958904109589,0,1,3,1,0,1
T101530,CUST7499,2023-09-12 21:43:00,29.84,Electronics,UPI,POS,Kolkata,0,173,306.78,603,0,0,0.09726840080839691,276.94,0,0,1.652054794520548,0,21,1,0,0,0
T101531,CUST7046,2023-02-26 03:49:00,75.4,Electronics,PayPal,POS,Kolkata,0,18,85.18,1595,0,1,0.8851843155670345,9.780000000000001,0,0,4.36986301369863,0,3,6,1,1,1
T101532,CUST8530,2023-03-05 01:57:00,100.74,Electronics,PayPal,Mobile,Hyderabad,0,93,213.07,1000,0,0,0.4728023654198151,112.33,0,0,2.73972602739726,0,1,6,1,1,1
T101533,CUST5200,2023-08-26 06:18:00,25.46,Fashion,PayPal,Desktop,Mumbai,1,148,427.74,1835,0,1,0.059522139617524665,402.28000000000003,0,0,5.027397260273973,0,6,5,0,1,1
T101534,CUST1806,2023-10-02 03:58:00,42.69,Fashion,UPI,Desktop,Bengaluru,0,44,486.18,466,0,1,0.08780698506725904,443.49,0,0,1.2767123287671234,0,3,0,1,0,1
T101535,CUST1103,2023-07-29 13:36:00,10.4,Food,Credit Card,Desktop,Kolkata,0,164,336.06,1063,0,0,0.030946854728322325,325.66,0,0,2.9123287671232876,0,13,5,0,1,0
T101536,CUST2065,2023-02-11 05:02:00,15.99,Electronics,PayPal,Desktop,Pune,0,197,461.75,485,0,0,0.03462912831618841,445.76,0,0,1.3287671232876712,0,5,5,0,1,0
T101537,CUST4425,2023-12-20 12:53:00,91.43,Health,Credit Card,Desktop,Hyderabad,0,37,74.7,444,0,0,1.223962516733601,16.730000000000004,0,0,1.2164383561643837,0,12,2,0,0,0
T101538,CUST9027,2023-09-09 13:04:00,16.02,Electronics,Debit Card,Mobile,Delhi,1,161,487.78,1571,0,1,0.0328426749764238,471.76,0,0,4.304109589041096,0,13,5,0,1,1
T101539,CUST4728,2023-04-23 16:11:00,59.58,Grocery,Credit Card,Mobile,Delhi,1,127,26.42,1428,0,0,2.255109765329296,33.16,0,0,3.9123287671232876,0,16,6,0,1,1
T101540,CUST6349,2023-10-21 19:09:00,98.77,Grocery,Credit Card,Mobile,Delhi,0,19,268.36,1584,0,0,0.368050380086451,169.59000000000003,0,0,4.33972602739726,0,19,5,0,1,0
T101541,CUST5990,2023-05-01 18:36:00,9.04,Food,PayPal,Mobile,Pune,0,179,152.59,1577,0,0,0.05924372501474539,143.55,0,0,4.32054794520548,0,18,0,0,0,0
T101542,CUST3327,2023-04-25 18:01:00,67.02,Health,NetBanking,Mobile,Kolkata,1,32,408.82,1426,0,0,0.16393522821779755,341.8,0,0,3.9068493150684933,0,18,1,0,0,1
T101543,CUST9652,2023-08-20 18:05:00,23.72,Electronics,NetBanking,Mobile,Bengaluru,0,106,116.6,733,0,0,0.2034305317324185,92.88,0,0,2.0082191780821916,0,18,6,0,1,0
T101544,CUST1791,2023-03-08 17:53:00,263.59,Entertainment,UPI,POS,Delhi,0,22,15.65,1668,0,0,16.842811501597442,247.93999999999997,1,0,4.5698630136986305,0,17,2,0,0,1
T101545,CUST7748,2024-01-31 23:37:00,52.86,Health,UPI,POS,Mumbai,0,122,213.16,911,0,0,0.24798273597297804,160.3,0,0,2.495890410958904,0,23,2,0,0,0
T101546,CUST7851,2023-12-03 00:33:00,131.19,Utilities,NetBanking,Mobile,Delhi,0,129,41.41,791,0,0,3.168075344119778,89.78,1,0,2.1671232876712327,0,0,6,1,1,2
T101547,CUST9981,2023-06-22 14:10:00,63.92,Food,Debit Card,Mobile,Kolkata,0,54,152.15,1809,0,0,0.4201117318435754,88.23,0,0,4.956164383561644,0,14,3,0,0,0
T101548,CUST5622,2023-03-15 04:23:00,3.55,Grocery,PayPal,POS,Chennai,0,148,325.44,1903,0,0,0.010908308751229105,321.89,0,0,5.213698630136986,0,4,2,1,0,1
T101549,CUST7318,2023-07-16 20:45:00,80.22,Entertainment,PayPal,POS,Pune,0,58,154.4,1492,0,0,0.5195595854922279,74.18,0,0,4.087671232876712,0,20,6,0,1,0
T101550,CUST7382,2023-11-08 13:44:00,241.94,Grocery,Debit Card,Mobile,Chennai,0,163,130.44,1248,0,0,1.8547991413676785,111.5,0,0,3.419178082191781,0,13,2,0,0,0
T101551,CUST7436,2023-08-19 07:42:00,73.63,Fashion,Debit Card,POS,Delhi,0,70,86.19,294,0,0,0.8542754379858452,12.560000000000002,0,0,0.8054794520547945,0,7,5,0,1,0
T101552,CUST9716,2023-10-02 19:44:00,136.82,Food,NetBanking,Desktop,Kolkata,0,198,76.23,536,0,0,1.7948314311950673,60.58999999999999,0,0,1.4684931506849315,0,19,0,0,0,0
T101553,CUST8026,2023-07-24 09:35:00,172.48,Food,UPI,Desktop,Delhi,0,189,267.67,675,0,0,0.6443755370418799,95.19000000000003,0,0,1.8493150684931507,0,9,0,0,0,0
T101554,CUST1423,2023-05-26 07:13:00,20.71,Electronics,Debit Card,Desktop,Chennai,0,63,343.94,926,0,0,0.060213990812350994,323.23,0,0,2.536986301369863,0,7,4,0,0,0
T101555,CUST2743,2024-01-06 00:32:00,19.07,Electronics,UPI,POS,Kolkata,1,189,231.84,1479,0,0,0.08225500345065563,212.77,0,0,4.052054794520548,0,0,5,1,1,2
T101556,CUST6787,2023-05-14 22:14:00,75.53,Fashion,Credit Card,Mobile,Pune,0,185,70.57,890,0,0,1.070284823579425,4.960000000000008,0,0,2.4383561643835616,0,22,6,0,1,0
T101557,CUST3239,2023-12-23 20:09:00,42.35,Entertainment,PayPal,Mobile,Pune,0,3,327.4,718,0,0,0.12935247403787417,285.04999999999995,0,0,1.9671232876712328,1,20,5,0,1,0
T101558,CUST5288,2023-02-08 14:32:00,146.54,Utilities,NetBanking,Mobile,Delhi,0,99,282.99,896,0,0,0.5178274850701438,136.45000000000002,0,0,2.4547945205479453,0,14,2,0,0,0
T101559,CUST4259,2023-10-13 23:42:00,184.23,Travel,PayPal,POS,Pune,0,45,196.82,1152,0,0,0.9360329234833858,12.590000000000003,0,0,3.1561643835616437,0,23,4,0,0,0
T101560,CUST4656,2024-02-12 18:38:00,34.88,Health,NetBanking,POS,Hyderabad,0,143,171.72,1083,0,0,0.20312136035406478,136.84,0,0,2.967123287671233,0,18,0,0,0,0
T101561,CUST7742,2023-07-31 17:11:00,21.63,Travel,Credit Card,Desktop,Kolkata,0,17,99.74,1344,0,0,0.21686384599959896,78.11,0,0,3.682191780821918,0,17,0,0,0,0
T101562,CUST2838,2023-06-03 11:08:00,121.32,Travel,PayPal,POS,Kolkata,0,143,81.69,1628,0,0,1.4851266984943077,39.629999999999995,0,0,4.46027397260274,0,11,5,0,1,0
T101563,CUST9893,2023-10-14 11:49:00,25.71,Food,Credit Card,Desktop,Pune,0,5,176.0,516,0,0,0.14607954545454546,150.29,0,0,1.4136986301369863,0,11,5,0,1,0
T101564,CUST9655,2023-07-24 01:59:00,138.35,Health,NetBanking,Desktop,Kolkata,0,174,30.4,1459,0,0,4.550986842105263,107.94999999999999,1,0,3.9972602739726026,0,1,0,1,0,2
T101565,CUST6016,2023-06-18 08:58:00,44.1,Food,Debit Card,Mobile,Chennai,1,11,223.95,1992,0,1,0.1969189551239116,179.85,0,0,5.457534246575342,0,8,6,0,1,1
T101566,CUST2259,2023-04-08 16:07:00,88.1,Utilities,PayPal,POS,Bengaluru,0,192,304.77,57,0,0,0.2890704465662631,216.67,0,0,0.15616438356164383,0,16,5,0,1,0
T101567,CUST5080,2023-12-13 23:27:00,8.03,Health,Credit Card,Mobile,Chennai,0,92,471.41,1199,0,0,0.017034004369869113,463.38000000000005,0,0,3.2849315068493152,0,23,2,0,0,0
T101568,CUST8523,2023-01-12 03:04:00,78.22,Grocery,PayPal,Mobile,Mumbai,0,142,316.66,317,0,0,0.24701572664687677,238.44000000000003,0,0,0.8684931506849315,0,3,3,1,0,1
T101569,CUST1949,2023-02-03 08:27:00,48.08,Food,PayPal,POS,Hyderabad,0,39,315.8,610,0,0,0.15224825839138695,267.72,0,0,1.6712328767123288,0,8,4,0,0,0
T101570,CUST7242,2023-01-19 03:54:00,70.67,Food,PayPal,POS,Bengaluru,1,195,193.46,979,0,1,0.36529515145249664,122.79,0,0,2.682191780821918,0,3,3,1,0,2
T101571,CUST1355,2023-09-17 04:40:00,14.72,Food,UPI,Desktop,Delhi,0,183,75.33,281,0,0,0.19540687641046064,60.61,0,0,0.7698630136986301,0,4,6,1,1,1
T101572,CUST3841,2024-01-01 20:51:00,106.81,Entertainment,Credit Card,Desktop,Kolkata,0,42,229.0,1215,0,0,0.46641921397379915,122.19,0,0,3.328767123287671,0,20,0,0,0,0
T101573,CUST4015,2023-01-13 16:59:00,158.9,Fashion,Credit Card,Desktop,Mumbai,0,94,303.35,956,0,0,0.5238173726718311,144.45000000000002,0,0,2.6191780821917807,0,16,4,0,0,0
T101574,CUST5099,2024-02-14 21:07:00,19.54,Food,PayPal,Desktop,Mumbai,0,5,364.78,139,0,0,0.05356653325291957,345.23999999999995,0,0,0.38082191780821917,0,21,2,0,0,0
T101575,CUST4554,2023-01-19 21:35:00,8.05,Utilities,Debit Card,Mobile,Hyderabad,1,52,414.78,1918,0,0,0.019407878875548488,406.72999999999996,0,0,5.254794520547946,0,21,3,0,0,1
T101576,CUST7279,2023-04-02 22:08:00,1.91,Electronics,PayPal,Mobile,Bengaluru,0,150,135.4,673,0,0,0.014106351550960117,133.49,0,0,1.8438356164383563,0,22,6,0,1,0
T101577,CUST2584,2023-11-12 07:10:00,82.17,Electronics,UPI,POS,Mumbai,0,44,128.2,427,0,0,0.6409516380655227,46.02999999999999,0,0,1.16986301369863,0,7,6,0,1,0
T101578,CUST6948,2023-04-16 03:35:00,74.73,Health,NetBanking,Desktop,Bengaluru,0,115,287.0,1324,0,1,0.26038327526132404,212.26999999999998,0,0,3.627397260273973,0,3,6,1,1,1
T101579,CUST2763,2023-10-24 06:46:00,63.3,Grocery,UPI,Desktop,Bengaluru,0,187,287.35,1241,0,0,0.22028884635461976,224.05,0,0,3.4,0,6,1,0,0,0
T101580,CUST6264,2024-01-29 12:40:00,21.11,Fashion,Debit Card,Desktop,Pune,0,153,116.79,1585,0,0,0.18075177669321002,95.68,0,0,4.342465753424658,0,12,0,0,0,0
T101581,CUST7013,2023-05-28 10:24:00,39.66,Entertainment,PayPal,Mobile,Mumbai,0,127,297.86,305,0,0,0.13314980192036527,258.20000000000005,0,0,0.8356164383561644,0,10,6,0,1,0
T101582,CUST8202,2023-04-28 21:26:00,72.21,Health,Credit Card,POS,Bengaluru,0,116,179.48,718,0,0,0.4023289503008692,107.27,0,0,1.9671232876712328,0,21,4,0,0,0
T101583,CUST8222,2023-08-17 14:55:00,54.94,Electronics,PayPal,Mobile,Hyderabad,0,149,323.26,1664,0,0,0.16995607251129122,268.32,0,0,4.558904109589041,0,14,3,0,0,0
T101584,CUST4813,2023-02-03 07:54:00,352.41,Fashion,Debit Card,POS,Mumbai,0,192,152.61,276,0,0,2.309219579319835,199.8,0,0,0.7561643835616438,0,7,4,0,0,0
T101585,CUST6272,2023-08-21 12:08:00,11.74,Fashion,Credit Card,POS,Hyderabad,1,68,300.22,1377,0,1,0.03910465658517087,288.48,0,0,3.7726027397260276,0,12,0,0,0,1
T101586,CUST1866,2023-11-08 10:20:00,95.03,Grocery,UPI,Mobile,Hyderabad,0,47,386.47,1071,0,0,0.24589230729422723,291.44000000000005,0,0,2.9342465753424656,0,10,2,0,0,0
T101587,CUST1100,2023-04-08 11:22:00,41.44,Utilities,NetBanking,Mobile,Bengaluru,0,127,490.28,437,0,0,0.0845231296402056,448.84,0,0,1.1972602739726028,0,11,5,0,1,0
T101588,CUST6290,2023-01-21 01:05:00,44.72,Fashion,NetBanking,POS,Bengaluru,1,35,456.42,1464,0,0,0.09797993076552297,411.70000000000005,0,0,4.010958904109589,0,1,5,1,1,2
T101589,CUST4809,2024-01-17 23:55:00,101.15,Food,PayPal,Mobile,Pune,0,7,256.73,1854,0,0,0.3939936898687337,155.58,0,0,5.079452054794521,0,23,2,0,0,0
T101590,CUST4145,2023-02-27 07:42:00,94.33,Fashion,UPI,Mobile,Kolkata,0,184,249.29,154,0,0,0.37839464077981466,154.95999999999998,0,0,0.42191780821917807,0,7,0,0,0,0
T101591,CUST9297,2023-12-26 06:43:00,379.15,Grocery,Debit Card,POS,Pune,0,116,224.47,1373,0,0,1.6890898561054928,154.67999999999998,0,0,3.7616438356164386,0,6,1,0,0,0
T101592,CUST3812,2023-03-11 21:23:00,10.99,Health,NetBanking,POS,Mumbai,0,52,23.6,182,0,0,0.4656779661016949,12.610000000000001,0,0,0.4986301369863014,0,21,5,0,1,0
T101593,CUST6186,2023-02-28 19:28:00,8.79,Grocery,UPI,Desktop,Pune,0,110,91.32,1634,0,0,0.09625492772667542,82.53,0,0,4.476712328767123,0,19,1,0,0,0
T101594,CUST5452,2023-01-22 16:38:00,103.09,Entertainment,PayPal,Mobile,Delhi,0,46,39.0,687,0,0,2.6433333333333335,64.09,0,0,1.8821917808219177,0,16,6,0,1,0
T101595,CUST6675,2023-05-01 12:35:00,69.09,Grocery,Credit Card,POS,Mumbai,0,137,351.21,1610,0,0,0.1967199111642607,282.12,0,0,4.410958904109589,0,12,0,0,0,0
T101596,CUST1179,2023-07-12 23:43:00,25.63,Electronics,PayPal,Mobile,Hyderabad,1,186,212.48,1931,0,1,0.12062311746987953,186.85,0,0,5.2904109589041095,0,23,2,0,0,1
T101597,CUST5142,2023-09-08 19:38:00,6.62,Food,PayPal,Mobile,Pune,0,23,41.25,49,0,0,0.16048484848484848,34.63,0,0,0.13424657534246576,0,19,4,0,0,0
T101598,CUST5834,2023-07-06 16:59:00,7.16,Utilities,UPI,POS,Pune,0,131,348.38,1856,0,0,0.020552270509214078,341.21999999999997,0,0,5.0849315068493155,0,16,3,0,0,0
T101599,CUST7477,2023-07-19 15:13:00,179.69,Electronics,NetBanking,Desktop,Kolkata,0,127,325.77,276,1,0,0.5515854744144643,146.07999999999998,0,0,0.7561643835616438,0,15,2,0,0,1
T101600,CUST9919,2023-12-18 21:54:00,17.04,Health,UPI,POS,Pune,0,189,362.78,1443,0,0,0.046970615800209496,345.73999999999995,0,0,3.9534246575342467,0,21,0,0,0,0
T101601,CUST2744,2023-08-15 17:07:00,31.25,Travel,Credit Card,POS,Bengaluru,0,9,303.92,1400,1,1,0.10282311134509081,272.67,0,0,3.835616438356164,0,17,1,0,0,1
T101602,CUST4566,2023-12-01 17:25:00,20.56,Health,UPI,Mobile,Hyderabad,0,53,89.15,1529,0,0,0.23062254627033088,68.59,0,0,4.189041095890411,0,17,4,0,0,0
T101603,CUST7462,2024-01-08 22:57:00,35.08,Food,Debit Card,Desktop,Pune,0,196,40.08,1256,0,0,0.875249500998004,5.0,0,0,3.441095890410959,0,22,0,0,0,0
T101604,CUST9427,2023-11-04 14:12:00,5.76,Fashion,PayPal,POS,Chennai,0,177,410.4,1062,0,0,0.014035087719298246,404.64,0,0,2.9095890410958902,0,14,5,0,1,0
T101605,CUST6963,2023-02-27 14:15:00,58.56,Grocery,NetBanking,Mobile,Chennai,0,198,115.75,1745,0,0,0.5059179265658748,57.19,0,0,4.780821917808219,0,14,0,0,0,0
T101606,CUST6983,2023-05-05 02:10:00,5.6,Travel,Credit Card,POS,Hyderabad,0,48,275.84,1721,0,0,0.020301624129930394,270.23999999999995,0,0,4.715068493150685,0,2,4,1,0,1
T101607,CUST3975,2024-02-11 09:48:00,128.9,Food,PayPal,Mobile,Pune,0,123,247.76,560,0,0,0.520261543429125,118.85999999999999,0,0,1.5342465753424657,0,9,6,0,1,0
T101608,CUST5596,2023-07-30 07:12:00,21.3,Electronics,UPI,POS,Kolkata,0,82,461.32,132,0,0,0.04617185467788087,440.02,0,0,0.36164383561643837,0,7,6,0,1,0
T101609,CUST8417,2023-11-26 16:01:00,62.12,Grocery,Debit Card,Desktop,Delhi,1,109,280.7,1299,0,1,0.2213038831492697,218.57999999999998,0,0,3.558904109589041,0,16,6,0,1,1
T101610,CUST7606,2023-02-21 18:43:00,169.67,Health,UPI,POS,Kolkata,0,7,294.21,626,0,0,0.5766969171680092,124.53999999999999,0,0,1.715068493150685,0,18,1,0,0,0
T101611,CUST4807,2023-12-03 16:45:00,84.19,Electronics,PayPal,Mobile,Delhi,1,99,166.56,1372,0,0,0.5054634966378482,82.37,0,0,3.758904109589041,0,16,6,0,1,1
T101612,CUST4019,2024-01-18 21:50:00,60.91,Food,Credit Card,POS,Mumbai,1,31,479.76,380,0,0,0.12695931298982824,418.85,0,0,1.0410958904109588,0,21,3,0,0,1
T101613,CUST2860,2023-01-05 21:58:00,31.36,Food,NetBanking,Desktop,Mumbai,1,102,310.06,263,0,0,0.10114171450686964,278.7,0,0,0.7205479452054795,0,21,3,0,0,1
T101614,CUST7423,2023-07-12 23:25:00,32.4,Health,PayPal,Desktop,Kolkata,0,56,12.44,1700,0,0,2.604501607717042,19.96,0,0,4.657534246575342,0,23,2,0,0,0
T101615,CUST5723,2023-12-11 10:30:00,88.57,Travel,Credit Card,Desktop,Pune,1,99,282.48,66,0,1,0.3135443217218918,193.91000000000003,0,0,0.18082191780821918,0,10,0,0,0,1
T101616,CUST7119,2023-12-11 04:39:00,411.16,Health,PayPal,Desktop,Kolkata,0,189,188.29,1398,0,0,2.1836528758829465,222.87000000000003,0,0,3.83013698630137,0,4,0,1,0,1
T101617,CUST6467,2023-01-27 06:44:00,86.74,Fashion,Debit Card,Mobile,Mumbai,0,5,25.73,1657,0,0,3.37116206762534,61.00999999999999,1,0,4.53972602739726,0,6,4,0,0,1
T101618,CUST6553,2023-01-15 10:55:00,65.28,Electronics,UPI,POS,Bengaluru,0,30,221.46,321,0,0,0.2947710647520997,156.18,0,0,0.8794520547945206,0,10,6,0,1,0
T101619,CUST1649,2023-12-08 10:30:00,104.94,Travel,NetBanking,Desktop,Delhi,1,22,389.05,46,0,0,0.2697339673563809,284.11,0,0,0.12602739726027398,0,10,4,0,0,1
T101620,CUST3485,2023-09-15 20:59:00,50.07,Grocery,Credit Card,POS,Hyderabad,0,145,256.86,119,0,0,0.19493109086661994,206.79000000000002,0,0,0.32602739726027397,0,20,4,0,0,0
T101621,CUST8600,2023-06-15 06:58:00,4.96,Entertainment,NetBanking,Mobile,Kolkata,0,138,323.33,1401,0,0,0.015340364333652925,318.37,0,0,3.8383561643835615,0,6,3,0,0,0
T101622,CUST7253,2024-01-01 17:22:00,66.1,Fashion,NetBanking,POS,Pune,0,199,323.47,706,0,0,0.20434661637864404,257.37,0,0,1.9342465753424658,0,17,0,0,0,0
T101623,CUST2885,2023-12-11 06:05:00,252.9,Travel,NetBanking,POS,Pune,0,196,338.8,1006,0,0,0.7464580873671782,85.9,0,0,2.756164383561644,0,6,0,0,0,0
T101624,CUST1463,2023-02-17 11:25:00,15.42,Entertainment,Credit Card,Desktop,Chennai,0,170,199.92,1497,0,0,0.07713085234093638,184.5,0,0,4.101369863013699,0,11,4,0,0,0
T101625,CUST1697,2023-02-01 19:57:00,93.7,Entertainment,Credit Card,Desktop,Delhi,0,27,191.3,282,0,0,0.4898065865133298,97.60000000000001,0,0,0.7726027397260274,0,19,2,0,0,0
T101626,CUST4118,2023-06-03 08:34:00,17.94,Electronics,NetBanking,Mobile,Delhi,0,127,12.25,846,0,0,1.4644897959183674,5.690000000000001,0,0,2.317808219178082,0,8,5,0,1,0
T101627,CUST1751,2023-10-03 14:05:00,61.4,Food,UPI,POS,Delhi,0,135,85.57,1646,0,0,0.7175411943438121,24.169999999999995,0,0,4.50958904109589,0,14,1,0,0,0
T101628,CUST7405,2023-08-26 00:55:00,8.13,Grocery,PayPal,Mobile,Kolkata,0,23,475.9,213,0,0,0.017083420886740915,467.77,0,0,0.5835616438356165,0,0,5,1,1,1
T101629,CUST3488,2023-10-03 07:34:00,47.88,Health,NetBanking,Mobile,Mumbai,1,75,422.78,319,0,0,0.11325039027390134,374.9,0,0,0.873972602739726,0,7,1,0,0,1
T101630,CUST9453,2023-09-07 07:54:00,112.9,Electronics,Debit Card,Mobile,Bengaluru,0,117,144.8,790,0,0,0.779696132596685,31.900000000000006,0,0,2.164383561643836,0,7,3,0,0,0
T101631,CUST4065,2023-12-25 22:11:00,34.16,Fashion,NetBanking,Desktop,Kolkata,0,136,206.58,1268,1,0,0.16535966695711102,172.42000000000002,0,0,3.473972602739726,0,22,0,0,0,1
T101632,CUST3388,2023-07-25 05:48:00,87.47,Utilities,Credit Card,Desktop,Hyderabad,0,8,470.56,187,0,1,0.18588490309418565,383.09000000000003,0,0,0.5123287671232877,0,5,1,0,0,0
T101633,CUST7835,2024-02-05 13:13:00,126.96,Entertainment,PayPal,POS,Mumbai,0,101,132.72,952,0,0,0.9566003616636528,5.760000000000005,0,0,2.6082191780821917,0,13,0,0,0,0
T101634,CUST8456,2023-05-20 22:58:00,209.58,Fashion,Debit Card,POS,Kolkata,0,5,270.94,720,0,0,0.7735291946556434,61.359999999999985,0,0,1.9726027397260273,0,22,5,0,1,0
T101635,CUST5154,2023-07-23 22:47:00,21.39,Entertainment,PayPal,POS,Bengaluru,0,199,20.82,422,0,0,1.0273775216138328,0.5700000000000003,0,0,1.1561643835616437,0,22,6,0,1,0
T101636,CUST3957,2023-03-05 08:33:00,40.77,Food,PayPal,Desktop,Delhi,0,86,313.67,1073,0,0,0.12997736474638952,272.90000000000003,0,0,2.9397260273972603,0,8,6,0,1,0
T101637,CUST5039,2023-01-08 02:29:00,13.23,Utilities,Debit Card,Desktop,Bengaluru,0,130,465.74,1524,0,0,0.028406407008202003,452.51,0,0,4.175342465753425,0,2,6,1,1,1
T101638,CUST8937,2023-02-24 13:32:00,391.25,Food,NetBanking,Mobile,Mumbai,0,179,443.52,460,0,0,0.8821473665223666,52.26999999999998,0,0,1.2602739726027397,0,13,4,0,0,0
T101639,CUST3421,2023-12-23 17:30:00,209.38,Grocery,NetBanking,Desktop,Kolkata,0,194,255.96,1712,0,0,0.8180184403813096,46.58000000000001,0,0,4.69041095890411,0,17,5,0,1,0
T101640,CUST3865,2024-01-04 09:00:00,62.11,Health,NetBanking,Mobile,Delhi,0,12,328.32,1026,0,0,0.18917519493177387,266.21,0,0,2.8109589041095893,0,9,3,0,0,0
T101641,CUST5395,2023-09-09 00:20:00,147.63,Grocery,UPI,Mobile,Kolkata,0,47,289.2,1034,0,0,0.5104771784232365,141.57,0,0,2.8328767123287673,0,0,5,1,1,1
T101642,CUST8900,2023-02-02 11:40:00,58.88,Food,NetBanking,Desktop,Mumbai,0,183,42.82,1121,0,0,1.3750583839327417,16.060000000000002,0,0,3.0712328767123287,0,11,3,0,0,0
T101643,CUST5143,2023-08-11 01:34:00,78.17,Food,Debit Card,Mobile,Hyderabad,1,26,87.77,1130,0,0,0.8906232197789679,9.599999999999994,0,0,3.095890410958904,0,1,4,1,0,2
T101644,CUST6412,2023-03-12 05:48:00,7.47,Fashion,UPI,Mobile,Delhi,0,102,482.27,131,0,0,0.015489248761067453,474.79999999999995,0,0,0.3589041095890411,0,5,6,0,1,0
T101645,CUST5356,2023-09-25 00:46:00,112.61,Food,NetBanking,POS,Bengaluru,0,120,135.42,681,0,0,0.8315610692659874,22.809999999999988,0,0,1.8657534246575342,0,0,0,1,0,1
T101646,CUST7159,2023-05-07 09:39:00,10.93,Utilities,UPI,Mobile,Mumbai,0,173,198.38,922,0,0,0.05509627986692207,187.45,0,0,2.526027397260274,0,9,6,0,1,0
T101647,CUST9851,2023-01-18 20:27:00,139.93,Utilities,Debit Card,Desktop,Chennai,0,190,259.38,614,0,0,0.539478757036009,119.44999999999999,0,0,1.6821917808219178,0,20,2,0,0,0
T101648,CUST5113,2023-08-26 11:35:00,121.87,Travel,NetBanking,Desktop,Bengaluru,0,70,489.77,236,0,0,0.24883108397819387,367.9,0,0,0.6465753424657534,0,11,5,0,1,0
T101649,CUST7543,2023-02-09 19:20:00,98.68,Entertainment,Credit Card,Mobile,Bengaluru,0,2,348.1,242,0,0,0.28348175811548404,249.42000000000002,0,0,0.663013698630137,1,19,3,0,0,0
T101650,CUST7855,2023-07-28 23:06:00,2.95,Electronics,Debit Card,POS,Delhi,0,26,318.5,108,0,0,0.009262166405023548,315.55,0,0,0.2958904109589041,0,23,4,0,0,0
T101651,CUST4210,2023-12-29 16:55:00,28.89,Food,PayPal,Desktop,Kolkata,0,14,266.96,1166,0,0,0.10821845969433624,238.07,0,0,3.1945205479452055,0,16,4,0,0,0
T101652,CUST4909,2023-09-18 02:24:00,24.43,Grocery,PayPal,Desktop,Pune,0,82,353.33,1818,0,0,0.06914216171850678,328.9,0,0,4.980821917808219,0,2,0,1,0,1
T101653,CUST1975,2023-03-19 20:17:00,35.72,Health,Debit Card,POS,Bengaluru,0,102,335.37,162,0,0,0.10650922861317351,299.65,0,0,0.4438356164383562,0,20,6,0,1,0
T101654,CUST2978,2023-09-13 08:18:00,7.34,Entertainment,PayPal,Mobile,Mumbai,0,185,452.39,1250,0,0,0.016224938659121554,445.05,0,0,3.4246575342465753,0,8,2,0,0,0
T101655,CUST7221,2023-06-29 12:11:00,221.12,Entertainment,Debit Card,Desktop,Chennai,0,32,275.5,1078,0,0,0.8026134301270418,54.379999999999995,0,0,2.9534246575342467,0,12,3,0,0,0
T101656,CUST1156,2023-10-10 20:51:00,64.56,Health,Credit Card,Mobile,Hyderabad,0,62,216.54,501,0,0,0.29814353006372957,151.98,0,0,1.3726027397260274,0,20,1,0,0,0
T101657,CUST2988,2023-02-14 10:02:00,29.17,Health,Debit Card,Mobile,Chennai,0,115,405.51,1666,0,0,0.07193410766688861,376.34,0,0,4.564383561643836,0,10,1,0,0,0
T101658,CUST3913,2023-07-31 21:34:00,40.46,Entertainment,NetBanking,Mobile,Mumbai,0,30,401.89,1810,0,0,0.10067431386697853,361.43,0,0,4.958904109589041,0,21,0,0,0,0
T101659,CUST1739,2023-02-18 14:20:00,47.42,Travel,NetBanking,Mobile,Delhi,0,141,93.22,1596,0,0,0.5086891225059,45.8,0,0,4.372602739726028,0,14,5,0,1,0
T101660,CUST4161,2023-10-23 16:07:00,73.42,Grocery,UPI,Desktop,Mumbai,1,168,126.03,1995,0,0,0.5825597080060303,52.61,0,0,5.465753424657534,0,16,0,0,0,1
T101661,CUST9434,2024-02-04 17:34:00,58.0,Travel,PayPal,POS,Pune,0,31,479.73,319,0,0,0.12090134033727304,421.73,0,0,0.873972602739726,0,17,6,0,1,0
T101662,CUST3959,2023-05-06 01:55:00,201.45,Food,PayPal,Desktop,Pune,0,37,227.61,1309,0,0,0.8850665612231448,26.160000000000025,0,0,3.5863013698630137,0,1,5,1,1,1
T101663,CUST1038,2023-07-30 18:31:00,54.97,Electronics,Debit Card,POS,Pune,0,173,264.63,1990,0,0,0.20772399198881458,209.66,0,0,5.4520547945205475,0,18,6,0,1,0
T101664,CUST6953,2023-08-13 02:14:00,387.86,Health,PayPal,Mobile,Bengaluru,0,102,161.98,1259,0,0,2.3944931473021365,225.88000000000002,0,0,3.4493150684931506,0,2,6,1,1,1
T101665,CUST2882,2024-01-17 12:24:00,152.53,Utilities,NetBanking,POS,Delhi,0,128,245.72,1528,0,0,0.6207471919257692,93.19,0,0,4.186301369863013,0,12,2,0,0,0
T101666,CUST2105,2023-11-23 17:18:00,18.71,Grocery,Credit Card,Mobile,Kolkata,0,86,374.24,1036,0,0,0.049994655835827274,355.53000000000003,0,0,2.8383561643835615,0,17,3,0,0,0
T101667,CUST1422,2024-02-12 05:36:00,213.42,Health,Debit Card,Desktop,Pune,0,59,246.35,1121,0,0,0.8663283945605845,32.93000000000001,0,0,3.0712328767123287,0,5,0,0,0,0
T101668,CUST6745,2023-05-09 03:26:00,9.9,Travel,PayPal,Desktop,Kolkata,0,28,164.24,1268,0,1,0.06027764247442766,154.34,0,0,3.473972602739726,0,3,1,1,0,1
T101669,CUST6762,2023-02-18 07:15:00,136.06,Fashion,NetBanking,POS,Hyderabad,0,122,57.04,663,0,0,2.385343618513324,79.02000000000001,0,0,1.8164383561643835,0,7,5,0,1,0
T101670,CUST1283,2023-10-10 01:36:00,38.32,Food,UPI,Mobile,Hyderabad,0,61,464.85,451,0,0,0.0824351941486501,426.53000000000003,0,0,1.2356164383561643,0,1,1,1,0,1
T101671,CUST5059,2023-07-03 07:17:00,168.28,Electronics,PayPal,Mobile,Kolkata,0,147,437.11,587,0,0,0.38498318501063805,268.83000000000004,0,0,1.6082191780821917,0,7,0,0,0,0
T101672,CUST5432,2023-09-24 11:19:00,162.03,Food,Credit Card,POS,Mumbai,0,171,397.77,610,0,0,0.40734595369183196,235.73999999999998,0,0,1.6712328767123288,0,11,6,0,1,0
T101673,CUST2533,2023-01-14 18:43:00,131.16,Fashion,Credit Card,Mobile,Pune,0,187,350.09,568,0,0,0.3746465194664229,218.92999999999998,0,0,1.5561643835616439,0,18,5,0,1,0
T101674,CUST1509,2023-12-31 15:36:00,124.86,Electronics,PayPal,Mobile,Bengaluru,0,16,262.6,1736,0,0,0.47547600913937543,137.74,0,0,4.756164383561644,0,15,6,0,1,0
T101675,CUST3501,2024-01-16 19:40:00,29.07,Fashion,PayPal,Mobile,Hyderabad,0,69,449.72,1810,0,0,0.06464022058169527,420.65000000000003,0,0,4.958904109589041,0,19,1,0,0,0
T101676,CUST1497,2023-03-04 09:38:00,6.75,Food,NetBanking,Desktop,Chennai,0,44,397.93,491,0,0,0.016962782398914383,391.18,0,0,1.3452054794520547,0,9,5,0,1,0
T101677,CUST8350,2023-07-13 19:26:00,41.26,Travel,PayPal,Desktop,Delhi,0,113,409.85,1508,0,0,0.10067097718677565,368.59000000000003,0,0,4.131506849315069,0,19,3,0,0,0
T101678,CUST8552,2023-04-15 05:53:00,15.25,Entertainment,UPI,Desktop,Chennai,0,194,161.68,1035,0,0,0.09432211776348343,146.43,0,0,2.835616438356164,0,5,5,0,1,0
T101679,CUST6928,2023-02-17 07:58:00,94.98,Food,NetBanking,Mobile,Kolkata,0,138,217.49,330,0,0,0.4367097337808635,122.51,0,0,0.9041095890410958,0,7,4,0,0,0
T101680,CUST9896,2024-02-11 09:28:00,33.98,Food,Debit Card,Desktop,Hyderabad,0,175,356.33,1839,0,0,0.0953610417309797,322.34999999999997,0,0,5.038356164383561,0,9,6,0,1,0
T101681,CUST7809,2023-10-06 21:52:00,297.09,Food,UPI,Mobile,Hyderabad,0,19,191.82,1341,0,0,1.548795746011886,105.26999999999998,0,0,3.673972602739726,0,21,4,0,0,0
T101682,CUST7388,2024-01-04 07:55:00,81.95,Grocery,NetBanking,Mobile,Mumbai,0,84,252.05,1814,0,0,0.32513390200357073,170.10000000000002,0,0,4.96986301369863,0,7,3,0,0,0
T101683,CUST8687,2024-02-08 18:28:00,138.29,Fashion,NetBanking,POS,Mumbai,0,93,326.79,1055,0,0,0.4231769637993818,188.50000000000003,0,0,2.8904109589041096,0,18,3,0,0,0
T101684,CUST9708,2023-03-14 07:17:00,11.37,Utilities,Credit Card,Mobile,Pune,0,179,224.5,1990,0,0,0.050645879732739416,213.13,0,0,5.4520547945205475,0,7,1,0,0,0
T101685,CUST9801,2023-04-21 22:25:00,158.45,Fashion,NetBanking,Desktop,Kolkata,0,141,398.59,1073,0,0,0.39752628013748464,240.14,0,0,2.9397260273972603,0,22,4,0,0,0
T101686,CUST1788,2023-09-08 14:23:00,204.86,Health,UPI,Desktop,Delhi,0,191,66.98,1530,0,0,3.0585249328157658,137.88,1,0,4.191780821917808,0,14,4,0,0,1
T101687,CUST9605,2024-01-18 10:58:00,53.41,Fashion,PayPal,Mobile,Pune,0,144,361.85,983,0,0,0.14760259776150336,308.44000000000005,0,0,2.6931506849315068,0,10,3,0,0,0
T101688,CUST8152,2023-02-28 10:11:00,74.56,Health,UPI,Desktop,Mumbai,1,181,81.15,1544,0,0,0.91879235982748,6.590000000000003,0,0,4.23013698630137,0,10,1,0,0,1
T101689,CUST9439,2023-04-27 11:44:00,115.79,Grocery,Debit Card,Mobile,Bengaluru,0,163,469.54,1015,0,0,0.24660305831239085,353.75,0,0,2.780821917808219,0,11,3,0,0,0
T101690,CUST9355,2023-08-23 01:43:00,15.37,Travel,NetBanking,POS,Delhi,0,100,163.88,835,0,0,0.09378813766170369,148.51,0,0,2.287671232876712,0,1,2,1,0,1
T101691,CUST3215,2023-02-16 13:32:00,55.86,Health,NetBanking,Mobile,Bengaluru,0,187,399.76,286,0,0,0.1397338403041825,343.9,0,0,0.7835616438356164,0,13,3,0,0,0
T101692,CUST5706,2023-11-06 01:08:00,40.69,Food,NetBanking,Mobile,Pune,0,39,265.49,482,0,0,0.15326377641342423,224.8,0,0,1.3205479452054794,0,1,0,1,0,1
T101693,CUST8435,2023-07-27 22:41:00,12.66,Travel,NetBanking,POS,Mumbai,0,67,54.63,467,0,0,0.2317408017572762,41.97,0,0,1.2794520547945205,0,22,3,0,0,0
T101694,CUST9831,2023-09-01 20:39:00,36.65,Entertainment,Credit Card,Desktop,Delhi,0,73,295.47,1814,0,0,0.12403966561749076,258.82000000000005,0,0,4.96986301369863,0,20,4,0,0,0
T101695,CUST1384,2023-01-28 06:05:00,5.65,Grocery,Credit Card,POS,Pune,0,189,456.97,427,1,1,0.012364050156465413,451.32000000000005,0,0,1.16986301369863,0,6,5,0,1,1
T101696,CUST8486,2023-12-27 10:28:00,2.09,Fashion,PayPal,POS,Hyderabad,0,50,87.04,1206,0,0,0.024011948529411763,84.95,0,0,3.304109589041096,0,10,2,0,0,0
T101697,CUST6527,2023-07-02 23:12:00,11.62,Health,NetBanking,Mobile,Pune,0,53,167.44,678,0,0,0.06939799331103678,155.82,0,0,1.8575342465753424,0,23,6,0,1,0
T101698,CUST1136,2023-04-09 19:22:00,264.0,Utilities,Debit Card,Mobile,Kolkata,0,46,225.19,251,0,0,1.1723433545006439,38.81,0,0,0.6876712328767123,0,19,6,0,1,0
T101699,CUST8256,2024-01-29 14:33:00,63.8,Food,PayPal,POS,Chennai,0,52,144.78,1776,0,0,0.4406686006354469,80.98,0,0,4.865753424657535,0,14,0,0,0,0
T101700,CUST9565,2023-08-23 17:53:00,270.09,Electronics,NetBanking,Desktop,Hyderabad,0,124,472.45,1754,0,0,0.5716795428087628,202.36,0,0,4.8054794520547945,0,17,2,0,0,0
T101701,CUST6486,2023-02-04 05:23:00,45.32,Entertainment,Credit Card,POS,Bengaluru,0,157,194.98,1489,0,0,0.23243409580469793,149.66,0,0,4.079452054794521,0,5,5,0,1,0
T101702,CUST7451,2023-12-17 14:59:00,29.9,Electronics,Debit Card,Desktop,Hyderabad,0,5,332.45,1797,0,0,0.08993833659196872,302.55,0,0,4.923287671232877,0,14,6,0,1,0
T101703,CUST7645,2023-10-10 20:38:00,56.44,Travel,PayPal,POS,Pune,0,195,119.72,165,0,0,0.471433344470431,63.28,0,0,0.4520547945205479,0,20,1,0,0,0
T101704,CUST4510,2024-01-10 07:19:00,46.32,Fashion,Debit Card,POS,Hyderabad,0,74,117.66,1581,0,0,0.39367669556348805,71.34,0,0,4.331506849315068,0,7,2,0,0,0
T101705,CUST3867,2023-05-27 06:53:00,8.93,Utilities,NetBanking,Desktop,Chennai,0,95,96.17,655,0,0,0.09285640012477903,87.24000000000001,0,0,1.7945205479452055,0,6,5,0,1,0
T101706,CUST5070,2023-10-18 12:12:00,81.92,Electronics,UPI,POS,Kolkata,0,75,223.06,805,0,0,0.36725544696494217,141.14,0,0,2.2054794520547945,0,12,2,0,0,0
T101707,CUST4159,2023-09-16 00:42:00,19.47,Travel,Debit Card,Mobile,Pune,0,168,271.1,1332,0,0,0.0718185171523423,251.63000000000002,0,0,3.649315068493151,0,0,5,1,1,1
T101708,CUST8322,2023-08-13 18:07:00,77.32,Grocery,Debit Card,POS,Chennai,0,116,15.27,614,0,0,5.063523248199083,62.05,1,0,1.6821917808219178,0,18,6,0,1,1
T101709,CUST9358,2023-09-07 18:57:00,84.03,Travel,Credit Card,Mobile,Hyderabad,0,130,418.13,1789,0,0,0.20096620668213236,334.1,0,0,4.901369863013699,0,18,3,0,0,0
T101710,CUST7125,2023-09-06 18:44:00,13.19,Entertainment,NetBanking,Desktop,Chennai,0,68,261.25,514,0,0,0.05048803827751196,248.06,0,0,1.4082191780821918,0,18,2,0,0,0
T101711,CUST3765,2023-11-03 17:58:00,5.06,Utilities,Debit Card,Desktop,Hyderabad,0,190,87.03,1599,0,0,0.058140870964035384,81.97,0,0,4.380821917808219,0,17,4,0,0,0
T101712,CUST7628,2023-11-22 11:06:00,121.41,Utilities,NetBanking,Mobile,Delhi,0,80,42.97,1298,1,0,2.8254596229927857,78.44,0,0,3.5561643835616437,0,11,2,0,0,1
T101713,CUST3691,2023-04-28 22:03:00,49.27,Travel,Credit Card,POS,Hyderabad,0,186,40.97,1803,0,0,1.2025872589699782,8.300000000000004,0,0,4.93972602739726,0,22,4,0,0,0
T101714,CUST8525,2023-12-09 06:52:00,4.79,Entertainment,NetBanking,Mobile,Mumbai,1,105,136.25,1071,0,1,0.035155963302752294,131.46,0,0,2.9342465753424656,0,6,5,0,1,1
T101715,CUST7322,2023-10-15 09:16:00,421.75,Travel,Credit Card,Mobile,Chennai,0,69,254.65,906,1,1,1.656194777145101,167.1,0,0,2.4821917808219176,0,9,6,0,1,1
T101716,CUST4210,2023-09-02 23:04:00,4.76,Utilities,Credit Card,Desktop,Kolkata,0,186,431.52,1609,0,0,0.011030774935113088,426.76,0,0,4.4082191780821915,0,23,5,0,1,0
T101717,CUST5671,2023-08-10 13:49:00,95.0,Utilities,PayPal,Mobile,Chennai,0,163,452.45,1196,0,0,0.20996795225991824,357.45,0,0,3.276712328767123,0,13,3,0,0,0
T101718,CUST2975,2024-02-10 15:16:00,329.22,Food,NetBanking,POS,Bengaluru,0,142,417.84,530,0,0,0.7879092475588744,88.61999999999995,0,0,1.452054794520548,0,15,5,0,1,0
T101719,CUST7384,2023-11-08 20:51:00,21.87,Travel,UPI,Mobile,Kolkata,0,143,171.0,1580,0,0,0.12789473684210526,149.13,0,0,4.328767123287672,0,20,2,0,0,0
T101720,CUST4870,2024-01-09 20:01:00,12.28,Health,PayPal,Desktop,Kolkata,0,134,160.21,122,0,0,0.07664939766556395,147.93,0,0,0.33424657534246577,0,20,1,0,0,0
T101721,CUST1463,2023-02-25 00:26:00,10.35,Travel,Credit Card,POS,Bengaluru,0,16,493.85,1436,0,0,0.020957780702642502,483.5,0,0,3.9342465753424656,0,0,5,1,1,1
T101722,CUST6290,2023-06-07 02:31:00,28.91,Utilities,UPI,Desktop,Mumbai,0,87,343.83,1942,0,0,0.08408224994910275,314.91999999999996,0,0,5.32054794520548,0,2,2,1,0,1
T101723,CUST5454,2024-01-06 23:24:00,8.52,Food,Debit Card,Mobile,Chennai,0,124,159.43,308,0,0,0.05344038135858997,150.91,0,0,0.8438356164383561,0,23,5,0,1,0
T101724,CUST1667,2023-04-17 10:32:00,94.25,Food,Debit Card,Mobile,Kolkata,1,174,171.25,1780,0,0,0.5503649635036496,77.0,0,0,4.876712328767123,0,10,0,0,0,1
T101725,CUST3546,2023-01-31 16:26:00,5.15,Grocery,PayPal,Desktop,Chennai,0,191,222.98,1502,0,0,0.023096241815409455,217.82999999999998,0,0,4.115068493150685,0,16,1,0,0,0
T101726,CUST3040,2023-08-03 02:08:00,56.97,Entertainment,UPI,Desktop,Kolkata,0,140,314.69,1814,0,0,0.18103530458546505,257.72,0,0,4.96986301369863,0,2,3,1,0,1
T101727,CUST4491,2023-06-14 21:15:00,457.03,Fashion,NetBanking,POS,Bengaluru,0,41,450.01,1011,0,0,1.0155996533410367,7.019999999999982,0,0,2.76986301369863,0,21,2,0,0,0
T101728,CUST5370,2023-02-20 20:36:00,134.55,Electronics,UPI,Desktop,Bengaluru,0,119,107.17,1636,0,0,1.2554819445740413,27.38000000000001,0,0,4.482191780821918,0,20,0,0,0,0
T101729,CUST2802,2023-12-16 03:43:00,76.41,Electronics,PayPal,Desktop,Hyderabad,0,19,51.36,650,0,0,1.487733644859813,25.049999999999997,0,0,1.7808219178082192,0,3,5,1,1,1
T101730,CUST4143,2023-09-19 18:53:00,29.25,Travel,NetBanking,Mobile,Pune,0,76,208.82,1341,0,0,0.14007278996264727,179.57,0,0,3.673972602739726,0,18,1,0,0,0
T101731,CUST3786,2023-08-31 17:51:00,78.23,Grocery,NetBanking,Mobile,Chennai,0,109,130.27,505,0,0,0.6005219927842174,52.040000000000006,0,0,1.3835616438356164,0,17,3,0,0,0
T101732,CUST6277,2023-07-21 03:12:00,59.9,Travel,Debit Card,Desktop,Chennai,0,119,292.26,911,0,0,0.20495449257510437,232.35999999999999,0,0,2.495890410958904,0,3,4,1,0,1
T101733,CUST7791,2023-08-27 03:54:00,44.42,Electronics,UPI,Desktop,Kolkata,0,113,352.62,701,0,0,0.1259713005501673,308.2,0,0,1.9205479452054794,0,3,6,1,1,1
T101734,CUST7416,2023-08-03 13:29:00,11.21,Entertainment,NetBanking,Mobile,Hyderabad,0,2,162.26,830,0,0,0.06908665105386418,151.04999999999998,0,0,2.2739726027397262,1,13,3,0,0,0
T101735,CUST8049,2023-01-19 15:47:00,174.15,Utilities,PayPal,POS,Chennai,0,20,345.87,200,0,0,0.5035128805620609,171.72,0,0,0.547945205479452,0,15,3,0,0,0
T101736,CUST2222,2023-07-01 01:31:00,47.8,Entertainment,Debit Card,POS,Kolkata,0,119,178.14,1578,0,0,0.2683282811272033,130.33999999999997,0,0,4.323287671232877,0,1,5,1,1,1
T101737,CUST7441,2024-01-03 08:24:00,17.32,Entertainment,NetBanking,POS,Mumbai,0,95,321.13,401,0,0,0.0539345436427615,303.81,0,0,1.0986301369863014,0,8,2,0,0,0
T101738,CUST8012,2023-01-02 01:07:00,36.68,Food,UPI,POS,Bengaluru,0,137,320.2,761,0,0,0.11455340412242349,283.52,0,0,2.084931506849315,0,1,0,1,0,1
T101739,CUST7765,2023-04-30 05:37:00,42.77,Utilities,Debit Card,Mobile,Bengaluru,0,21,146.3,1446,0,1,0.2923444976076555,103.53,0,0,3.9616438356164383,0,5,6,0,1,0
T101740,CUST3432,2023-09-02 00:09:00,140.61,Fashion,UPI,Desktop,Pune,1,8,321.5,214,1,1,0.43735614307931575,180.89,0,0,0.5863013698630137,0,0,5,1,1,3
T101741,CUST8267,2023-03-09 01:43:00,105.82,Utilities,UPI,POS,Bengaluru,0,167,196.67,1563,0,0,0.5380586769715767,90.85,0,0,4.282191780821917,0,1,3,1,0,1
T101742,CUST9263,2023-07-02 21:56:00,117.33,Grocery,UPI,Mobile,Delhi,0,165,174.86,1485,0,0,0.6709939380075488,57.530000000000015,0,0,4.068493150684931,0,21,6,0,1,0
T101743,CUST5018,2023-11-01 18:12:00,0.89,Food,Debit Card,Desktop,Mumbai,0,29,151.75,968,0,0,0.005864909390444811,150.86,0,0,2.652054794520548,0,18,2,0,0,0
T101744,CUST6946,2023-06-26 09:21:00,43.05,Fashion,NetBanking,POS,Mumbai,0,35,179.37,864,0,0,0.2400066900819535,136.32,0,0,2.367123287671233,0,9,0,0,0,0
T101745,CUST1455,2024-01-07 23:55:00,52.52,Grocery,Credit Card,Desktop,Hyderabad,0,38,395.5,238,0,0,0.13279393173198484,342.98,0,0,0.6520547945205479,0,23,6,0,1,0
T101746,CUST5110,2023-09-19 16:24:00,1.55,Grocery,NetBanking,POS,Delhi,0,90,130.14,1023,0,0,0.01191025049946212,128.58999999999997,0,0,2.802739726027397,0,16,1,0,0,0
T101747,CUST7230,2023-06-02 17:24:00,24.07,Electronics,Debit Card,Desktop,Chennai,0,163,344.17,829,0,0,0.06993636865502513,320.1,0,0,2.271232876712329,0,17,4,0,0,0
T101748,CUST8147,2023-09-20 15:14:00,114.27,Food,Credit Card,POS,Pune,0,68,451.3,1382,0,0,0.2532018612896078,337.03000000000003,0,0,3.786301369863014,0,15,2,0,0,0
T101749,CUST6603,2023-12-01 11:18:00,11.8,Grocery,Credit Card,POS,Mumbai,0,131,181.71,1414,1,0,0.06493863848990149,169.91,0,0,3.873972602739726,0,11,4,0,0,1
T101750,CUST3308,2023-10-30 19:30:00,61.31,Health,Credit Card,Desktop,Delhi,0,109,24.46,1497,0,0,2.506541291905151,36.85,0,0,4.101369863013699,0,19,0,0,0,0
T101751,CUST2311,2024-02-04 06:16:00,19.39,Entertainment,PayPal,Desktop,Delhi,0,111,22.06,1950,1,1,0.8789664551223936,2.669999999999998,0,0,5.342465753424658,0,6,6,0,1,1
T101752,CUST6329,2023-12-17 09:31:00,0.98,Grocery,Debit Card,Desktop,Kolkata,0,12,78.36,1494,0,0,0.012506380806533947,77.38,0,0,4.093150684931507,0,9,6,0,1,0
T101753,CUST1233,2023-03-04 23:22:00,22.08,Fashion,PayPal,Mobile,Mumbai,0,32,63.92,398,0,0,0.3454317897371714,41.84,0,0,1.0904109589041096,0,23,5,0,1,0
T101754,CUST3881,2023-02-23 17:43:00,297.96,Electronics,Credit Card,Mobile,Kolkata,0,175,376.56,1159,0,0,0.7912683237731039,78.60000000000002,0,0,3.175342465753425,0,17,3,0,0,0
T101755,CUST8651,2023-09-19 11:35:00,129.37,Travel,PayPal,Desktop,Hyderabad,0,63,154.48,753,0,0,0.8374546866908339,25.109999999999985,0,0,2.063013698630137,0,11,1,0,0,0
T101756,CUST2049,2023-03-22 19:53:00,256.67,Entertainment,PayPal,Mobile,Delhi,0,154,329.73,1378,0,0,0.778424771782974,73.06,0,0,3.7753424657534245,0,19,2,0,0,0
T101757,CUST8136,2023-01-12 14:54:00,53.53,Electronics,Debit Card,POS,Bengaluru,0,43,30.8,1285,0,0,1.737987012987013,22.73,0,0,3.5205479452054793,0,14,3,0,0,0
T101758,CUST1496,2023-03-11 14:04:00,9.3,Travel,UPI,Desktop,Delhi,0,107,154.91,1034,0,0,0.06003485895035828,145.60999999999999,0,0,2.8328767123287673,0,14,5,0,1,0
T101759,CUST8497,2023-03-24 16:14:00,63.52,Food,PayPal,Mobile,Chennai,0,172,124.73,1778,0,0,0.5092600016034635,61.21,0,0,4.8712328767123285,0,16,4,0,0,0
T101760,CUST2769,2023-10-01 23:57:00,48.47,Food,PayPal,Desktop,Mumbai,0,38,145.67,866,0,0,0.3327383812727398,97.19999999999999,0,0,2.372602739726027,0,23,6,0,1,0
T101761,CUST9460,2023-06-11 13:29:00,148.82,Grocery,Credit Card,POS,Chennai,0,29,103.45,1761,0,0,1.4385693571773803,45.36999999999999,0,0,4.824657534246575,0,13,6,0,1,0
T101762,CUST3661,2023-07-09 21:28:00,8.26,Health,Credit Card,POS,Hyderabad,0,55,312.78,1302,0,0,0.026408338129036386,304.52,0,0,3.5671232876712327,0,21,6,0,1,0
T101763,CUST1709,2024-02-21 15:34:00,53.59,Food,Credit Card,Mobile,Pune,0,52,334.71,1370,0,0,0.16010875085895254,281.12,0,0,3.7534246575342465,0,15,2,0,0,0
T101764,CUST7153,2024-02-19 18:13:00,13.01,Utilities,NetBanking,POS,Bengaluru,0,115,82.75,293,0,0,0.15722054380664652,69.74,0,0,0.8027397260273973,0,18,0,0,0,0
T101765,CUST6251,2023-01-05 06:59:00,31.41,Grocery,PayPal,Desktop,Mumbai,1,19,373.16,1782,0,0,0.08417300889698788,341.75,0,0,4.882191780821918,0,6,3,0,0,1
T101766,CUST6150,2023-11-01 19:43:00,106.96,Entertainment,Credit Card,Mobile,Delhi,0,35,132.52,1556,0,0,0.8071234530636884,25.560000000000016,0,0,4.263013698630137,0,19,2,0,0,0
T101767,CUST3975,2023-07-27 12:41:00,51.7,Electronics,Debit Card,Desktop,Bengaluru,0,48,148.63,1316,0,0,0.34784363856556555,96.92999999999999,0,0,3.6054794520547944,0,12,3,0,0,0
T101768,CUST9592,2023-08-11 17:47:00,37.71,Food,NetBanking,Desktop,Delhi,0,110,416.12,1986,0,0,0.09062289724118043,378.41,0,0,5.441095890410959,0,17,4,0,0,0
T101769,CUST1521,2023-02-13 16:47:00,40.13,Utilities,UPI,Desktop,Hyderabad,0,188,451.57,711,0,0,0.08886772814845982,411.44,0,0,1.9479452054794522,0,16,0,0,0,0
T101770,CUST4449,2023-02-21 00:30:00,49.21,Electronics,PayPal,POS,Pune,0,31,414.13,1469,0,1,0.11882742134112477,364.92,0,0,4.024657534246575,0,0,1,1,0,1
T101771,CUST1172,2023-02-01 23:44:00,122.98,Electronics,PayPal,Desktop,Mumbai,0,3,82.4,942,0,0,1.4924757281553398,40.58,0,0,2.580821917808219,1,23,2,0,0,0
T101772,CUST2021,2023-04-09 18:44:00,178.11,Health,Debit Card,POS,Hyderabad,0,163,499.64,1721,1,1,0.35647666319750226,321.53,0,0,4.715068493150685,0,18,6,0,1,1
T101773,CUST5521,2023-08-26 10:29:00,248.68,Food,UPI,Desktop,Hyderabad,0,88,339.36,99,0,0,0.7327911362564827,90.68,0,0,0.27123287671232876,0,10,5,0,1,0
T101774,CUST3582,2023-03-16 13:34:00,123.68,Electronics,UPI,POS,Pune,0,52,260.23,1287,0,0,0.4752718748799139,136.55,0,0,3.526027397260274,0,13,3,0,0,0
T101775,CUST2653,2023-05-25 02:25:00,30.31,Health,NetBanking,POS,Hyderabad,0,71,477.87,461,0,0,0.06342729194132295,447.56,0,0,1.263013698630137,0,2,3,1,0,1
T101776,CUST2825,2023-06-09 23:08:00,93.21,Health,PayPal,POS,Hyderabad,0,51,410.52,1107,0,0,0.22705349313066353,317.31,0,0,3.032876712328767,0,23,4,0,0,0
T101777,CUST2721,2024-01-02 10:16:00,46.04,Food,Credit Card,Desktop,Delhi,1,56,348.95,199,0,0,0.13193867316234417,302.90999999999997,0,0,0.5452054794520548,0,10,1,0,0,1
T101778,CUST8637,2024-02-09 03:25:00,23.51,Health,Debit Card,Desktop,Kolkata,0,99,420.81,65,1,1,0.055868444190965046,397.3,0,0,0.1780821917808219,0,3,4,1,0,2
T101779,CUST9686,2023-11-25 22:22:00,147.04,Food,Debit Card,POS,Chennai,0,21,198.88,1887,1,1,0.7393403057119871,51.84,0,0,5.16986301369863,0,22,5,0,1,1
T101780,CUST1569,2023-09-21 06:32:00,3.13,Utilities,Debit Card,Desktop,Delhi,1,129,345.37,1980,1,1,0.00906274430321105,342.24,0,0,5.424657534246576,0,6,3,0,0,2
T101781,CUST6810,2023-10-14 08:01:00,185.63,Food,Debit Card,POS,Pune,0,108,103.38,288,0,0,1.7956084349003676,82.25,0,0,0.7890410958904109,0,8,5,0,1,0
T101782,CUST2615,2023-04-24 11:49:00,49.51,Travel,Credit Card,Desktop,Bengaluru,0,53,494.12,280,0,0,0.10019833238889338,444.61,0,0,0.7671232876712328,0,11,0,0,0,0
T101783,CUST5465,2024-02-12 08:12:00,81.11,Electronics,Credit Card,POS,Pune,0,6,298.6,42,0,0,0.2716342933690556,217.49,0,0,0.11506849315068493,0,8,0,0,0,0
T101784,CUST1651,2023-11-19 05:50:00,86.15,Utilities,NetBanking,POS,Pune,1,82,408.98,700,0,1,0.21064599735928408,322.83000000000004,0,0,1.917808219178082,0,5,6,0,1,1
T101785,CUST9241,2023-05-24 04:52:00,180.39,Fashion,PayPal,Mobile,Pune,1,190,209.6,570,0,1,0.8606393129770992,29.210000000000008,0,0,1.5616438356164384,0,4,2,1,0,2
T101786,CUST6377,2023-10-25 00:21:00,81.0,Food,Credit Card,Desktop,Pune,0,79,381.71,86,0,1,0.21220298132089807,300.71,0,0,0.2356164383561644,0,0,2,1,0,1
T101787,CUST2630,2023-08-29 19:41:00,76.14,Electronics,NetBanking,Desktop,Hyderabad,0,47,199.82,1033,0,0,0.38104293864478034,123.67999999999999,0,0,2.83013698630137,0,19,1,0,0,0
T101788,CUST1045,2023-03-01 22:20:00,5.52,Entertainment,UPI,Mobile,Pune,0,96,299.1,1214,0,0,0.018455366098294883,293.58000000000004,0,0,3.326027397260274,0,22,2,0,0,0
T101789,CUST1356,2023-11-24 14:50:00,58.45,Health,PayPal,POS,Bengaluru,0,106,391.29,466,0,0,0.14937769940453371,332.84000000000003,0,0,1.2767123287671234,0,14,4,0,0,0
T101790,CUST9136,2023-03-21 07:19:00,13.02,Grocery,Credit Card,POS,Pune,0,178,67.07,807,0,0,0.19412554048009545,54.05,0,0,2.210958904109589,0,7,1,0,0,0
T101791,CUST5850,2023-09-19 22:11:00,106.98,Food,UPI,Mobile,Delhi,0,82,184.83,259,0,0,0.5788021425093329,77.85000000000001,0,0,0.7095890410958904,0,22,1,0,0,0
T101792,CUST1238,2023-05-07 19:52:00,57.43,Health,NetBanking,Mobile,Hyderabad,0,31,277.02,860,0,0,0.2073135513681323,219.58999999999997,0,0,2.356164383561644,0,19,6,0,1,0
T101793,CUST1214,2023-06-12 23:23:00,91.21,Health,Credit Card,POS,Delhi,0,192,173.66,870,0,0,0.5252216975699643,82.45,0,0,2.3835616438356166,0,23,0,0,0,0
T101794,CUST3635,2023-10-08 08:00:00,3.41,Health,Credit Card,Desktop,Hyderabad,0,157,161.49,1246,0,0,0.02111585856709394,158.08,0,0,3.4136986301369863,0,8,6,0,1,0
T101795,CUST9219,2023-01-03 20:33:00,7.09,Health,UPI,Mobile,Delhi,0,143,148.02,649,0,0,0.04789893257667882,140.93,0,0,1.7780821917808218,0,20,1,0,0,0
T101796,CUST2886,2024-01-01 22:49:00,100.79,Health,Credit Card,Mobile,Mumbai,0,58,121.62,386,0,0,0.8287288274954777,20.83,0,0,1.0575342465753426,0,22,0,0,0,0
T101797,CUST2425,2023-08-28 20:23:00,5.99,Food,Debit Card,Mobile,Chennai,0,23,425.96,381,0,0,0.014062353272607757,419.96999999999997,0,0,1.0438356164383562,0,20,0,0,0,0
T101798,CUST6955,2023-04-30 14:57:00,5.91,Entertainment,Credit Card,Mobile,Chennai,0,166,462.61,894,0,0,0.012775339919154364,456.7,0,0,2.4493150684931506,0,14,6,0,1,0
T101799,CUST6312,2023-08-23 23:37:00,0.97,Fashion,PayPal,Mobile,Hyderabad,0,41,353.08,1311,0,0,0.0027472527472527475,352.10999999999996,0,0,3.591780821917808,0,23,2,0,0,0
T101800,CUST1775,2023-12-25 13:34:00,250.8,Travel,UPI,Mobile,Mumbai,0,15,24.7,651,0,0,10.153846153846155,226.10000000000002,1,0,1.7835616438356163,0,13,0,0,0,1
T101801,CUST5704,2023-12-08 23:09:00,107.0,Health,PayPal,POS,Bengaluru,0,87,395.25,1695,1,1,0.27071473750790637,288.25,0,0,4.6438356164383565,0,23,4,0,0,1
T101802,CUST3306,2023-06-08 06:26:00,34.86,Health,NetBanking,POS,Mumbai,1,3,270.65,664,0,0,0.12880103454646222,235.78999999999996,0,0,1.819178082191781,1,6,3,0,0,1
T101803,CUST9546,2024-02-04 04:44:00,28.14,Travel,PayPal,Mobile,Kolkata,0,1,381.47,994,1,0,0.07376726872362177,353.33000000000004,0,0,2.723287671232877,1,4,6,1,1,2
T101804,CUST5466,2023-07-07 05:05:00,34.43,Entertainment,Debit Card,POS,Hyderabad,0,75,224.3,657,0,0,0.15349977708426213,189.87,0,0,1.8,0,5,4,0,0,0
T101805,CUST9256,2023-01-06 23:54:00,119.21,Utilities,Debit Card,Desktop,Mumbai,0,139,30.23,1795,0,0,3.9434336751571286,88.97999999999999,1,0,4.917808219178082,0,23,4,0,0,1
T101806,CUST2077,2023-05-08 05:31:00,86.63,Entertainment,PayPal,Desktop,Bengaluru,1,188,344.06,322,0,0,0.25178747892809394,257.43,0,0,0.8821917808219178,0,5,0,0,0,1
T101807,CUST1917,2023-04-11 16:59:00,16.38,Utilities,NetBanking,Mobile,Hyderabad,0,193,227.62,1439,0,0,0.07196204199982427,211.24,0,0,3.9424657534246577,0,16,1,0,0,0
T101808,CUST3064,2023-06-25 15:00:00,15.3,Food,Credit Card,Desktop,Chennai,0,76,438.28,1798,0,0,0.03490919047184449,422.97999999999996,0,0,4.926027397260274,0,15,6,0,1,0
T101809,CUST1466,2023-11-27 16:04:00,8.29,Electronics,Debit Card,Desktop,Pune,0,4,371.69,858,1,0,0.02230353251365385,363.4,0,0,2.350684931506849,1,16,0,0,0,1
T101810,CUST8319,2023-02-04 18:13:00,86.38,Grocery,PayPal,POS,Mumbai,0,25,186.19,263,0,0,0.4639346903700521,99.81,0,0,0.7205479452054795,0,18,5,0,1,0
T101811,CUST8327,2023-07-26 02:58:00,115.64,Grocery,PayPal,POS,Chennai,0,171,364.8,1349,0,0,0.3169956140350877,249.16000000000003,0,0,3.695890410958904,0,2,2,1,0,1
T101812,CUST3344,2023-11-23 12:00:00,24.64,Electronics,PayPal,POS,Chennai,0,94,252.65,1756,0,0,0.09752622204630912,228.01,0,0,4.810958904109589,0,12,3,0,0,0
T101813,CUST9375,2023-08-07 21:41:00,1.69,Food,Credit Card,POS,Delhi,0,168,107.73,566,0,0,0.015687366564559546,106.04,0,0,1.5506849315068494,0,21,0,0,0,0
T101814,CUST8783,2023-09-17 22:34:00,6.86,Grocery,UPI,Desktop,Bengaluru,0,96,215.74,1432,0,0,0.0317975340687865,208.88,0,0,3.9232876712328766,0,22,6,0,1,0
T101815,CUST4754,2024-02-01 14:21:00,275.01,Entertainment,NetBanking,Mobile,Kolkata,0,108,119.06,1731,0,0,2.3098437762472703,155.95,0,0,4.742465753424658,0,14,3,0,0,0
T101816,CUST4337,2023-06-29 17:53:00,28.02,Travel,UPI,POS,Pune,0,99,12.44,834,0,0,2.252411575562701,15.58,0,0,2.2849315068493152,0,17,3,0,0,0
T101817,CUST3190,2023-09-17 21:36:00,117.3,Electronics,NetBanking,Desktop,Mumbai,0,95,130.93,1263,0,0,0.8958985717559,13.63000000000001,0,0,3.4602739726027396,0,21,6,0,1,0
T101818,CUST1417,2023-07-14 17:02:00,78.39,Entertainment,NetBanking,POS,Chennai,0,100,112.67,568,0,0,0.6957486464897488,34.28,0,0,1.5561643835616439,0,17,4,0,0,0
T101819,CUST4781,2023-03-09 21:37:00,38.49,Fashion,PayPal,Desktop,Chennai,0,91,12.13,881,0,0,3.1731244847485574,26.36,1,0,2.4136986301369863,0,21,3,0,0,1
T101820,CUST2176,2023-02-11 14:55:00,18.42,Food,Debit Card,POS,Kolkata,0,44,394.12,207,0,0,0.046737034405764745,375.7,0,0,0.5671232876712329,0,14,5,0,1,0
T101821,CUST3073,2023-05-30 07:16:00,10.35,Electronics,PayPal,Mobile,Bengaluru,0,187,47.72,1983,0,0,0.21689019279128247,37.37,0,0,5.432876712328767,0,7,1,0,0,0
T101822,CUST9813,2023-08-12 01:08:00,76.36,Grocery,Credit Card,POS,Pune,1,128,230.04,585,0,0,0.3319422709094071,153.68,0,0,1.6027397260273972,0,1,5,1,1,2
T101823,CUST8314,2023-03-17 18:41:00,119.2,Food,NetBanking,Mobile,Pune,0,23,214.76,1125,0,0,0.5550381821568262,95.55999999999999,0,0,3.0821917808219177,0,18,4,0,0,0
T101824,CUST3907,2023-05-02 17:09:00,82.6,Travel,Debit Card,POS,Kolkata,0,190,98.89,1953,0,0,0.8352715138032156,16.290000000000006,0,0,5.35068493150685,0,17,1,0,0,0
T101825,CUST8657,2023-03-06 05:15:00,60.45,Food,NetBanking,POS,Chennai,0,23,483.77,1561,0,1,0.1249560741674763,423.32,0,0,4.276712328767124,0,5,0,0,0,0
T101826,CUST5372,2024-01-12 11:55:00,3.43,Food,NetBanking,POS,Chennai,0,186,305.83,1275,0,0,0.011215381094071872,302.4,0,0,3.493150684931507,0,11,4,0,0,0
T101827,CUST5807,2023-12-24 11:23:00,276.59,Travel,PayPal,Desktop,Chennai,0,55,408.62,977,0,0,0.6768880622583329,132.03000000000003,0,0,2.6767123287671235,0,11,6,0,1,0
T101828,CUST7972,2023-04-02 21:30:00,128.24,Health,Debit Card,Desktop,Chennai,0,161,253.11,852,1,1,0.5066571846232863,124.87,0,0,2.334246575342466,0,21,6,0,1,1
T101829,CUST3475,2023-02-22 09:34:00,27.72,Travel,Debit Card,Mobile,Delhi,0,77,364.18,257,0,0,0.07611620627162392,336.46000000000004,0,0,0.7041095890410959,0,9,2,0,0,0
T101830,CUST6598,2023-07-03 07:46:00,312.84,Entertainment,NetBanking,Mobile,Delhi,0,63,485.19,1894,0,0,0.644778334260805,172.35000000000002,0,0,5.189041095890411,0,7,0,0,0,0
T101831,CUST4372,2023-03-23 19:22:00,73.68,Food,Debit Card,Desktop,Kolkata,0,103,180.72,1286,0,0,0.4077025232403719,107.03999999999999,0,0,3.5232876712328767,0,19,3,0,0,0
T101832,CUST1987,2023-11-22 18:34:00,69.86,Utilities,Debit Card,Mobile,Pune,0,60,257.09,1321,0,0,0.27173363413590573,187.22999999999996,0,0,3.6191780821917807,0,18,2,0,0,0
T101833,CUST1339,2023-02-28 13:14:00,110.29,Travel,PayPal,Mobile,Hyderabad,0,189,262.12,1963,0,0,0.42076148329009616,151.82999999999998,0,0,5.3780821917808215,0,13,1,0,0,0
T101834,CUST2474,2023-04-28 04:02:00,133.61,Health,UPI,Desktop,Mumbai,1,80,496.08,283,0,0,0.2693315594258991,362.46999999999997,0,0,0.7753424657534247,0,4,4,1,0,2
T101835,CUST4468,2023-12-04 05:13:00,85.48,Entertainment,Credit Card,Desktop,Bengaluru,0,189,124.22,704,0,0,0.6881339558847207,38.739999999999995,0,0,1.9287671232876713,0,5,0,0,0,0
T101836,CUST1169,2023-11-12 14:29:00,10.97,Utilities,UPI,Desktop,Hyderabad,0,95,340.9,35,0,0,0.03217952478732767,329.92999999999995,0,0,0.0958904109589041,0,14,6,0,1,0
T101837,CUST7873,2023-09-11 11:01:00,33.03,Utilities,Debit Card,Desktop,Delhi,0,69,77.73,76,0,0,0.4249324585102277,44.7,0,0,0.20821917808219179,0,11,0,0,0,0
T101838,CUST1636,2024-01-13 09:42:00,210.58,Electronics,NetBanking,POS,Delhi,1,114,464.27,1460,0,1,0.4535722747539148,253.68999999999997,0,0,4.0,0,9,5,0,1,1
T101839,CUST2746,2023-08-11 05:27:00,20.35,Travel,Credit Card,Desktop,Delhi,0,104,299.29,912,0,0,0.06799425306558855,278.94,0,0,2.4986301369863013,0,5,4,0,0,0
T101840,CUST2517,2023-08-24 16:36:00,37.24,Travel,Credit Card,Mobile,Hyderabad,0,108,431.11,609,0,0,0.08638166593212869,393.87,0,0,1.6684931506849314,0,16,3,0,0,0
T101841,CUST2536,2023-06-04 09:55:00,45.26,Food,NetBanking,POS,Delhi,0,89,448.67,283,0,0,0.10087592216996902,403.41,0,0,0.7753424657534247,0,9,6,0,1,0
T101842,CUST2487,2023-02-05 12:23:00,46.3,Entertainment,Credit Card,POS,Hyderabad,0,21,282.98,1502,0,0,0.16361580323697786,236.68,0,0,4.115068493150685,0,12,6,0,1,0
T101843,CUST6072,2023-06-16 15:56:00,75.93,Electronics,NetBanking,Mobile,Delhi,0,131,344.18,88,0,0,0.22061130803649254,268.25,0,0,0.2410958904109589,0,15,4,0,0,0
T101844,CUST9770,2023-08-21 20:29:00,229.28,Fashion,Credit Card,POS,Chennai,0,176,352.37,1446,0,0,0.6506796832874535,123.09,0,0,3.9616438356164383,0,20,0,0,0,0
T101845,CUST2974,2023-09-14 09:31:00,22.03,Fashion,UPI,Mobile,Chennai,0,10,235.64,1684,0,0,0.0934900695976914,213.60999999999999,0,0,4.6136986301369864,0,9,3,0,0,0
T101846,CUST4483,2023-04-28 01:15:00,10.36,Grocery,Credit Card,POS,Mumbai,0,87,223.07,1751,0,1,0.046442820639261216,212.70999999999998,0,0,4.7972602739726025,0,1,4,1,0,1
T101847,CUST2328,2023-07-22 00:43:00,17.6,Travel,PayPal,POS,Delhi,0,170,101.23,589,1,1,0.17386150350686555,83.63,0,0,1.6136986301369862,0,0,5,1,1,2
T101848,CUST8545,2023-07-09 08:18:00,174.38,Travel,NetBanking,Mobile,Kolkata,1,194,198.12,1044,0,0,0.8801736321421361,23.74000000000001,0,0,2.8602739726027395,0,8,6,0,1,1
T101849,CUST8918,2023-07-09 18:54:00,83.03,Electronics,Credit Card,Mobile,Mumbai,0,91,495.47,1244,0,0,0.16757825902678264,412.44000000000005,0,0,3.408219178082192,0,18,6,0,1,0
T101850,CUST1782,2023-10-20 00:19:00,26.94,Health,NetBanking,Mobile,Hyderabad,0,174,142.23,294,0,0,0.1894115165576883,115.28999999999999,0,0,0.8054794520547945,0,0,4,1,0,1
T101851,CUST2852,2023-11-15 05:09:00,135.4,Fashion,PayPal,Mobile,Mumbai,0,137,383.6,1737,0,0,0.3529718456725756,248.20000000000002,0,0,4.758904109589041,0,5,2,0,0,0
T101852,CUST5231,2023-05-27 23:10:00,158.08,Grocery,Credit Card,Desktop,Delhi,0,123,39.08,1611,0,0,4.045035823950871,119.00000000000001,1,0,4.413698630136986,0,23,5,0,1,1
T101853,CUST9478,2023-01-16 02:48:00,149.93,Electronics,Credit Card,Desktop,Hyderabad,0,177,239.06,1196,0,0,0.6271647285200368,89.13,0,0,3.276712328767123,0,2,0,1,0,1
T101854,CUST7080,2023-04-20 04:53:00,200.99,Travel,PayPal,Mobile,Kolkata,0,4,38.62,275,1,0,5.204298291040912,162.37,1,0,0.7534246575342466,1,4,3,1,0,3
T101855,CUST2949,2023-10-04 22:47:00,23.25,Fashion,PayPal,Desktop,Hyderabad,0,188,243.14,1269,0,0,0.09562392037509254,219.89,0,0,3.4767123287671233,0,22,2,0,0,0
T101856,CUST3181,2024-02-05 02:43:00,112.53,Entertainment,PayPal,Mobile,Chennai,0,90,23.5,466,0,1,4.788510638297873,89.03,1,0,1.2767123287671234,0,2,0,1,0,2
T101857,CUST9843,2023-11-05 02:10:00,49.37,Grocery,NetBanking,Mobile,Hyderabad,0,96,310.51,717,0,0,0.15899648964606614,261.14,0,0,1.9643835616438357,0,2,6,1,1,1
T101858,CUST8734,2024-01-12 13:27:00,147.61,Food,PayPal,POS,Hyderabad,0,29,297.39,1893,0,0,0.4963515921853459,149.77999999999997,0,0,5.186301369863013,0,13,4,0,0,0
T101859,CUST6146,2023-11-03 01:11:00,104.3,Fashion,NetBanking,Mobile,Mumbai,0,86,400.94,505,0,0,0.2601386741158278,296.64,0,0,1.3835616438356164,0,1,4,1,0,1
T101860,CUST4552,2023-02-24 17:22:00,119.85,Grocery,UPI,Mobile,Kolkata,0,47,295.81,1437,0,0,0.40515871674385584,175.96,0,0,3.936986301369863,0,17,4,0,0,0
T101861,CUST2071,2023-03-07 01:23:00,85.41,Electronics,Credit Card,Mobile,Pune,0,77,463.74,967,1,0,0.1841764781989908,378.33000000000004,0,0,2.649315068493151,0,1,1,1,0,2
T101862,CUST9914,2023-04-19 17:56:00,15.63,Food,Credit Card,Mobile,Hyderabad,0,87,393.72,907,0,0,0.03969826272477903,378.09000000000003,0,0,2.484931506849315,0,17,2,0,0,0
T101863,CUST8611,2023-01-25 06:50:00,63.0,Grocery,Debit Card,POS,Bengaluru,0,191,75.0,686,0,0,0.84,12.0,0,0,1.8794520547945206,0,6,2,0,0,0
T101864,CUST8930,2023-08-05 03:30:00,334.23,Grocery,UPI,Mobile,Pune,0,31,140.08,576,0,1,2.3859937178754995,194.15,0,0,1.5780821917808219,0,3,5,1,1,1
T101865,CUST6839,2023-09-09 09:01:00,221.66,Utilities,PayPal,POS,Chennai,1,51,22.85,444,0,1,9.700656455142232,198.81,1,0,1.2164383561643837,0,9,5,0,1,2
T101866,CUST4906,2023-03-22 23:43:00,3.53,Utilities,PayPal,Mobile,Kolkata,0,169,199.21,1185,0,0,0.01771999397620601,195.68,0,0,3.2465753424657535,0,23,2,0,0,0
T101867,CUST8946,2023-08-15 19:54:00,14.41,Utilities,UPI,POS,Kolkata,0,36,259.67,1869,0,0,0.05549351099472407,245.26000000000002,0,0,5.120547945205479,0,19,1,0,0,0
T101868,CUST6553,2023-07-02 03:02:00,11.3,Travel,PayPal,Desktop,Chennai,0,168,473.51,427,0,1,0.02386433232666681,462.21,0,0,1.16986301369863,0,3,6,1,1,1
T101869,CUST5742,2023-03-31 17:11:00,103.56,Health,Debit Card,POS,Hyderabad,0,95,265.91,1560,0,0,0.3894550787860554,162.35000000000002,0,0,4.273972602739726,0,17,4,0,0,0
T101870,CUST4321,2023-12-19 01:52:00,136.21,Fashion,NetBanking,POS,Mumbai,0,188,392.7,1206,0,0,0.34685510567863514,256.49,0,0,3.304109589041096,0,1,1,1,0,1
T101871,CUST6925,2024-01-15 18:28:00,19.21,Travel,Credit Card,Mobile,Pune,0,15,141.33,1867,0,0,0.13592301705228896,122.12,0,0,5.115068493150685,0,18,0,0,0,0
T101872,CUST6106,2024-01-29 07:10:00,56.39,Entertainment,UPI,POS,Chennai,0,78,85.05,1613,0,0,0.6630217519106408,28.659999999999997,0,0,4.419178082191781,0,7,0,0,0,0
T101873,CUST1073,2023-11-25 04:33:00,146.96,Food,Credit Card,POS,Chennai,0,158,407.31,197,0,1,0.36080626549802364,260.35,0,0,0.5397260273972603,0,4,5,1,1,1
T101874,CUST2134,2023-05-30 17:55:00,105.58,Health,NetBanking,Mobile,Bengaluru,0,158,131.24,1743,0,0,0.8044803413593415,25.66000000000001,0,0,4.7753424657534245,0,17,1,0,0,0
T101875,CUST8604,2023-02-17 15:03:00,62.51,Grocery,UPI,Desktop,Hyderabad,0,155,436.95,1828,0,0,0.14305984666437807,374.44,0,0,5.008219178082192,0,15,4,0,0,0
T101876,CUST9055,2023-11-27 17:37:00,71.4,Travel,NetBanking,Desktop,Pune,0,40,93.23,1660,0,0,0.7658479030355037,21.83,0,0,4.5479452054794525,0,17,0,0,0,0
T101877,CUST5223,2023-11-15 07:58:00,56.8,Utilities,PayPal,Desktop,Chennai,0,45,427.28,1881,0,0,0.1329339075079573,370.47999999999996,0,0,5.153424657534247,0,7,2,0,0,0
T101878,CUST7397,2023-09-04 02:40:00,28.25,Health,PayPal,POS,Kolkata,0,175,388.7,832,0,0,0.0726781579624389,360.45,0,0,2.2794520547945205,0,2,0,1,0,1
T101879,CUST2687,2023-05-30 08:10:00,66.6,Entertainment,PayPal,Mobile,Chennai,0,90,309.5,259,0,0,0.21518578352180937,242.9,0,0,0.7095890410958904,0,8,1,0,0,0
T101880,CUST2580,2023-01-06 15:39:00,93.41,Fashion,NetBanking,Desktop,Chennai,0,56,426.61,732,0,0,0.21895876796136984,333.20000000000005,0,0,2.0054794520547947,0,15,4,0,0,0
T101881,CUST2623,2023-11-21 19:18:00,165.29,Entertainment,NetBanking,Desktop,Chennai,0,54,172.05,1457,0,0,0.9607090961929671,6.760000000000019,0,0,3.9917808219178084,0,19,1,0,0,0
T101882,CUST4196,2023-09-23 07:03:00,80.91,Food,NetBanking,Desktop,Mumbai,0,85,91.36,173,0,0,0.8856173380035026,10.450000000000003,0,0,0.473972602739726,0,7,5,0,1,0
T101883,CUST3037,2023-02-24 17:52:00,114.54,Electronics,Credit Card,Desktop,Delhi,0,9,86.95,1971,0,0,1.3173087981598621,27.590000000000003,0,0,5.4,0,17,4,0,0,0
T101884,CUST4547,2023-10-20 16:33:00,13.96,Travel,NetBanking,Mobile,Bengaluru,0,118,142.48,1729,0,0,0.09797866367209435,128.51999999999998,0,0,4.736986301369863,0,16,4,0,0,0
T101885,CUST6195,2023-08-10 02:45:00,49.53,Utilities,PayPal,Desktop,Kolkata,0,65,228.65,1584,0,0,0.2166192871200525,179.12,0,0,4.33972602739726,0,2,3,1,0,1
T101886,CUST7804,2023-08-03 00:38:00,0.75,Food,Debit Card,POS,Mumbai,0,108,439.25,1951,0,0,0.001707455890722823,438.5,0,0,5.345205479452055,0,0,3,1,0,1
T101887,CUST2944,2024-01-02 21:21:00,22.66,Electronics,NetBanking,POS,Bengaluru,0,198,53.87,97,0,0,0.4206422869871914,31.209999999999997,0,0,0.26575342465753427,0,21,1,0,0,0
T101888,CUST3564,2023-09-03 09:11:00,103.71,Utilities,Debit Card,Mobile,Chennai,0,129,458.47,1047,0,0,0.2262089122516195,354.76000000000005,0,0,2.8684931506849316,0,9,6,0,1,0
T101889,CUST1825,2024-01-01 05:05:00,384.39,Utilities,PayPal,Desktop,Bengaluru,0,141,463.49,127,0,0,0.8293382813005674,79.10000000000002,0,0,0.34794520547945207,0,5,0,0,0,0
T101890,CUST4937,2023-09-19 18:50:00,8.36,Utilities,NetBanking,Desktop,Hyderabad,1,38,366.35,36,0,0,0.02281970792957554,357.99,0,0,0.09863013698630137,0,18,1,0,0,1
T101891,CUST2582,2023-05-04 22:05:00,41.07,Travel,Credit Card,POS,Hyderabad,0,173,451.14,844,0,0,0.09103604202686527,410.07,0,0,2.3123287671232875,0,22,3,0,0,0
T101892,CUST4762,2023-02-21 05:02:00,128.78,Food,Credit Card,Mobile,Delhi,0,105,387.29,206,0,0,0.33251568592011155,258.51,0,0,0.5643835616438356,0,5,1,0,0,0
T101893,CUST4640,2023-04-29 08:51:00,18.26,Utilities,Debit Card,POS,Delhi,0,40,268.87,1259,0,0,0.06791386171755867,250.61,0,0,3.4493150684931506,0,8,5,0,1,0
T101894,CUST1318,2023-11-06 03:52:00,64.79,Entertainment,Credit Card,Mobile,Bengaluru,0,143,304.37,328,0,0,0.2128659197687026,239.57999999999998,0,0,0.8986301369863013,0,3,0,1,0,1
T101895,CUST3706,2023-04-27 18:23:00,105.66,Food,Credit Card,Mobile,Mumbai,0,178,317.83,1853,0,0,0.3324418714407073,212.17,0,0,5.076712328767123,0,18,3,0,0,0
T101896,CUST9468,2024-01-19 02:42:00,76.57,Health,Credit Card,Mobile,Mumbai,0,130,72.18,1966,0,0,1.0608201717927401,4.389999999999986,0,0,5.3863013698630136,0,2,4,1,0,1
T101897,CUST4311,2023-07-25 23:03:00,16.66,Entertainment,PayPal,POS,Chennai,0,181,104.6,258,0,0,0.1592734225621415,87.94,0,0,0.7068493150684931,0,23,1,0,0,0
T101898,CUST8998,2023-11-02 18:53:00,35.13,Travel,Credit Card,Mobile,Mumbai,1,154,266.45,925,0,0,0.13184462375680242,231.32,0,0,2.5342465753424657,0,18,3,0,0,1
T101899,CUST9142,2023-12-28 15:40:00,122.52,Utilities,UPI,POS,Delhi,0,194,66.46,660,0,0,1.8435148961781525,56.06,0,0,1.8082191780821917,0,15,3,0,0,0
T101900,CUST1340,2023-07-20 12:25:00,64.64,Food,NetBanking,POS,Mumbai,0,75,482.84,299,0,0,0.13387457542871345,418.2,0,0,0.8191780821917808,0,12,3,0,0,0
T101901,CUST4169,2023-01-23 05:45:00,0.42,Grocery,Credit Card,Desktop,Chennai,0,33,258.49,110,0,0,0.0016248210762505317,258.07,0,0,0.3013698630136986,0,5,0,0,0,0
T101902,CUST8636,2023-11-17 21:23:00,114.5,Travel,Credit Card,POS,Hyderabad,0,85,196.24,1725,0,0,0.5834692213615981,81.74000000000001,0,0,4.726027397260274,0,21,4,0,0,0
T101903,CUST8256,2023-04-05 22:38:00,2.88,Food,Credit Card,POS,Mumbai,0,59,87.19,1241,0,0,0.03303131093015254,84.31,0,0,3.4,0,22,2,0,0,0
T101904,CUST3782,2024-02-04 05:15:00,109.55,Health,UPI,Desktop,Mumbai,0,95,214.1,1753,0,1,0.5116767865483419,104.55,0,0,4.802739726027397,0,5,6,0,1,0
T101905,CUST8421,2023-01-27 01:55:00,18.1,Utilities,Credit Card,Desktop,Delhi,0,26,158.19,849,0,0,0.11441936911309186,140.09,0,0,2.326027397260274,0,1,4,1,0,1
T101906,CUST8649,2024-01-05 11:33:00,253.75,Electronics,Credit Card,Desktop,Bengaluru,0,103,53.08,530,0,0,4.78051996985682,200.67000000000002,1,0,1.452054794520548,0,11,4,0,0,1
T101907,CUST9323,2023-06-07 11:05:00,36.7,Utilities,NetBanking,Mobile,Hyderabad,0,21,483.83,735,0,0,0.07585308889485977,447.13,0,0,2.0136986301369864,0,11,2,0,0,0
T101908,CUST7016,2024-01-05 06:29:00,31.67,Electronics,UPI,Mobile,Bengaluru,0,177,139.84,1540,0,0,0.22647311212814647,108.17,0,0,4.219178082191781,0,6,4,0,0,0
T101909,CUST8833,2023-01-04 09:25:00,12.9,Grocery,UPI,Desktop,Chennai,0,80,348.33,1825,0,0,0.03703384721384894,335.43,0,0,5.0,0,9,2,0,0,0
T101910,CUST5253,2023-04-26 03:19:00,29.18,Travel,Credit Card,Mobile,Chennai,0,71,54.75,1541,0,0,0.5329680365296804,25.57,0,0,4.221917808219178,0,3,2,1,0,1
T101911,CUST7551,2023-07-23 04:50:00,167.42,Health,UPI,Desktop,Bengaluru,0,199,457.45,1019,0,0,0.36598535359055634,290.03,0,0,2.791780821917808,0,4,6,1,1,1
T101912,CUST4317,2023-11-14 10:01:00,448.7,Food,Debit Card,Mobile,Delhi,0,66,299.47,1531,0,0,1.498313687514609,149.22999999999996,0,0,4.1945205479452055,0,10,1,0,0,0
T101913,CUST4090,2023-08-03 05:49:00,36.75,Food,UPI,POS,Pune,0,37,331.87,732,0,0,0.11073613161780214,295.12,0,0,2.0054794520547947,0,5,3,0,0,0
T101914,CUST1253,2023-04-21 14:57:00,47.63,Electronics,UPI,Mobile,Delhi,0,14,393.07,1342,0,0,0.12117434553641845,345.44,0,0,3.6767123287671235,0,14,4,0,0,0
T101915,CUST8885,2023-01-29 21:08:00,102.43,Health,UPI,Mobile,Pune,0,108,306.9,135,0,0,0.33375692407950475,204.46999999999997,0,0,0.3698630136986301,0,21,6,0,1,0
T101916,CUST9136,2023-02-03 23:10:00,173.86,Entertainment,PayPal,POS,Pune,0,135,44.74,670,0,0,3.886008046490836,129.12,1,0,1.8356164383561644,0,23,4,0,0,1
T101917,CUST1540,2023-04-05 18:01:00,71.92,Grocery,PayPal,Desktop,Delhi,0,166,220.5,638,0,0,0.32616780045351473,148.57999999999998,0,0,1.747945205479452,0,18,2,0,0,0
T101918,CUST9977,2023-04-23 10:39:00,39.74,Electronics,PayPal,Mobile,Pune,0,173,138.39,1025,0,0,0.2871594768408122,98.64999999999998,0,0,2.808219178082192,0,10,6,0,1,0
T101919,CUST9520,2023-06-24 05:52:00,42.57,Electronics,UPI,Mobile,Pune,0,150,248.49,1038,0,0,0.17131474103585656,205.92000000000002,0,0,2.8438356164383563,0,5,5,0,1,0
T101920,CUST1930,2023-06-30 16:55:00,95.16,Grocery,Debit Card,POS,Pune,0,172,208.12,1629,0,0,0.457236209878916,112.96000000000001,0,0,4.463013698630137,0,16,4,0,0,0
T101921,CUST5446,2023-04-27 01:12:00,0.26,Travel,UPI,POS,Hyderabad,0,81,415.0,1693,0,0,0.0006265060240963856,414.74,0,0,4.638356164383562,0,1,3,1,0,1
T101922,CUST7633,2023-12-25 12:45:00,77.32,Food,Credit Card,POS,Chennai,0,80,131.05,1276,0,0,0.5900038153376573,53.73000000000002,0,0,3.495890410958904,0,12,0,0,0,0
T101923,CUST4060,2023-11-28 08:24:00,35.14,Travel,Debit Card,POS,Pune,0,103,108.64,1858,0,0,0.3234536082474227,73.5,0,0,5.090410958904109,0,8,1,0,0,0
T101924,CUST9055,2023-02-17 10:35:00,126.47,Health,PayPal,Desktop,Chennai,0,35,479.46,411,0,0,0.26377591457055855,352.99,0,0,1.126027397260274,0,10,4,0,0,0
T101925,CUST2012,2023-01-06 15:39:00,7.81,Entertainment,NetBanking,Mobile,Kolkata,0,102,475.26,867,0,0,0.016433110297521356,467.45,0,0,2.3753424657534246,0,15,4,0,0,0
T101926,CUST7303,2023-11-01 02:52:00,70.98,Utilities,Debit Card,Mobile,Chennai,0,188,496.8,1956,0,0,0.1428743961352657,425.82,0,0,5.358904109589041,0,2,2,1,0,1
T101927,CUST7602,2023-01-31 17:33:00,52.46,Fashion,PayPal,Mobile,Kolkata,0,131,288.51,133,0,0,0.18183078576132544,236.04999999999998,0,0,0.3643835616438356,0,17,1,0,0,0
T101928,CUST9218,2023-10-21 05:34:00,82.25,Fashion,Debit Card,Mobile,Hyderabad,0,118,65.44,693,0,0,1.2568765281173595,16.810000000000002,0,0,1.8986301369863015,0,5,5,0,1,0
T101929,CUST1248,2023-09-08 19:41:00,5.36,Fashion,Debit Card,Desktop,Chennai,0,195,441.28,1167,0,0,0.0121464829586657,435.91999999999996,0,0,3.197260273972603,0,19,4,0,0,0
T101930,CUST9121,2023-12-08 21:09:00,69.4,Grocery,UPI,Mobile,Bengaluru,0,95,81.11,1561,0,0,0.8556281592898534,11.709999999999994,0,0,4.276712328767124,0,21,4,0,0,0
T101931,CUST5179,2023-11-24 17:07:00,65.95,Electronics,Credit Card,Desktop,Mumbai,0,55,86.24,1108,0,0,0.764726345083488,20.289999999999992,0,0,3.0356164383561643,0,17,4,0,0,0
T101932,CUST3624,2024-01-14 10:59:00,65.8,Entertainment,NetBanking,Desktop,Hyderabad,0,9,104.76,150,0,0,0.6281023291332569,38.96000000000001,0,0,0.410958904109589,0,10,6,0,1,0
T101933,CUST6303,2023-06-18 17:46:00,74.0,Travel,PayPal,POS,Mumbai,0,69,330.18,1270,0,0,0.22412017687322067,256.18,0,0,3.4794520547945207,0,17,6,0,1,0
T101934,CUST4614,2023-05-13 13:08:00,90.28,Utilities,Debit Card,POS,Bengaluru,0,28,62.53,1688,0,0,1.4437869822485208,27.75,0,0,4.624657534246575,0,13,5,0,1,0
T101935,CUST5436,2023-12-29 11:28:00,130.78,Food,NetBanking,Mobile,Delhi,0,143,391.36,1056,0,0,0.3341680294358136,260.58000000000004,0,0,2.893150684931507,0,11,4,0,0,0
T101936,CUST3162,2024-01-13 06:40:00,25.16,Fashion,Debit Card,Desktop,Delhi,0,113,38.54,1145,0,0,0.6528282304099637,13.379999999999999,0,0,3.136986301369863,0,6,5,0,1,0
T101937,CUST6181,2023-05-26 15:06:00,139.46,Travel,Credit Card,POS,Pune,0,31,64.12,436,0,0,2.1749844042420463,75.34,0,0,1.1945205479452055,0,15,4,0,0,0
T101938,CUST4017,2023-04-16 17:28:00,55.17,Fashion,NetBanking,Desktop,Delhi,0,59,222.9,705,0,0,0.2475100942126514,167.73000000000002,0,0,1.9315068493150684,0,17,6,0,1,0
T101939,CUST8175,2023-07-03 16:26:00,6.42,Entertainment,PayPal,POS,Hyderabad,1,82,195.79,470,0,0,0.03279023443485367,189.37,0,0,1.2876712328767124,0,16,0,0,0,1
T101940,CUST7568,2023-11-04 04:58:00,4.83,Fashion,Debit Card,Desktop,Delhi,0,54,494.96,1684,0,0,0.009758364312267658,490.13,0,0,4.6136986301369864,0,4,5,1,1,1
T101941,CUST3824,2023-03-11 20:03:00,32.55,Food,Credit Card,Mobile,Hyderabad,0,196,483.76,461,0,0,0.06728543079212833,451.21,0,0,1.263013698630137,0,20,5,0,1,0
T101942,CUST2923,2024-01-13 23:05:00,122.93,Utilities,NetBanking,Mobile,Hyderabad,0,175,102.94,938,0,0,1.1941907907518945,19.99000000000001,0,0,2.56986301369863,0,23,5,0,1,0
T101943,CUST9320,2024-02-12 08:45:00,98.39,Health,Debit Card,Desktop,Mumbai,0,42,473.87,90,0,0,0.20763078481440056,375.48,0,0,0.2465753424657534,0,8,0,0,0,0
T101944,CUST5978,2023-08-23 09:47:00,124.33,Health,Debit Card,POS,Delhi,0,23,349.21,755,0,0,0.3560321869362275,224.88,0,0,2.0684931506849313,0,9,2,0,0,0
T101945,CUST1111,2023-06-22 07:37:00,58.26,Entertainment,PayPal,POS,Chennai,0,109,210.33,1526,0,0,0.2769932962487519,152.07000000000002,0,0,4.1808219178082195,0,7,3,0,0,0
T101946,CUST3306,2023-07-28 16:26:00,46.41,Health,Credit Card,Mobile,Kolkata,0,86,372.42,1300,0,0,0.12461736748831963,326.01,0,0,3.5616438356164384,0,16,4,0,0,0
T101947,CUST1674,2023-06-28 13:29:00,12.76,Grocery,UPI,Mobile,Delhi,0,65,451.07,1800,0,0,0.028288292282794246,438.31,0,0,4.931506849315069,0,13,2,0,0,0
T101948,CUST2683,2023-10-10 08:30:00,31.82,Electronics,Debit Card,Mobile,Delhi,0,89,98.27,1973,0,0,0.32380177063193244,66.44999999999999,0,0,5.405479452054794,0,8,1,0,0,0
T101949,CUST7794,2024-01-17 15:27:00,45.54,Grocery,NetBanking,POS,Delhi,0,54,106.03,968,0,0,0.42950108459869846,60.49,0,0,2.652054794520548,0,15,2,0,0,0
T101950,CUST2524,2023-08-09 22:43:00,7.42,Travel,PayPal,POS,Pune,0,118,210.27,898,0,0,0.035287963095068244,202.85000000000002,0,0,2.4602739726027396,0,22,2,0,0,0
T101951,CUST2933,2023-06-27 02:03:00,19.94,Grocery,PayPal,Mobile,Chennai,0,105,92.91,1425,0,0,0.21461629533957596,72.97,0,0,3.904109589041096,0,2,1,1,0,1
T101952,CUST9258,2023-04-13 02:23:00,72.95,Travel,Debit Card,Desktop,Chennai,0,11,186.59,1342,0,1,0.390964145988531,113.64,0,0,3.6767123287671235,0,2,3,1,0,1
T101953,CUST1537,2023-06-08 23:59:00,106.44,Travel,Debit Card,POS,Hyderabad,0,63,326.39,1643,0,0,0.3261129323815068,219.95,0,0,4.501369863013698,0,23,3,0,0,0
T101954,CUST9095,2023-12-18 03:30:00,512.44,Electronics,Debit Card,Mobile,Chennai,1,22,408.28,1077,0,1,1.255119035955717,104.16000000000008,0,0,2.9506849315068493,0,3,0,1,0,2
T101955,CUST4588,2023-12-26 02:53:00,216.38,Food,UPI,Desktop,Hyderabad,0,182,157.95,435,0,0,1.3699271921494145,58.43000000000001,0,0,1.1917808219178083,0,2,1,1,0,1
T101956,CUST3973,2024-01-23 18:52:00,82.3,Utilities,Debit Card,POS,Kolkata,0,117,148.05,1361,0,0,0.5558932792975345,65.75000000000001,0,0,3.728767123287671,0,18,1,0,0,0
T101957,CUST5261,2023-07-08 15:37:00,43.75,Entertainment,Credit Card,Desktop,Mumbai,0,164,392.07,642,0,0,0.11158721656846991,348.32,0,0,1.7589041095890412,0,15,5,0,1,0
T101958,CUST6866,2023-06-14 08:31:00,80.89,Electronics,NetBanking,Desktop,Hyderabad,0,58,196.7,1425,0,0,0.41123538383324865,115.80999999999999,0,0,3.904109589041096,0,8,2,0,0,0
T101959,CUST5111,2023-11-10 02:14:00,123.21,Entertainment,Debit Card,POS,Delhi,0,20,411.05,1816,0,0,0.2997445566232818,287.84000000000003,0,0,4.975342465753425,0,2,4,1,0,1
T101960,CUST3301,2023-05-02 03:53:00,10.08,Health,UPI,Mobile,Bengaluru,0,144,496.76,1688,0,0,0.020291488847733314,486.68,0,0,4.624657534246575,0,3,1,1,0,1
T101961,CUST9921,2024-02-08 21:21:00,42.2,Health,NetBanking,Desktop,Bengaluru,0,184,490.04,244,0,0,0.0861154191494572,447.84000000000003,0,0,0.6684931506849315,0,21,3,0,0,0
T101962,CUST5372,2023-02-03 04:33:00,146.51,Grocery,PayPal,Mobile,Pune,0,93,334.72,291,0,0,0.4377091300191204,188.21000000000004,0,0,0.7972602739726027,0,4,4,1,0,1
T101963,CUST7707,2023-09-27 23:30:00,38.74,Travel,Debit Card,POS,Delhi,0,50,193.85,944,0,0,0.1998452411658499,155.10999999999999,0,0,2.5863013698630137,0,23,2,0,0,0
T101964,CUST3863,2024-02-06 02:15:00,67.87,Fashion,NetBanking,Desktop,Hyderabad,0,90,42.09,1897,0,0,1.6124970301734378,25.78,0,0,5.197260273972603,0,2,1,1,0,1
T101965,CUST7203,2023-06-07 04:29:00,70.89,Fashion,PayPal,Desktop,Delhi,0,104,371.64,1399,0,1,0.19074911204391348,300.75,0,0,3.8328767123287673,0,4,2,1,0,1
T101966,CUST2644,2023-01-03 06:29:00,16.31,Entertainment,UPI,Desktop,Pune,0,194,489.2,1466,0,0,0.033340147179067865,472.89,0,0,4.016438356164383,0,6,1,0,0,0
T101967,CUST1351,2023-06-16 17:04:00,35.98,Travel,Credit Card,Desktop,Chennai,0,127,43.31,152,0,0,0.8307550219348879,7.330000000000005,0,0,0.41643835616438357,0,17,4,0,0,0
T101968,CUST2072,2023-01-11 19:24:00,32.58,Entertainment,Debit Card,Desktop,Hyderabad,0,113,13.02,793,0,0,2.5023041474654377,19.56,0,0,2.1726027397260275,0,19,2,0,0,0
T101969,CUST2958,2024-01-09 02:46:00,2.12,Electronics,Credit Card,POS,Kolkata,0,74,417.57,349,0,1,0.005076993079004718,415.45,0,0,0.9561643835616438,0,2,1,1,0,1
T101970,CUST9746,2023-04-06 08:11:00,1.96,Food,UPI,Desktop,Delhi,0,13,60.11,1963,0,0,0.03260688737314923,58.15,0,0,5.3780821917808215,0,8,3,0,0,0
T101971,CUST8137,2023-09-03 12:26:00,142.56,Utilities,NetBanking,POS,Chennai,0,15,50.0,1390,1,1,2.8512,92.56,0,0,3.808219178082192,0,12,6,0,1,1
T101972,CUST1123,2024-02-07 12:09:00,25.51,Electronics,NetBanking,Mobile,Pune,0,73,456.06,187,0,0,0.05593562250581064,430.55,0,0,0.5123287671232877,0,12,2,0,0,0
T101973,CUST5397,2023-03-10 00:01:00,58.4,Travel,UPI,POS,Chennai,1,27,48.98,1380,0,0,1.1923233973050225,9.420000000000002,0,0,3.780821917808219,0,0,4,1,0,2
T101974,CUST7056,2023-09-21 13:35:00,28.39,Travel,UPI,Desktop,Hyderabad,0,136,65.87,1714,0,0,0.4310004554425383,37.480000000000004,0,0,4.695890410958904,0,13,3,0,0,0
T101975,CUST6814,2023-03-12 02:50:00,225.98,Food,Debit Card,Mobile,Pune,0,198,289.09,1118,0,0,0.7816942820574908,63.109999999999985,0,0,3.063013698630137,0,2,6,1,1,1
T101976,CUST1781,2024-02-15 18:55:00,24.01,Entertainment,PayPal,POS,Pune,0,178,380.84,398,0,0,0.06304484823022792,356.83,0,0,1.0904109589041096,0,18,3,0,0,0
T101977,CUST7535,2023-09-20 13:00:00,44.92,Grocery,Credit Card,POS,Pune,1,88,205.79,899,0,1,0.21828077166043056,160.87,0,0,2.463013698630137,0,13,2,0,0,1
T101978,CUST7105,2023-10-25 01:51:00,164.92,Grocery,Credit Card,POS,Mumbai,0,195,216.09,1057,0,0,0.7632005183025591,51.170000000000016,0,0,2.8958904109589043,0,1,2,1,0,1
T101979,CUST2770,2023-10-25 05:04:00,147.58,Food,NetBanking,Desktop,Pune,0,154,319.99,715,0,1,0.4612019125597675,172.41,0,0,1.9589041095890412,0,5,2,0,0,0
T101980,CUST3500,2023-01-06 17:52:00,16.47,Grocery,NetBanking,Desktop,Mumbai,0,36,257.66,1701,0,0,0.06392144686796553,241.19000000000003,0,0,4.66027397260274,0,17,4,0,0,0
T101981,CUST6879,2024-01-05 07:50:00,129.82,Fashion,Debit Card,POS,Chennai,0,149,19.13,943,0,0,6.786199686356508,110.69,1,0,2.5835616438356164,0,7,4,0,0,1
T101982,CUST3521,2023-09-27 17:11:00,49.03,Grocery,UPI,POS,Kolkata,0,52,65.66,1809,0,0,0.7467255558939995,16.629999999999995,0,0,4.956164383561644,0,17,2,0,0,0
T101983,CUST6188,2023-02-16 11:39:00,52.77,Grocery,Credit Card,Mobile,Mumbai,0,139,294.98,1113,0,0,0.1788934843040206,242.21,0,0,3.0493150684931507,0,11,3,0,0,0
T101984,CUST2171,2023-10-20 07:31:00,11.46,Grocery,Debit Card,Desktop,Chennai,0,8,398.89,1098,0,0,0.02872972498683848,387.43,0,0,3.0082191780821916,0,7,4,0,0,0
T101985,CUST7257,2024-02-17 03:06:00,6.72,Fashion,NetBanking,Desktop,Mumbai,0,57,383.92,613,0,0,0.017503646593040215,377.2,0,0,1.6794520547945206,0,3,5,1,1,1
T101986,CUST4005,2023-06-11 11:17:00,104.14,Entertainment,NetBanking,Mobile,Chennai,0,110,372.63,1660,0,0,0.2794729356197837,268.49,0,0,4.5479452054794525,0,11,6,0,1,0
T101987,CUST3492,2023-07-19 08:32:00,54.89,Grocery,Credit Card,POS,Chennai,0,174,387.92,572,0,0,0.14149824706124975,333.03000000000003,0,0,1.5671232876712329,0,8,2,0,0,0
T101988,CUST1020,2024-01-15 06:44:00,45.94,Health,NetBanking,POS,Kolkata,0,130,31.78,185,0,0,1.4455632473253617,14.159999999999997,0,0,0.5068493150684932,0,6,0,0,0,0
T101989,CUST4330,2023-01-25 11:06:00,104.6,Fashion,NetBanking,Mobile,Pune,0,64,448.6,917,0,0,0.2331698617922425,344.0,0,0,2.5123287671232877,0,11,2,0,0,0
T101990,CUST5998,2023-06-28 00:07:00,116.03,Food,PayPal,POS,Kolkata,0,180,445.75,781,0,0,0.26030286034772854,329.72,0,0,2.1397260273972605,0,0,2,1,0,1
T101991,CUST8117,2023-03-01 08:29:00,13.84,Electronics,UPI,POS,Kolkata,0,193,270.64,93,0,0,0.05113804315696128,256.8,0,0,0.2547945205479452,0,8,2,0,0,0
T101992,CUST6126,2023-11-14 06:03:00,75.37,Food,NetBanking,Mobile,Pune,0,11,131.81,450,0,0,0.5718079053182612,56.44,0,0,1.2328767123287672,0,6,1,0,0,0
T101993,CUST4144,2023-07-13 05:33:00,11.63,Electronics,PayPal,Mobile,Chennai,0,134,300.17,352,0,0,0.03874471133024619,288.54,0,0,0.9643835616438357,0,5,3,0,0,0
T101994,CUST8189,2023-04-16 23:21:00,111.34,Utilities,Debit Card,Mobile,Pune,0,96,283.36,1162,1,0,0.39292772444946356,172.02,0,0,3.1835616438356165,0,23,6,0,1,1
T101995,CUST9394,2023-07-30 14:13:00,85.59,Food,NetBanking,POS,Chennai,0,76,119.25,1516,0,0,0.7177358490566038,33.66,0,0,4.153424657534247,0,14,6,0,1,0
T101996,CUST8330,2023-02-05 18:00:00,251.01,Health,Debit Card,Mobile,Pune,0,64,305.53,1633,0,0,0.8215559846823552,54.51999999999998,0,0,4.473972602739726,0,18,6,0,1,0
T101997,CUST9613,2023-03-20 07:21:00,5.72,Electronics,NetBanking,POS,Bengaluru,0,101,400.67,576,0,0,0.014276087553348141,394.95,0,0,1.5780821917808219,0,7,0,0,0,0
T101998,CUST3172,2023-08-11 19:16:00,4.7,Electronics,Credit Card,Desktop,Mumbai,1,93,404.99,280,0,0,0.011605224820365936,400.29,0,0,0.7671232876712328,0,19,4,0,0,1
T101999,CUST9390,2023-10-30 06:46:00,26.52,Travel,PayPal,Desktop,Kolkata,0,183,39.25,895,1,0,0.6756687898089172,12.73,0,0,2.452054794520548,0,6,0,0,0,1
T102000,CUST1895,2024-01-23 20:50:00,24.27,Electronics,PayPal,Mobile,Chennai,0,44,106.61,539,0,0,0.2276521902260576,82.34,0,0,1.4767123287671233,0,20,1,0,0,0
T102001,CUST3943,2023-09-10 16:33:00,22.69,Electronics,Credit Card,POS,Delhi,0,142,337.43,1601,0,0,0.067243576445485,314.74,0,0,4.3863013698630136,0,16,6,0,1,0
T102002,CUST4224,2023-09-22 01:08:00,189.37,Travel,UPI,POS,Pune,0,83,431.32,470,0,0,0.4390475748863953,241.95,0,0,1.2876712328767124,0,1,4,1,0,1
T102003,CUST2832,2023-08-28 16:26:00,22.97,Grocery,PayPal,POS,Pune,0,133,265.4,483,0,0,0.08654860587792013,242.42999999999998,0,0,1.3232876712328767,0,16,0,0,0,0
T102004,CUST2641,2023-03-03 06:24:00,25.39,Grocery,Debit Card,Mobile,Hyderabad,0,99,356.69,673,0,0,0.07118225910454457,331.3,0,0,1.8438356164383563,0,6,4,0,0,0
T102005,CUST2618,2024-02-10 00:01:00,113.97,Travel,PayPal,POS,Delhi,0,25,20.33,846,0,0,5.6060009837678315,93.64,1,0,2.317808219178082,0,0,5,1,1,2
T102006,CUST8728,2023-09-03 20:21:00,47.79,Fashion,UPI,POS,Delhi,0,178,308.13,1787,0,0,0.1550968746957453,260.34,0,0,4.895890410958904,0,20,6,0,1,0
T102007,CUST7623,2024-01-07 17:42:00,119.94,Utilities,Debit Card,POS,Kolkata,0,102,481.34,708,0,0,0.2491793742468941,361.4,0,0,1.9397260273972603,0,17,6,0,1,0
T102008,CUST7576,2023-09-13 08:28:00,5.41,Electronics,Debit Card,Desktop,Bengaluru,0,73,333.9,303,0,0,0.016202455825097335,328.48999999999995,0,0,0.8301369863013699,0,8,2,0,0,0
T102009,CUST2897,2023-04-15 02:06:00,53.49,Electronics,Credit Card,POS,Mumbai,0,122,461.92,89,0,1,0.11579927260131624,408.43,0,0,0.24383561643835616,0,2,5,1,1,1
T102010,CUST8631,2023-07-14 13:02:00,2.74,Travel,NetBanking,Desktop,Bengaluru,0,71,287.34,371,0,0,0.009535741630124593,284.59999999999997,0,0,1.0164383561643835,0,13,4,0,0,0
T102011,CUST6467,2023-08-30 08:45:00,5.18,Travel,Credit Card,POS,Mumbai,0,117,423.26,1447,0,0,0.012238340499929121,418.08,0,0,3.9643835616438357,0,8,2,0,0,0
T102012,CUST8938,2023-10-23 09:18:00,189.53,Fashion,NetBanking,POS,Chennai,0,82,70.84,142,0,0,2.6754658385093166,118.69,0,0,0.38904109589041097,0,9,0,0,0,0
T102013,CUST4503,2023-01-17 09:19:00,12.0,Health,Credit Card,POS,Kolkata,0,130,70.52,1274,0,0,0.17016449234259787,58.519999999999996,0,0,3.4904109589041097,0,9,1,0,0,0
T102014,CUST6311,2023-08-14 18:13:00,60.81,Grocery,NetBanking,Desktop,Bengaluru,0,116,68.89,1844,0,0,0.8827115691682392,8.079999999999998,0,0,5.052054794520548,0,18,0,0,0,0
T102015,CUST2035,2023-11-09 19:56:00,42.36,Food,PayPal,POS,Hyderabad,0,10,249.54,97,0,0,0.16975234431353692,207.18,0,0,0.26575342465753427,0,19,3,0,0,0
T102016,CUST3730,2023-08-12 13:58:00,34.14,Health,Debit Card,Mobile,Mumbai,0,130,171.83,1368,0,0,0.19868474655182447,137.69,0,0,3.747945205479452,0,13,5,0,1,0
T102017,CUST3099,2023-10-22 14:55:00,184.07,Entertainment,NetBanking,POS,Bengaluru,0,60,362.4,496,0,0,0.5079194260485651,178.32999999999998,0,0,1.358904109589041,0,14,6,0,1,0
T102018,CUST1292,2023-10-13 02:01:00,1.77,Grocery,PayPal,Desktop,Kolkata,0,45,452.28,887,1,1,0.003913504908463784,450.51,0,0,2.43013698630137,0,2,4,1,0,2
T102019,CUST1495,2023-05-25 00:10:00,87.2,Electronics,UPI,Desktop,Hyderabad,0,136,313.49,292,0,1,0.27815879294395357,226.29000000000002,0,0,0.8,0,0,3,1,0,1
T102020,CUST1990,2023-08-24 15:25:00,264.6,Entertainment,Credit Card,Mobile,Kolkata,0,186,114.47,1834,0,0,2.3115226696951168,150.13000000000002,0,0,5.024657534246575,0,15,3,0,0,0
T102021,CUST3085,2023-03-26 18:11:00,65.71,Health,UPI,Mobile,Delhi,0,119,466.13,1184,0,0,0.1409692575032716,400.42,0,0,3.243835616438356,0,18,6,0,1,0
T102022,CUST4951,2023-08-26 21:43:00,220.94,Travel,PayPal,Mobile,Pune,0,7,268.65,453,1,0,0.8224083379862275,47.70999999999998,0,0,1.2410958904109588,0,21,5,0,1,1
T102023,CUST7870,2023-01-11 16:43:00,4.29,Fashion,UPI,Desktop,Chennai,0,72,362.77,1320,0,0,0.01182567466990104,358.47999999999996,0,0,3.6164383561643834,0,16,2,0,0,0
T102024,CUST5322,2023-05-07 09:02:00,43.41,Grocery,UPI,POS,Kolkata,0,21,446.35,749,0,0,0.09725551697098687,402.94000000000005,0,0,2.052054794520548,0,9,6,0,1,0
T102025,CUST5162,2023-02-27 20:46:00,24.11,Fashion,PayPal,POS,Chennai,0,97,495.02,1265,0,0,0.04870510282412832,470.90999999999997,0,0,3.4657534246575343,0,20,0,0,0,0
T102026,CUST3744,2024-01-25 18:37:00,104.99,Entertainment,Debit Card,Mobile,Kolkata,0,47,257.97,592,0,0,0.40698530836919017,152.98000000000002,0,0,1.621917808219178,0,18,3,0,0,0
T102027,CUST1572,2024-01-27 19:43:00,318.33,Grocery,NetBanking,Mobile,Delhi,0,1,405.95,1012,0,0,0.784160610912674,87.62,0,0,2.7726027397260276,1,19,5,0,1,0
T102028,CUST4864,2023-05-10 09:33:00,23.71,Utilities,Credit Card,POS,Kolkata,0,140,287.76,948,0,0,0.08239505143174869,264.05,0,0,2.5972602739726027,0,9,2,0,0,0
T102029,CUST7648,2023-05-26 16:52:00,84.95,Utilities,NetBanking,Mobile,Kolkata,0,176,248.36,317,0,0,0.3420438073763891,163.41000000000003,0,0,0.8684931506849315,0,16,4,0,0,0
T102030,CUST5416,2023-09-03 21:14:00,17.66,Health,Credit Card,POS,Bengaluru,0,128,273.48,454,0,0,0.0645751060406611,255.82000000000002,0,0,1.2438356164383562,0,21,6,0,1,0
T102031,CUST4445,2023-03-13 14:57:00,66.65,Electronics,NetBanking,POS,Pune,0,94,247.29,583,0,0,0.2695216142990012,180.64,0,0,1.5972602739726027,0,14,0,0,0,0
T102032,CUST8423,2023-04-24 10:43:00,49.88,Utilities,UPI,POS,Delhi,0,132,216.3,788,1,0,0.2306056403143782,166.42000000000002,0,0,2.158904109589041,0,10,0,0,0,1
T102033,CUST2645,2023-06-18 09:43:00,286.06,Utilities,Debit Card,POS,Hyderabad,0,34,364.62,1987,0,0,0.7845428116943667,78.56,0,0,5.443835616438356,0,9,6,0,1,0
T102034,CUST3585,2023-07-22 00:01:00,75.03,Food,UPI,Desktop,Pune,0,87,132.34,1760,0,0,0.5669487683240139,57.31,0,0,4.821917808219178,0,0,5,1,1,1
T102035,CUST1798,2023-09-07 23:46:00,34.4,Fashion,Debit Card,POS,Mumbai,0,32,312.03,273,0,0,0.11024580969778547,277.63,0,0,0.7479452054794521,0,23,3,0,0,0
T102036,CUST2752,2023-01-31 21:45:00,9.69,Fashion,PayPal,Mobile,Bengaluru,0,3,359.35,1765,0,0,0.02696535411159037,349.66,0,0,4.835616438356165,1,21,1,0,0,0
T102037,CUST7819,2023-05-27 05:05:00,13.12,Utilities,Credit Card,Mobile,Pune,0,68,447.12,1923,0,0,0.0293433530148506,434.0,0,0,5.2684931506849315,0,5,5,0,1,0
T102038,CUST5201,2023-04-21 17:48:00,20.42,Food,Credit Card,Mobile,Mumbai,0,57,172.62,1686,0,0,0.11829451975437377,152.2,0,0,4.619178082191781,0,17,4,0,0,0
T102039,CUST4514,2023-06-21 18:49:00,23.12,Fashion,PayPal,Mobile,Delhi,0,114,431.69,1029,0,0,0.05355695058954343,408.57,0,0,2.819178082191781,0,18,2,0,0,0
T102040,CUST8958,2023-01-08 17:14:00,152.1,Fashion,NetBanking,Desktop,Kolkata,0,152,473.19,1387,0,0,0.3214353642300133,321.09000000000003,0,0,3.8,0,17,6,0,1,0
T102041,CUST1269,2023-01-18 13:53:00,65.9,Grocery,PayPal,POS,Chennai,0,33,327.85,357,0,0,0.20100655787707794,261.95000000000005,0,0,0.9780821917808219,0,13,2,0,0,0
T102042,CUST1311,2023-05-27 09:18:00,59.28,Grocery,PayPal,POS,Pune,1,131,388.0,744,0,0,0.15278350515463918,328.72,0,0,2.0383561643835617,0,9,5,0,1,1
T102043,CUST8494,2023-10-25 18:56:00,9.75,Food,Debit Card,Mobile,Pune,0,132,208.8,1159,0,0,0.04669540229885057,199.05,0,0,3.175342465753425,0,18,2,0,0,0
T102044,CUST5712,2023-05-17 08:09:00,157.37,Entertainment,PayPal,Mobile,Mumbai,1,30,476.55,1815,0,0,0.3302276781030322,319.18,0,0,4.972602739726027,0,8,2,0,0,1
T102045,CUST5469,2023-06-21 12:45:00,102.65,Electronics,Credit Card,Mobile,Mumbai,0,70,338.72,1940,0,0,0.30305266887104393,236.07000000000002,0,0,5.315068493150685,0,12,2,0,0,0
T102046,CUST2078,2023-10-22 13:27:00,5.61,Health,UPI,POS,Chennai,0,49,161.98,1991,0,0,0.03463390542042228,156.36999999999998,0,0,5.454794520547945,0,13,6,0,1,0
T102047,CUST6087,2023-10-09 22:32:00,98.43,Utilities,Debit Card,Desktop,Mumbai,0,30,208.09,1992,0,0,0.4730164832524389,109.66,0,0,5.457534246575342,0,22,0,0,0,0
T102048,CUST8538,2023-08-23 07:32:00,62.74,Utilities,Debit Card,Desktop,Mumbai,1,82,312.7,830,0,0,0.20063959066197634,249.95999999999998,0,0,2.2739726027397262,0,7,2,0,0,1
T102049,CUST9763,2024-02-19 19:33:00,6.82,Health,NetBanking,Desktop,Pune,0,144,124.73,1132,0,0,0.05467810470616532,117.91,0,0,3.1013698630136988,0,19,0,0,0,0
T102050,CUST4589,2023-08-01 05:36:00,49.04,Utilities,UPI,Desktop,Chennai,0,181,379.42,1218,0,0,0.1292499077539402,330.38,0,0,3.336986301369863,0,5,1,0,0,0
T102051,CUST5837,2023-08-05 06:07:00,53.04,Utilities,Debit Card,Mobile,Chennai,0,134,120.1,1899,0,0,0.44163197335553706,67.06,0,0,5.2027397260273975,0,6,5,0,1,0
T102052,CUST3101,2023-12-20 16:44:00,14.5,Entertainment,PayPal,POS,Kolkata,0,24,299.98,660,0,0,0.04833655577038469,285.48,0,0,1.8082191780821917,0,16,2,0,0,0
T102053,CUST2060,2023-11-23 05:36:00,233.06,Fashion,Debit Card,Mobile,Pune,0,115,351.53,1110,0,0,0.6629875117344182,118.46999999999997,0,0,3.041095890410959,0,5,3,0,0,0
T102054,CUST5117,2024-01-18 06:12:00,151.76,Electronics,Debit Card,Desktop,Kolkata,0,92,431.28,989,0,0,0.35188276757558895,279.52,0,0,2.7095890410958905,0,6,3,0,0,0
T102055,CUST4578,2023-04-08 10:16:00,88.46,Utilities,Debit Card,Mobile,Delhi,1,156,369.61,989,0,1,0.23933335137036332,281.15000000000003,0,0,2.7095890410958905,0,10,5,0,1,1
T102056,CUST6379,2024-01-30 13:26:00,49.64,Food,NetBanking,Desktop,Delhi,0,21,401.42,1241,0,0,0.12366100343779582,351.78000000000003,0,0,3.4,0,13,1,0,0,0
T102057,CUST4556,2023-02-01 16:11:00,42.45,Entertainment,Debit Card,POS,Pune,0,8,457.34,1105,0,0,0.09281934665675429,414.89,0,0,3.0273972602739727,0,16,2,0,0,0
T102058,CUST6984,2024-01-28 12:05:00,84.21,Utilities,Debit Card,Desktop,Mumbai,0,36,302.91,1125,0,0,0.2780033673368327,218.70000000000005,0,0,3.0821917808219177,0,12,6,0,1,0
T102059,CUST2525,2023-11-02 23:28:00,63.07,Food,NetBanking,Mobile,Bengaluru,0,124,424.68,782,0,0,0.14851182066497126,361.61,0,0,2.1424657534246574,0,23,3,0,0,0
T102060,CUST1037,2023-03-25 11:38:00,5.14,Grocery,UPI,POS,Delhi,0,9,123.62,353,0,0,0.041579032519009865,118.48,0,0,0.9671232876712329,0,11,5,0,1,0
T102061,CUST5290,2023-11-07 11:22:00,57.48,Fashion,Credit Card,Desktop,Delhi,0,40,409.22,1665,0,0,0.14046234299398855,351.74,0,0,4.561643835616438,0,11,1,0,0,0
T102062,CUST6869,2023-04-30 07:15:00,131.36,Travel,NetBanking,Desktop,Pune,0,179,118.63,1391,0,0,1.1073084380005058,12.730000000000018,0,0,3.8109589041095893,0,7,6,0,1,0
T102063,CUST2384,2023-10-24 00:18:00,49.18,Utilities,NetBanking,POS,Kolkata,0,129,467.97,184,0,0,0.10509220676539094,418.79,0,0,0.5041095890410959,0,0,1,1,0,1
T102064,CUST7343,2023-05-13 10:28:00,4.27,Food,Debit Card,Mobile,Pune,0,191,171.69,88,0,0,0.02487040596423787,167.42,0,0,0.2410958904109589,0,10,5,0,1,0
T102065,CUST6347,2024-02-01 00:27:00,123.45,Entertainment,Debit Card,POS,Bengaluru,1,117,94.2,1328,0,0,1.3105095541401275,29.25,0,0,3.638356164383562,0,0,3,1,0,2
T102066,CUST7353,2023-09-04 07:25:00,17.99,Fashion,Credit Card,Mobile,Bengaluru,0,68,82.6,1824,0,0,0.21779661016949153,64.61,0,0,4.997260273972603,0,7,0,0,0,0
T102067,CUST9854,2023-07-22 12:18:00,23.94,Electronics,Debit Card,Desktop,Chennai,1,154,101.76,230,0,0,0.23525943396226415,77.82000000000001,0,0,0.6301369863013698,0,12,5,0,1,1
T102068,CUST7621,2023-07-08 11:14:00,14.4,Entertainment,PayPal,Desktop,Pune,0,168,229.29,324,0,0,0.0628025644380479,214.89,0,0,0.8876712328767123,0,11,5,0,1,0
T102069,CUST6106,2024-02-08 16:35:00,32.06,Grocery,Debit Card,POS,Delhi,0,3,265.85,1375,0,0,0.12059432010532255,233.79000000000002,0,0,3.767123287671233,1,16,3,0,0,0
T102070,CUST7527,2024-01-01 23:00:00,113.09,Health,Debit Card,Desktop,Kolkata,0,108,457.76,1382,0,0,0.2470508563439357,344.66999999999996,0,0,3.786301369863014,0,23,0,0,0,0
T102071,CUST3077,2023-03-05 11:38:00,58.62,Utilities,PayPal,POS,Kolkata,0,122,196.7,1443,0,0,0.2980172852058973,138.07999999999998,0,0,3.9534246575342467,0,11,6,0,1,0
T102072,CUST2970,2023-09-25 02:15:00,18.34,Electronics,Credit Card,Desktop,Hyderabad,0,9,116.57,1027,0,0,0.15733035944067944,98.22999999999999,0,0,2.813698630136986,0,2,0,1,0,1
T102073,CUST6471,2023-10-29 03:36:00,168.19,Food,PayPal,Desktop,Hyderabad,0,160,374.47,1337,0,0,0.4491414532539322,206.28000000000003,0,0,3.663013698630137,0,3,6,1,1,1
T102074,CUST2926,2023-05-08 21:42:00,169.34,Utilities,NetBanking,Mobile,Mumbai,0,195,75.98,1229,0,0,2.228744406422743,93.36,0,0,3.367123287671233,0,21,0,0,0,0
T102075,CUST2182,2023-01-19 00:10:00,163.57,Food,PayPal,POS,Delhi,0,4,447.22,639,0,0,0.3657484012342918,283.65000000000003,0,0,1.7506849315068493,1,0,3,1,0,1
T102076,CUST7728,2023-01-13 11:59:00,21.83,Electronics,UPI,POS,Hyderabad,0,6,210.61,378,0,0,0.10365129860880298,188.78000000000003,0,0,1.0356164383561643,0,11,4,0,0,0
T102077,CUST3900,2023-01-30 05:00:00,48.01,Food,NetBanking,Desktop,Kolkata,0,73,310.78,1485,0,0,0.15448227041637172,262.77,0,0,4.068493150684931,0,5,0,0,0,0
T102078,CUST3883,2023-11-10 09:27:00,335.92,Entertainment,Debit Card,Mobile,Delhi,0,26,101.23,992,0,0,3.3183838782969475,234.69,1,0,2.717808219178082,0,9,4,0,0,1
T102079,CUST4526,2024-01-01 06:34:00,118.28,Fashion,NetBanking,Mobile,Pune,0,130,81.31,1747,0,0,1.4546796212028041,36.97,0,0,4.786301369863014,0,6,0,0,0,0
T102080,CUST3478,2023-06-17 21:23:00,2.2,Food,Credit Card,POS,Delhi,0,194,401.43,411,1,0,0.005480407543033655,399.23,0,0,1.126027397260274,0,21,5,0,1,1
T102081,CUST5194,2023-12-28 14:12:00,5.39,Grocery,Credit Card,POS,Hyderabad,0,114,220.55,1325,0,0,0.024438902743142144,215.16000000000003,0,0,3.6301369863013697,0,14,3,0,0,0
T102082,CUST5564,2023-07-09 12:01:00,49.88,Fashion,PayPal,Desktop,Kolkata,0,85,493.5,521,0,0,0.10107396149949342,443.62,0,0,1.4273972602739726,0,12,6,0,1,0
T102083,CUST7040,2023-01-06 22:54:00,191.95,Entertainment,NetBanking,POS,Delhi,0,86,266.91,1600,0,0,0.7191562699037127,74.96000000000004,0,0,4.383561643835616,0,22,4,0,0,0
T102084,CUST3633,2023-08-07 09:48:00,61.9,Utilities,Debit Card,Desktop,Bengaluru,0,131,424.37,360,1,0,0.14586327968518037,362.47,0,0,0.9863013698630136,0,9,0,0,0,1
T102085,CUST2539,2023-07-13 03:40:00,55.1,Travel,Credit Card,Mobile,Mumbai,0,35,490.18,904,0,0,0.11240768697213269,435.08,0,0,2.4767123287671233,0,3,3,1,0,1
T102086,CUST4530,2024-02-08 22:05:00,8.92,Utilities,Debit Card,POS,Chennai,0,114,147.76,1652,0,0,0.060368164591229026,138.84,0,0,4.526027397260274,0,22,3,0,0,0
T102087,CUST3346,2023-09-18 22:03:00,85.55,Food,UPI,Mobile,Kolkata,0,59,402.43,187,1,0,0.21258355490395844,316.88,0,0,0.5123287671232877,0,22,0,0,0,1
T102088,CUST1266,2023-05-10 22:17:00,138.12,Food,Credit Card,Mobile,Hyderabad,0,38,20.78,461,0,0,6.646775745909529,117.34,1,0,1.263013698630137,0,22,2,0,0,1
T102089,CUST9174,2023-03-06 21:24:00,38.3,Grocery,PayPal,Desktop,Pune,0,33,343.08,1378,0,0,0.11163577008277953,304.78,0,0,3.7753424657534245,0,21,0,0,0,0
T102090,CUST6241,2024-02-18 14:52:00,119.55,Entertainment,UPI,Mobile,Chennai,0,121,375.15,1169,0,0,0.31867253098760495,255.59999999999997,0,0,3.202739726027397,0,14,6,0,1,0
T102091,CUST6285,2023-04-20 04:43:00,267.01,Grocery,NetBanking,Desktop,Mumbai,0,143,243.91,1573,0,1,1.0947070640810135,23.099999999999994,0,0,4.30958904109589,0,4,3,1,0,1
T102092,CUST8038,2023-10-17 09:02:00,18.23,Health,Debit Card,Desktop,Kolkata,0,100,89.43,648,0,0,0.20384658392038466,71.2,0,0,1.7753424657534247,0,9,1,0,0,0
T102093,CUST2031,2023-12-11 02:46:00,59.27,Entertainment,Credit Card,Mobile,Kolkata,0,142,312.19,648,0,0,0.18985233351484673,252.92,0,0,1.7753424657534247,0,2,0,1,0,1
T102094,CUST8712,2023-01-26 18:11:00,27.08,Electronics,UPI,Mobile,Bengaluru,1,194,449.79,655,0,0,0.06020587385224215,422.71000000000004,0,0,1.7945205479452055,0,18,3,0,0,1
T102095,CUST3956,2023-02-28 05:56:00,125.95,Electronics,UPI,Desktop,Bengaluru,0,45,466.35,464,0,0,0.27007612308352097,340.40000000000003,0,0,1.2712328767123289,0,5,1,0,0,0
T102096,CUST6946,2023-10-31 15:34:00,68.94,Electronics,Credit Card,Desktop,Bengaluru,0,48,375.59,1575,0,0,0.18355121275859315,306.65,0,0,4.315068493150685,0,15,1,0,0,0
T102097,CUST4152,2023-08-23 13:15:00,80.54,Grocery,NetBanking,Mobile,Bengaluru,0,172,139.22,825,0,0,0.578508834937509,58.67999999999999,0,0,2.26027397260274,0,13,2,0,0,0
T102098,CUST1034,2024-02-09 04:09:00,127.93,Electronics,NetBanking,Desktop,Hyderabad,0,118,436.46,961,1,1,0.29310818860834903,308.53,0,0,2.632876712328767,0,4,4,1,0,2
T102099,CUST7034,2023-11-26 17:30:00,40.33,Entertainment,PayPal,Desktop,Kolkata,0,165,445.52,601,0,0,0.09052343329143472,405.19,0,0,1.6465753424657534,0,17,6,0,1,0
T102100,CUST9515,2023-03-27 16:07:00,197.29,Electronics,NetBanking,POS,Hyderabad,0,29,189.95,295,0,0,1.0386417478283758,7.340000000000003,0,0,0.8082191780821918,0,16,0,0,0,0
T102101,CUST1560,2023-10-29 10:00:00,60.92,Travel,PayPal,POS,Delhi,0,84,99.66,1451,0,0,0.6112783463776842,38.739999999999995,0,0,3.9753424657534246,0,10,6,0,1,0
T102102,CUST4378,2023-01-15 10:32:00,13.75,Electronics,UPI,POS,Pune,0,162,438.58,131,0,0,0.031351178804323046,424.83,0,0,0.3589041095890411,0,10,6,0,1,0
T102103,CUST5125,2023-07-15 13:56:00,95.23,Food,Credit Card,POS,Delhi,0,187,443.7,1116,0,0,0.21462700022537753,348.46999999999997,0,0,3.0575342465753423,0,13,5,0,1,0
T102104,CUST4258,2023-03-05 22:34:00,126.1,Health,NetBanking,POS,Pune,0,113,59.44,1026,0,0,2.1214670255720054,66.66,0,0,2.8109589041095893,0,22,6,0,1,0
T102105,CUST9722,2023-11-23 11:14:00,30.47,Grocery,PayPal,Desktop,Mumbai,1,117,483.82,1740,0,0,0.06297796701252532,453.35,0,0,4.767123287671233,0,11,3,0,0,1
T102106,CUST5863,2024-01-13 15:55:00,155.69,Fashion,UPI,Desktop,Delhi,0,43,271.21,738,0,0,0.5740570037977951,115.51999999999998,0,0,2.021917808219178,0,15,5,0,1,0
T102107,CUST2317,2023-07-31 05:30:00,189.28,Health,NetBanking,POS,Mumbai,0,161,496.93,1044,0,0,0.380898718129314,307.65,0,0,2.8602739726027395,0,5,0,0,0,0
T102108,CUST9691,2023-02-23 15:59:00,25.94,Travel,Debit Card,Mobile,Mumbai,0,19,228.05,853,0,0,0.11374698531023898,202.11,0,0,2.336986301369863,0,15,3,0,0,0
T102109,CUST2194,2023-03-21 22:59:00,328.46,Grocery,UPI,POS,Mumbai,0,8,271.31,1955,0,0,1.2106446500313295,57.14999999999998,0,0,5.3561643835616435,0,22,1,0,0,0
T102110,CUST9461,2023-03-07 23:28:00,12.13,Entertainment,NetBanking,Mobile,Bengaluru,0,159,140.38,1564,0,0,0.08640832027354325,128.25,0,0,4.284931506849315,0,23,1,0,0,0
T102111,CUST3362,2023-05-22 11:58:00,18.05,Utilities,UPI,Desktop,Chennai,1,11,450.48,251,0,1,0.04006837151482863,432.43,0,0,0.6876712328767123,0,11,0,0,0,1
T102112,CUST7944,2024-01-18 02:53:00,16.29,Grocery,Credit Card,Mobile,Chennai,0,8,227.42,944,0,0,0.07162958402954885,211.13,0,0,2.5863013698630137,0,2,3,1,0,1
T102113,CUST6424,2023-10-24 02:06:00,179.54,Food,Credit Card,Desktop,Hyderabad,0,153,409.16,465,0,0,0.4388014468667513,229.62000000000003,0,0,1.273972602739726,0,2,1,1,0,1
T102114,CUST9306,2023-11-20 19:26:00,84.97,Entertainment,Credit Card,Mobile,Mumbai,0,113,49.07,1243,0,0,1.7316079070715304,35.9,0,0,3.4054794520547946,0,19,0,0,0,0
T102115,CUST3735,2024-01-01 23:07:00,13.2,Health,Debit Card,Desktop,Bengaluru,0,148,396.24,669,0,0,0.033313143549364016,383.04,0,0,1.832876712328767,0,23,0,0,0,0
T102116,CUST2080,2023-07-13 06:32:00,46.43,Health,Credit Card,Desktop,Delhi,1,38,250.22,974,0,1,0.1855567100951163,203.79,0,0,2.6684931506849314,0,6,3,0,0,1
T102117,CUST7872,2023-03-19 05:29:00,76.42,Electronics,Debit Card,POS,Delhi,0,135,12.65,363,0,0,6.041106719367589,63.77,1,0,0.9945205479452055,0,5,6,0,1,1
T102118,CUST2888,2024-02-05 17:48:00,6.97,Entertainment,Credit Card,Desktop,Hyderabad,0,117,120.87,936,0,0,0.057665260196905765,113.9,0,0,2.5643835616438357,0,17,0,0,0,0
T102119,CUST3928,2024-01-09 05:50:00,171.25,Utilities,UPI,POS,Hyderabad,0,167,104.93,1611,1,0,1.632040407890975,66.32,0,0,4.413698630136986,0,5,1,0,0,1
T102120,CUST8928,2023-08-25 11:37:00,130.21,Food,NetBanking,POS,Mumbai,0,74,378.36,1634,0,0,0.34414314409557034,248.15,0,0,4.476712328767123,0,11,4,0,0,0
T102121,CUST5723,2023-03-28 04:09:00,56.29,Electronics,NetBanking,POS,Mumbai,0,72,243.83,1354,0,0,0.2308575646967149,187.54000000000002,0,0,3.7095890410958905,0,4,1,1,0,1
T102122,CUST8594,2023-04-29 02:42:00,273.21,Electronics,Credit Card,Mobile,Delhi,1,106,88.26,380,0,0,3.095513256288239,184.95,1,0,1.0410958904109588,0,2,5,1,1,3
T102123,CUST1242,2023-06-11 00:30:00,43.27,Utilities,NetBanking,Mobile,Delhi,0,118,135.83,1929,0,0,0.3185599646617095,92.56,0,0,5.284931506849315,0,0,6,1,1,1
T102124,CUST7634,2024-01-22 20:08:00,331.37,Grocery,Credit Card,Desktop,Delhi,0,20,257.0,599,0,0,1.289377431906615,74.37,0,0,1.641095890410959,0,20,0,0,0,0
T102125,CUST5990,2023-06-28 11:43:00,88.19,Health,Credit Card,POS,Delhi,0,11,19.62,1981,0,0,4.494903160040774,68.57,1,0,5.427397260273972,0,11,2,0,0,1
T102126,CUST3666,2023-07-26 12:17:00,80.56,Electronics,PayPal,POS,Chennai,0,144,217.82,757,0,0,0.36984666238178315,137.26,0,0,2.073972602739726,0,12,2,0,0,0
T102127,CUST4715,2023-04-25 09:36:00,14.52,Travel,PayPal,Desktop,Mumbai,1,42,342.25,144,0,0,0.04242512783053323,327.73,0,0,0.39452054794520547,0,9,1,0,0,1
T102128,CUST5085,2024-02-07 22:36:00,170.92,Travel,PayPal,POS,Mumbai,0,90,263.7,1575,0,0,0.6481607887751232,92.78,0,0,4.315068493150685,0,22,2,0,0,0
T102129,CUST8830,2023-04-15 23:09:00,44.62,Health,Debit Card,Desktop,Delhi,0,52,303.07,938,0,0,0.14722671330055762,258.45,0,0,2.56986301369863,0,23,5,0,1,0
T102130,CUST9486,2023-10-11 16:34:00,14.16,Travel,PayPal,POS,Bengaluru,0,165,170.04,396,0,0,0.08327452364149612,155.88,0,0,1.084931506849315,0,16,2,0,0,0
T102131,CUST7574,2023-11-25 01:45:00,1.02,Utilities,Credit Card,Mobile,Delhi,0,52,99.71,1322,0,0,0.010229666031491325,98.69,0,0,3.621917808219178,0,1,5,1,1,1
T102132,CUST7545,2023-05-16 06:56:00,65.63,Grocery,UPI,Desktop,Pune,0,137,406.77,833,0,0,0.16134424859257074,341.14,0,0,2.282191780821918,0,6,1,0,0,0
T102133,CUST3915,2023-10-29 00:58:00,59.96,Food,PayPal,Desktop,Kolkata,0,163,453.76,1139,0,1,0.13214033850493653,393.8,0,0,3.1205479452054794,0,0,6,1,1,1
T102134,CUST8614,2023-03-02 12:31:00,101.65,Fashion,PayPal,Mobile,Kolkata,1,195,260.26,925,0,1,0.39057096749404446,158.60999999999999,0,0,2.5342465753424657,0,12,3,0,0,1
T102135,CUST8748,2023-12-01 06:32:00,176.77,Electronics,UPI,Desktop,Hyderabad,0,95,159.47,998,0,0,1.1084843544240297,17.30000000000001,0,0,2.734246575342466,0,6,4,0,0,0
T102136,CUST8731,2023-03-26 15:10:00,6.62,Fashion,Credit Card,Mobile,Pune,0,135,260.49,407,0,0,0.025413643517985335,253.87,0,0,1.115068493150685,0,15,6,0,1,0
T102137,CUST8219,2023-01-29 22:21:00,105.19,Food,Debit Card,POS,Bengaluru,0,2,440.7,1200,0,0,0.23868845019287496,335.51,0,0,3.287671232876712,1,22,6,0,1,0
T102138,CUST2377,2023-09-06 08:53:00,16.6,Food,PayPal,Mobile,Hyderabad,0,25,348.79,1041,0,0,0.04759310760056194,332.19,0,0,2.852054794520548,0,8,2,0,0,0
T102139,CUST8329,2024-02-15 07:40:00,156.25,Utilities,UPI,Mobile,Kolkata,0,76,430.72,147,1,0,0.36276467310549776,274.47,0,0,0.40273972602739727,0,7,3,0,0,1
T102140,CUST7074,2023-11-09 08:23:00,136.77,Grocery,Credit Card,Desktop,Bengaluru,0,94,170.91,1043,0,0,0.8002457433737056,34.139999999999986,0,0,2.8575342465753426,0,8,3,0,0,0
T102141,CUST2674,2023-11-29 15:19:00,62.26,Travel,NetBanking,POS,Hyderabad,0,94,358.87,1188,0,0,0.17348900716136761,296.61,0,0,3.254794520547945,0,15,2,0,0,0
T102142,CUST5891,2023-08-08 00:52:00,99.1,Travel,Debit Card,Mobile,Delhi,0,41,329.99,556,0,0,0.30031213067062634,230.89000000000001,0,0,1.5232876712328767,0,0,1,1,0,1
T102143,CUST5987,2023-11-03 04:43:00,30.19,Utilities,UPI,POS,Delhi,0,180,290.09,1902,0,0,0.10407115033265539,259.9,0,0,5.210958904109589,0,4,4,1,0,1
T102144,CUST1760,2023-06-17 15:09:00,50.97,Food,UPI,Mobile,Bengaluru,0,87,268.83,843,0,0,0.1895993750697467,217.85999999999999,0,0,2.3095890410958906,0,15,5,0,1,0
T102145,CUST2798,2023-06-28 02:22:00,137.91,Grocery,UPI,Desktop,Hyderabad,0,81,279.98,235,0,0,0.49257089792128006,142.07000000000002,0,0,0.6438356164383562,0,2,2,1,0,1
T102146,CUST4927,2023-11-30 02:26:00,49.19,Grocery,PayPal,Mobile,Chennai,0,193,426.34,1286,0,0,0.1153773983205892,377.15,0,0,3.5232876712328767,0,2,3,1,0,1
T102147,CUST8047,2023-08-20 22:02:00,35.43,Health,NetBanking,Mobile,Bengaluru,0,124,458.84,845,0,0,0.07721645889634732,423.40999999999997,0,0,2.315068493150685,0,22,6,0,1,0
T102148,CUST7587,2023-10-23 03:27:00,54.53,Entertainment,Debit Card,POS,Bengaluru,0,77,65.3,95,0,1,0.8350689127105667,10.769999999999996,0,0,0.2602739726027397,0,3,0,1,0,1
T102149,CUST8644,2023-11-28 05:50:00,140.94,Electronics,Credit Card,Mobile,Pune,0,38,288.7,33,0,0,0.48818843089712505,147.76,0,0,0.09041095890410959,0,5,1,0,0,0
T102150,CUST5470,2023-03-23 17:44:00,32.66,Utilities,Credit Card,Desktop,Mumbai,0,195,460.02,32,0,0,0.07099691317768793,427.36,0,0,0.08767123287671233,0,17,3,0,0,0
T102151,CUST4184,2023-09-17 22:59:00,15.27,Entertainment,NetBanking,Desktop,Bengaluru,0,42,76.02,1312,0,0,0.20086819258089977,60.75,0,0,3.5945205479452054,0,22,6,0,1,0
T102152,CUST6165,2024-01-18 06:00:00,99.59,Utilities,UPI,Mobile,Chennai,1,199,212.3,1768,0,0,0.46910032972209137,112.71000000000001,0,0,4.843835616438356,0,6,3,0,0,1
T102153,CUST5666,2023-02-08 17:22:00,139.89,Travel,UPI,Mobile,Delhi,0,182,53.65,354,0,0,2.6074557315936624,86.23999999999998,0,0,0.9698630136986301,0,17,2,0,0,0
T102154,CUST9668,2023-07-18 04:27:00,8.49,Food,UPI,POS,Hyderabad,0,195,65.6,1293,0,1,0.12942073170731708,57.10999999999999,0,0,3.5424657534246577,0,4,1,1,0,1
T102155,CUST2892,2023-07-20 06:53:00,21.94,Utilities,UPI,POS,Mumbai,1,78,453.01,634,0,0,0.0484316019513918,431.07,0,0,1.736986301369863,0,6,3,0,0,1
T102156,CUST9089,2023-06-14 03:20:00,12.25,Utilities,UPI,Desktop,Hyderabad,0,64,228.63,825,1,1,0.05358002011984429,216.38,0,0,2.26027397260274,0,3,2,1,0,2
T102157,CUST7962,2024-01-14 03:50:00,34.21,Health,NetBanking,POS,Delhi,1,132,347.48,564,0,0,0.09845170945090365,313.27000000000004,0,0,1.5452054794520549,0,3,6,1,1,2
T102158,CUST4225,2023-12-19 22:42:00,47.88,Fashion,PayPal,Mobile,Bengaluru,0,159,78.07,1851,0,0,0.6132957602151916,30.18999999999999,0,0,5.071232876712329,0,22,1,0,0,0
T102159,CUST3973,2023-08-10 17:13:00,110.53,Travel,Debit Card,Desktop,Pune,0,125,20.75,1371,0,0,5.3267469879518075,89.78,1,0,3.756164383561644,0,17,3,0,0,1
T102160,CUST8777,2023-09-27 13:55:00,84.25,Electronics,UPI,POS,Chennai,0,141,446.34,628,0,0,0.18875744947797643,362.09,0,0,1.7205479452054795,0,13,2,0,0,0
T102161,CUST1769,2023-10-15 20:17:00,77.6,Grocery,PayPal,Desktop,Mumbai,0,27,291.53,1104,0,0,0.26618186807532673,213.92999999999998,0,0,3.0246575342465754,0,20,6,0,1,0
T102162,CUST5287,2023-02-28 21:20:00,34.76,Food,Credit Card,Mobile,Chennai,0,59,19.79,1862,0,0,1.7564426478019202,14.969999999999999,0,0,5.101369863013699,0,21,1,0,0,0
T102163,CUST4348,2023-07-10 10:33:00,147.33,Travel,NetBanking,POS,Kolkata,0,65,496.25,1523,0,0,0.29688664987405544,348.91999999999996,0,0,4.1726027397260275,0,10,0,0,0,0
T102164,CUST6175,2023-04-10 07:17:00,50.98,Fashion,PayPal,Mobile,Chennai,0,192,251.17,861,0,0,0.20297009993231677,200.19,0,0,2.3589041095890413,0,7,0,0,0,0
T102165,CUST4952,2023-06-06 06:05:00,309.46,Utilities,UPI,Mobile,Chennai,0,25,243.18,1096,1,0,1.2725553088247388,66.27999999999997,0,0,3.0027397260273974,0,6,1,0,0,1
T102166,CUST7925,2023-10-17 17:30:00,80.44,Electronics,UPI,Desktop,Chennai,0,37,314.25,1257,0,0,0.25597454256165475,233.81,0,0,3.4438356164383563,0,17,1,0,0,0
T102167,CUST3930,2023-05-16 03:06:00,10.8,Utilities,UPI,Desktop,Delhi,0,124,13.87,376,0,0,0.7786589762076425,3.0699999999999985,0,0,1.0301369863013699,0,3,1,1,0,1
T102168,CUST9649,2023-05-28 06:42:00,90.2,Electronics,PayPal,Desktop,Chennai,0,71,288.88,1111,0,0,0.3122403766269731,198.68,0,0,3.043835616438356,0,6,6,0,1,0
T102169,CUST5698,2023-04-01 22:59:00,31.46,Health,UPI,POS,Pune,0,142,318.45,88,0,0,0.09879101899827289,286.99,0,0,0.2410958904109589,0,22,5,0,1,0
T102170,CUST7031,2023-08-06 19:50:00,92.75,Utilities,PayPal,POS,Chennai,0,94,155.51,709,0,0,0.5964246672239728,62.75999999999999,0,0,1.9424657534246574,0,19,6,0,1,0
T102171,CUST3108,2023-05-16 21:09:00,5.77,Travel,UPI,Desktop,Delhi,0,152,366.16,1739,0,0,0.015758138518680357,360.39000000000004,0,0,4.764383561643836,0,21,1,0,0,0
T102172,CUST2741,2023-01-27 12:45:00,15.38,Fashion,Credit Card,POS,Hyderabad,0,67,194.94,540,0,0,0.07889607058582128,179.56,0,0,1.4794520547945205,0,12,4,0,0,0
T102173,CUST1193,2023-11-21 08:26:00,154.89,Electronics,Credit Card,POS,Delhi,0,176,361.71,1371,0,0,0.4282159741229161,206.82,0,0,3.756164383561644,0,8,1,0,0,0
T102174,CUST3916,2023-04-06 20:10:00,20.62,Food,Debit Card,Desktop,Kolkata,1,103,80.47,1486,0,0,0.25624456319125144,59.849999999999994,0,0,4.071232876712329,0,20,3,0,0,1
T102175,CUST7306,2023-08-28 12:10:00,145.14,Electronics,UPI,Mobile,Kolkata,0,91,457.71,1425,0,0,0.31710034738152976,312.57,0,0,3.904109589041096,0,12,0,0,0,0
T102176,CUST3386,2023-10-13 06:41:00,26.2,Fashion,UPI,POS,Pune,0,193,440.93,236,0,0,0.05941986256321865,414.73,0,0,0.6465753424657534,0,6,4,0,0,0
T102177,CUST3110,2023-04-17 02:33:00,82.38,Grocery,PayPal,POS,Pune,0,166,83.81,140,0,0,0.9829375969454718,1.4300000000000068,0,0,0.3835616438356164,0,2,0,1,0,1
T102178,CUST9585,2023-11-03 03:40:00,94.77,Grocery,PayPal,Mobile,Bengaluru,0,90,469.84,52,0,0,0.2017069640728759,375.07,0,0,0.14246575342465753,0,3,4,1,0,1
T102179,CUST8462,2023-09-02 22:01:00,57.5,Health,UPI,Mobile,Delhi,0,70,283.31,1481,0,0,0.20295789064981823,225.81,0,0,4.057534246575343,0,22,5,0,1,0
T102180,CUST5506,2023-07-19 08:28:00,29.14,Travel,Debit Card,Mobile,Hyderabad,1,59,353.81,1798,0,0,0.08236058901670389,324.67,0,0,4.926027397260274,0,8,2,0,0,1
T102181,CUST5694,2023-02-17 17:15:00,19.13,Fashion,UPI,Desktop,Bengaluru,0,12,421.74,1993,0,0,0.04535970028927775,402.61,0,0,5.46027397260274,0,17,4,0,0,0
T102182,CUST3056,2023-08-03 13:34:00,2.7,Health,PayPal,Mobile,Bengaluru,0,182,50.95,816,0,0,0.05299313052011776,48.25,0,0,2.2356164383561645,0,13,3,0,0,0
T102183,CUST5112,2023-09-18 02:20:00,28.99,Entertainment,UPI,Desktop,Mumbai,0,51,92.95,1737,0,0,0.3118881118881119,63.96000000000001,0,0,4.758904109589041,0,2,0,1,0,1
T102184,CUST7493,2023-01-20 08:24:00,84.71,Electronics,PayPal,Mobile,Chennai,0,166,152.29,1064,0,0,0.5562413815746273,67.58,0,0,2.915068493150685,0,8,4,0,0,0
T102185,CUST8018,2023-04-04 19:45:00,222.84,Entertainment,UPI,Mobile,Bengaluru,0,174,243.83,601,0,0,0.9139154328835664,20.99000000000001,0,0,1.6465753424657534,0,19,1,0,0,0
T102186,CUST2719,2023-02-25 02:04:00,163.96,Electronics,NetBanking,Desktop,Bengaluru,0,10,179.57,1987,0,0,0.9130701119340648,15.609999999999985,0,0,5.443835616438356,0,2,5,1,1,1
T102187,CUST1029,2023-11-16 04:29:00,116.22,Grocery,PayPal,Desktop,Pune,0,9,257.86,1797,0,1,0.4507096874272861,141.64000000000001,0,0,4.923287671232877,0,4,3,1,0,1
T102188,CUST8005,2023-01-05 19:51:00,124.26,Health,Debit Card,Mobile,Hyderabad,0,87,101.1,776,0,0,1.229080118694362,23.16000000000001,0,0,2.126027397260274,0,19,3,0,0,0
T102189,CUST8529,2023-10-16 12:27:00,87.49,Grocery,NetBanking,Mobile,Bengaluru,0,94,344.26,544,1,0,0.2541393133097078,256.77,0,0,1.4904109589041097,0,12,0,0,0,1
T102190,CUST8127,2023-01-14 20:32:00,24.12,Food,UPI,Mobile,Kolkata,0,52,37.31,173,0,0,0.6464754757437684,13.190000000000001,0,0,0.473972602739726,0,20,5,0,1,0
T102191,CUST4601,2023-11-10 01:33:00,190.18,Entertainment,PayPal,POS,Hyderabad,0,179,187.11,1021,0,0,1.0164074608519054,3.069999999999993,0,0,2.797260273972603,0,1,4,1,0,1
T102192,CUST7584,2023-08-29 11:38:00,88.87,Entertainment,NetBanking,Mobile,Chennai,0,22,97.73,1795,0,0,0.9093420648726083,8.86,0,0,4.917808219178082,0,11,1,0,0,0
T102193,CUST3938,2023-09-21 05:59:00,65.76,Grocery,Debit Card,Desktop,Kolkata,0,73,367.67,1574,0,0,0.17885603938314248,301.91,0,0,4.3123287671232875,0,5,3,0,0,0
T102194,CUST6047,2023-12-13 23:58:00,9.41,Food,PayPal,POS,Pune,0,83,442.99,838,0,0,0.021242014492426464,433.58,0,0,2.2958904109589042,0,23,2,0,0,0
T102195,CUST8931,2023-12-22 14:16:00,47.4,Electronics,NetBanking,Desktop,Kolkata,0,72,48.61,323,0,0,0.9751080024686278,1.2100000000000009,0,0,0.8849315068493151,0,14,4,0,0,0
T102196,CUST6596,2023-05-28 02:00:00,49.35,Health,NetBanking,POS,Mumbai,0,118,394.67,354,0,0,0.12504117363873615,345.32,0,0,0.9698630136986301,0,2,6,1,1,1
T102197,CUST7492,2024-02-09 08:50:00,159.94,Food,NetBanking,POS,Mumbai,0,68,448.9,222,0,0,0.3562931610603698,288.96,0,0,0.6082191780821918,0,8,4,0,0,0
T102198,CUST5593,2023-11-09 02:50:00,63.29,Health,Credit Card,Desktop,Chennai,0,5,487.25,1344,0,0,0.12989225243714725,423.96,0,0,3.682191780821918,0,2,3,1,0,1
T102199,CUST5661,2023-05-12 18:16:00,38.29,Entertainment,UPI,POS,Chennai,0,83,293.9,1692,0,0,0.13028240898264717,255.60999999999999,0,0,4.635616438356164,0,18,4,0,0,0
T102200,CUST6245,2023-07-10 15:51:00,301.09,Health,PayPal,Desktop,Kolkata,0,121,170.42,1472,0,0,1.7667527285529867,130.67,0,0,4.032876712328767,0,15,0,0,0,0
T102201,CUST9967,2023-05-10 16:16:00,9.39,Entertainment,PayPal,Mobile,Pune,0,157,167.77,489,0,0,0.05596948202896823,158.38,0,0,1.3397260273972602,0,16,2,0,0,0
T102202,CUST1257,2023-10-28 13:08:00,43.93,Food,PayPal,POS,Pune,0,6,195.7,1101,0,0,0.2244762391415432,151.76999999999998,0,0,3.0164383561643837,0,13,5,0,1,0
T102203,CUST2240,2023-03-17 15:35:00,3.43,Entertainment,NetBanking,Desktop,Delhi,0,69,310.21,1160,0,0,0.01105702588569034,306.78,0,0,3.1780821917808217,0,15,4,0,0,0
T102204,CUST4910,2023-10-01 00:15:00,107.74,Utilities,UPI,POS,Bengaluru,0,58,250.21,1317,0,0,0.43059829743015865,142.47000000000003,0,0,3.6082191780821917,0,0,6,1,1,1
T102205,CUST1177,2023-08-31 10:43:00,200.16,Travel,Debit Card,Desktop,Bengaluru,0,43,330.28,1306,1,0,0.6060312462153324,130.11999999999998,0,0,3.578082191780822,0,10,3,0,0,1
T102206,CUST7756,2023-08-24 09:31:00,26.28,Entertainment,PayPal,Mobile,Bengaluru,0,197,29.26,1592,0,0,0.8981544771018455,2.9800000000000004,0,0,4.361643835616438,0,9,3,0,0,0
T102207,CUST1612,2023-04-26 20:38:00,156.35,Grocery,UPI,Mobile,Hyderabad,0,72,61.88,1574,0,0,2.5266645119586295,94.47,0,0,4.3123287671232875,0,20,2,0,0,0
T102208,CUST1827,2023-06-07 19:44:00,27.65,Food,UPI,POS,Delhi,0,91,488.5,1785,0,0,0.05660184237461617,460.85,0,0,4.890410958904109,0,19,2,0,0,0
T102209,CUST2963,2023-08-23 23:16:00,193.32,Utilities,Credit Card,POS,Kolkata,0,37,497.74,1211,0,0,0.3883955478764013,304.42,0,0,3.317808219178082,0,23,2,0,0,0
T102210,CUST9322,2023-09-21 01:11:00,112.18,Electronics,PayPal,Desktop,Bengaluru,0,58,375.86,555,0,0,0.2984621933698718,263.68,0,0,1.5205479452054795,0,1,3,1,0,1
T102211,CUST3479,2023-11-26 13:26:00,130.74,Health,NetBanking,Desktop,Hyderabad,0,127,135.63,948,0,0,0.9639460296394604,4.889999999999986,0,0,2.5972602739726027,0,13,6,0,1,0
T102212,CUST2550,2024-01-06 09:19:00,1.45,Utilities,UPI,POS,Hyderabad,0,37,477.16,58,0,0,0.003038812976779277,475.71000000000004,0,0,0.1589041095890411,0,9,5,0,1,0
T102213,CUST2313,2023-12-19 05:30:00,263.34,Fashion,UPI,Desktop,Mumbai,0,154,114.71,567,0,0,2.2957022055618514,148.63,0,0,1.5534246575342465,0,5,1,0,0,0
T102214,CUST4014,2024-02-06 20:49:00,103.77,Utilities,Debit Card,Desktop,Hyderabad,0,170,368.4,1779,0,0,0.2816775244299674,264.63,0,0,4.873972602739726,0,20,1,0,0,0
T102215,CUST8684,2023-11-12 10:12:00,29.08,Food,Credit Card,Desktop,Chennai,0,16,66.48,172,0,0,0.4374247894103489,37.400000000000006,0,0,0.4712328767123288,0,10,6,0,1,0
T102216,CUST3401,2023-11-04 16:36:00,141.47,Utilities,UPI,POS,Pune,0,150,327.96,656,0,0,0.431363580924503,186.48999999999998,0,0,1.7972602739726027,0,16,5,0,1,0
T102217,CUST4628,2023-09-08 09:01:00,26.45,Utilities,UPI,Mobile,Hyderabad,0,110,382.16,870,0,0,0.06921184844044379,355.71000000000004,0,0,2.3835616438356166,0,9,4,0,0,0
T102218,CUST7659,2023-06-07 13:13:00,164.93,Grocery,NetBanking,Mobile,Chennai,0,151,431.22,247,0,0,0.38247298362784654,266.29,0,0,0.6767123287671233,0,13,2,0,0,0
T102219,CUST8698,2023-07-02 09:04:00,9.55,Entertainment,NetBanking,Desktop,Chennai,0,175,369.81,622,0,0,0.02582407182066467,360.26,0,0,1.704109589041096,0,9,6,0,1,0
T102220,CUST2591,2023-10-05 16:12:00,97.31,Health,Debit Card,POS,Mumbai,1,195,462.51,742,0,0,0.21039545090916953,365.2,0,0,2.032876712328767,0,16,3,0,0,1
T102221,CUST4997,2023-11-12 08:43:00,62.24,Travel,Debit Card,Desktop,Kolkata,0,131,265.25,96,0,0,0.23464655984919888,203.01,0,0,0.26301369863013696,0,8,6,0,1,0
T102222,CUST2053,2023-02-02 10:43:00,8.12,Electronics,Debit Card,Mobile,Mumbai,0,12,341.94,790,0,0,0.023746856173597706,333.82,0,0,2.164383561643836,0,10,3,0,0,0
T102223,CUST8689,2023-08-05 19:53:00,22.15,Travel,NetBanking,Desktop,Hyderabad,1,23,191.08,173,0,1,0.11592003349382456,168.93,0,0,0.473972602739726,0,19,5,0,1,1
T102224,CUST1337,2023-03-05 17:13:00,1.0,Utilities,NetBanking,Mobile,Mumbai,0,111,15.09,1194,0,0,0.06626905235255136,14.09,0,0,3.271232876712329,0,17,6,0,1,0
T102225,CUST1889,2023-12-25 19:28:00,50.6,Fashion,Credit Card,POS,Mumbai,0,139,380.78,1399,0,0,0.132885130521561,330.17999999999995,0,0,3.8328767123287673,0,19,0,0,0,0
T102226,CUST1934,2023-09-30 22:11:00,28.68,Food,PayPal,Desktop,Kolkata,0,52,436.23,494,0,0,0.06574513444742452,407.55,0,0,1.3534246575342466,0,22,5,0,1,0
T102227,CUST9174,2024-02-17 03:53:00,72.98,Health,PayPal,POS,Pune,0,178,95.22,125,0,0,0.766435622768326,22.239999999999995,0,0,0.3424657534246575,0,3,5,1,1,1
T102228,CUST1416,2023-02-25 07:39:00,28.22,Food,Credit Card,Desktop,Bengaluru,0,185,24.03,437,0,0,1.1743653766125675,4.189999999999998,0,0,1.1972602739726028,0,7,5,0,1,0
T102229,CUST7213,2024-02-10 04:03:00,28.52,Grocery,PayPal,Desktop,Hyderabad,0,192,90.61,1171,1,0,0.3147555457455027,62.09,0,0,3.208219178082192,0,4,5,1,1,2
T102230,CUST7345,2023-07-20 18:34:00,108.75,Food,NetBanking,Desktop,Kolkata,0,127,448.69,1883,0,0,0.24237223918518352,339.94,0,0,5.158904109589041,0,18,3,0,0,0
T102231,CUST1732,2023-01-30 23:41:00,3.95,Electronics,PayPal,Desktop,Hyderabad,0,174,154.8,1750,0,0,0.025516795865633074,150.85000000000002,0,0,4.794520547945205,0,23,0,0,0,0
T102232,CUST8371,2023-10-15 04:30:00,186.56,Fashion,NetBanking,Desktop,Hyderabad,0,29,124.52,833,0,0,1.4982332155477032,62.040000000000006,0,0,2.282191780821918,0,4,6,1,1,1
T102233,CUST1609,2023-06-14 02:16:00,152.99,Travel,Credit Card,POS,Mumbai,0,121,17.15,1497,0,1,8.920699708454812,135.84,1,0,4.101369863013699,0,2,2,1,0,2
T102234,CUST5942,2023-03-15 17:57:00,88.16,Utilities,Debit Card,POS,Pune,0,198,155.56,786,0,0,0.5667266649524298,67.4,0,0,2.1534246575342464,0,17,2,0,0,0
T102235,CUST2874,2023-04-06 12:10:00,71.96,Utilities,Credit Card,Mobile,Mumbai,0,174,360.66,1433,0,0,0.19952309654522263,288.70000000000005,0,0,3.926027397260274,0,12,3,0,0,0
T102236,CUST3459,2023-04-10 20:07:00,178.27,Fashion,PayPal,Desktop,Chennai,1,144,479.95,742,0,1,0.3714345244296281,301.67999999999995,0,0,2.032876712328767,0,20,0,0,0,1
T102237,CUST8876,2023-02-21 17:55:00,16.4,Health,NetBanking,Mobile,Delhi,0,179,163.24,307,0,0,0.10046557216368536,146.84,0,0,0.8410958904109589,0,17,1,0,0,0
T102238,CUST5002,2023-07-25 21:23:00,6.58,Food,PayPal,POS,Delhi,0,101,127.94,390,0,0,0.05143035798030327,121.36,0,0,1.0684931506849316,0,21,1,0,0,0
T102239,CUST6288,2023-05-21 20:59:00,21.9,Health,PayPal,Mobile,Kolkata,0,11,445.15,1423,0,0,0.04919689992137482,423.25,0,0,3.8986301369863012,0,20,6,0,1,0
T102240,CUST8871,2023-10-13 21:19:00,126.62,Travel,Debit Card,POS,Delhi,0,139,427.73,1675,0,0,0.2960278680476001,301.11,0,0,4.589041095890411,0,21,4,0,0,0
T102241,CUST5171,2023-07-28 03:53:00,2.82,Health,PayPal,Desktop,Kolkata,0,191,170.8,241,0,0,0.01651053864168618,167.98000000000002,0,0,0.6602739726027397,0,3,4,1,0,1
T102242,CUST5145,2023-12-14 17:00:00,69.94,Grocery,Debit Card,Mobile,Bengaluru,0,181,43.71,1312,0,0,1.600091512239762,26.229999999999997,0,0,3.5945205479452054,0,17,3,0,0,0
T102243,CUST2552,2023-05-28 11:17:00,431.19,Fashion,NetBanking,Mobile,Mumbai,0,89,496.07,1729,0,0,0.8692120063700688,64.88,0,0,4.736986301369863,0,11,6,0,1,0
T102244,CUST4136,2023-09-20 21:50:00,154.87,Travel,NetBanking,Mobile,Chennai,0,58,343.55,1150,1,0,0.450793188764372,188.68,0,0,3.1506849315068495,0,21,2,0,0,1
T102245,CUST1814,2023-09-11 05:17:00,58.96,Travel,Debit Card,Mobile,Chennai,1,19,464.02,1263,0,1,0.12706348864273093,405.06,0,0,3.4602739726027396,0,5,0,0,0,1
T102246,CUST7681,2023-10-25 07:41:00,5.26,Entertainment,Credit Card,Desktop,Delhi,0,160,177.52,1601,0,0,0.02963046417305092,172.26000000000002,0,0,4.3863013698630136,0,7,2,0,0,0
T102247,CUST9518,2023-11-30 05:12:00,142.41,Travel,NetBanking,POS,Pune,0,50,327.37,807,0,0,0.4350123713229679,184.96,0,0,2.210958904109589,0,5,3,0,0,0
T102248,CUST3533,2023-11-04 23:47:00,73.1,Entertainment,Credit Card,POS,Bengaluru,0,122,340.5,1665,0,0,0.2146842878120411,267.4,0,0,4.561643835616438,0,23,5,0,1,0
T102249,CUST7377,2023-11-22 19:10:00,9.77,Electronics,NetBanking,Desktop,Kolkata,1,72,437.72,50,0,0,0.022320204697066616,427.95000000000005,0,0,0.136986301369863,0,19,2,0,0,1
T102250,CUST7298,2023-06-11 16:12:00,7.88,Utilities,NetBanking,POS,Bengaluru,0,55,496.6,758,0,0,0.015867901731776077,488.72,0,0,2.0767123287671234,0,16,6,0,1,0
T102251,CUST6870,2024-01-17 23:55:00,192.3,Entertainment,UPI,Mobile,Delhi,0,169,63.25,1486,0,0,3.040316205533597,129.05,1,0,4.071232876712329,0,23,2,0,0,1
T102252,CUST2676,2023-08-28 16:43:00,88.5,Fashion,PayPal,Desktop,Kolkata,0,99,319.25,645,0,0,0.27721221613155833,230.75,0,0,1.7671232876712328,0,16,0,0,0,0
T102253,CUST6643,2023-03-08 02:40:00,141.42,Health,PayPal,POS,Kolkata,0,70,174.86,400,0,0,0.8087612947500856,33.440000000000026,0,0,1.095890410958904,0,2,2,1,0,1
T102254,CUST6108,2023-07-22 15:09:00,168.94,Entertainment,Credit Card,Desktop,Delhi,0,149,407.71,1446,0,0,0.41436315027838416,238.76999999999998,0,0,3.9616438356164383,0,15,5,0,1,0
T102255,CUST2303,2023-04-26 17:12:00,67.85,Travel,PayPal,Desktop,Mumbai,0,117,379.53,653,0,0,0.1787737464759044,311.67999999999995,0,0,1.789041095890411,0,17,2,0,0,0
T102256,CUST4933,2023-02-19 21:42:00,58.29,Fashion,Credit Card,POS,Pune,0,26,447.33,1272,0,0,0.13030648514519483,389.03999999999996,0,0,3.484931506849315,0,21,6,0,1,0
T102257,CUST7025,2023-12-31 05:44:00,45.03,Entertainment,NetBanking,POS,Bengaluru,0,129,178.41,1557,0,0,0.2523961661341853,133.38,0,0,4.265753424657534,0,5,6,0,1,0
T102258,CUST8975,2023-12-26 09:28:00,30.49,Entertainment,UPI,Desktop,Chennai,0,155,100.42,661,0,0,0.3036247759410476,69.93,0,0,1.810958904109589,0,9,1,0,0,0
T102259,CUST1357,2023-11-14 09:46:00,45.62,Travel,UPI,Desktop,Delhi,0,178,20.68,790,0,0,2.2059961315280465,24.939999999999998,0,0,2.164383561643836,0,9,1,0,0,0
T102260,CUST9558,2023-01-26 11:45:00,118.94,Grocery,NetBanking,POS,Mumbai,0,114,135.2,876,0,0,0.879733727810651,16.25999999999999,0,0,2.4,0,11,3,0,0,0
T102261,CUST2026,2023-04-07 02:45:00,73.69,Grocery,Debit Card,Desktop,Chennai,0,194,189.91,977,0,0,0.388025907008583,116.22,0,0,2.6767123287671235,0,2,4,1,0,1
T102262,CUST4363,2023-08-15 00:37:00,178.44,Entertainment,Debit Card,POS,Bengaluru,0,65,473.57,1149,0,0,0.37679751673459044,295.13,0,0,3.147945205479452,0,0,1,1,0,1
T102263,CUST1022,2023-09-07 00:43:00,46.87,Grocery,PayPal,Desktop,Delhi,0,10,250.77,1485,0,0,0.1869043346492802,203.9,0,0,4.068493150684931,0,0,3,1,0,1
T102264,CUST5510,2023-01-19 19:22:00,74.73,Food,Credit Card,Desktop,Kolkata,0,95,282.66,217,0,0,0.26438123540649544,207.93,0,0,0.5945205479452055,0,19,3,0,0,0
T102265,CUST1631,2023-03-20 09:46:00,79.82,Travel,UPI,Desktop,Pune,0,121,441.26,530,0,0,0.18089108462131168,361.44,0,0,1.452054794520548,0,9,0,0,0,0
T102266,CUST7637,2023-02-02 22:42:00,71.66,Food,PayPal,POS,Delhi,0,126,443.68,905,0,0,0.1615128020194735,372.02,0,0,2.4794520547945207,0,22,3,0,0,0
T102267,CUST4484,2023-04-06 16:48:00,97.02,Fashion,NetBanking,Mobile,Pune,0,37,268.68,404,0,0,0.36109870477891914,171.66000000000003,0,0,1.106849315068493,0,16,3,0,0,0
T102268,CUST7604,2023-10-15 07:51:00,21.69,Food,UPI,POS,Mumbai,0,69,65.71,463,0,0,0.3300867447877036,44.019999999999996,0,0,1.2684931506849315,0,7,6,0,1,0
T102269,CUST1672,2024-01-02 06:08:00,57.45,Fashion,Credit Card,Desktop,Mumbai,0,41,142.55,1476,0,0,0.40301648544370394,85.10000000000001,0,0,4.043835616438356,0,6,1,0,0,0
T102270,CUST5955,2023-03-09 15:43:00,8.81,Entertainment,Credit Card,Mobile,Bengaluru,0,174,233.88,1197,0,0,0.03766889002907474,225.07,0,0,3.2794520547945205,0,15,3,0,0,0
T102271,CUST3726,2023-08-28 04:41:00,38.83,Fashion,Debit Card,Mobile,Pune,0,45,378.07,1593,0,0,0.10270584812336339,339.24,0,0,4.364383561643836,0,4,0,1,0,1
T102272,CUST4370,2023-08-20 07:01:00,53.5,Fashion,PayPal,Desktop,Delhi,0,123,358.72,528,0,0,0.14914139161462978,305.22,0,0,1.4465753424657535,0,7,6,0,1,0
T102273,CUST4505,2023-12-07 16:41:00,84.5,Health,NetBanking,POS,Mumbai,0,126,324.93,35,0,0,0.26005601206413687,240.43,0,0,0.0958904109589041,0,16,3,0,0,0
T102274,CUST6137,2023-01-07 21:59:00,240.51,Food,UPI,Mobile,Delhi,0,27,441.32,1370,0,0,0.5449787002628478,200.81,0,0,3.7534246575342465,0,21,5,0,1,0
T102275,CUST3413,2023-02-20 02:59:00,73.43,Health,Credit Card,Mobile,Bengaluru,0,193,403.3,1827,0,0,0.18207289858666006,329.87,0,0,5.005479452054795,0,2,0,1,0,1
T102276,CUST5278,2023-08-24 09:00:00,108.88,Entertainment,UPI,POS,Pune,0,84,491.24,1283,0,0,0.2216431886654181,382.36,0,0,3.515068493150685,0,9,3,0,0,0
T102277,CUST1490,2023-10-16 23:31:00,56.46,Travel,NetBanking,POS,Delhi,0,136,445.69,1175,0,0,0.12667997935784964,389.23,0,0,3.219178082191781,0,23,0,0,0,0
T102278,CUST3474,2023-04-12 01:31:00,80.43,Food,UPI,Mobile,Chennai,0,195,105.87,1548,0,0,0.7597052989515444,25.439999999999998,0,0,4.241095890410959,0,1,2,1,0,1
T102279,CUST2707,2023-11-18 18:39:00,5.89,Travel,PayPal,POS,Delhi,0,49,38.23,1759,0,0,0.15406748626732933,32.339999999999996,0,0,4.8191780821917805,0,18,5,0,1,0
T102280,CUST6765,2023-06-10 05:54:00,23.48,Travel,Debit Card,Mobile,Hyderabad,0,96,213.11,646,0,0,0.11017784242879264,189.63000000000002,0,0,1.7698630136986302,0,5,5,0,1,0
T102281,CUST2615,2023-04-07 15:30:00,35.93,Fashion,UPI,Desktop,Hyderabad,0,121,312.58,1989,0,0,0.11494657367713866,276.65,0,0,5.449315068493151,0,15,4,0,0,0
T102282,CUST7800,2023-06-06 07:06:00,51.17,Utilities,Debit Card,POS,Kolkata,0,114,325.12,740,0,0,0.15738804133858267,273.95,0,0,2.0273972602739727,0,7,1,0,0,0
T102283,CUST3336,2023-05-30 02:59:00,3.74,Food,NetBanking,Mobile,Bengaluru,1,14,141.08,504,0,0,0.026509781684150836,137.34,0,0,1.3808219178082193,0,2,1,1,0,2
T102284,CUST9812,2023-09-08 02:53:00,12.07,Travel,Debit Card,POS,Bengaluru,0,62,431.34,603,0,0,0.027982565957249503,419.27,0,0,1.652054794520548,0,2,4,1,0,1
T102285,CUST2414,2023-01-15 09:57:00,25.93,Utilities,UPI,POS,Bengaluru,0,43,171.33,825,0,0,0.1513453569135586,145.4,0,0,2.26027397260274,0,9,6,0,1,0
T102286,CUST3914,2023-01-16 23:27:00,284.72,Grocery,UPI,Mobile,Chennai,0,155,460.37,537,0,0,0.6184590655342442,175.64999999999998,0,0,1.4712328767123288,0,23,0,0,0,0
T102287,CUST7262,2023-05-09 18:00:00,32.2,Travel,Credit Card,Desktop,Pune,0,96,241.08,621,0,0,0.13356562137049943,208.88,0,0,1.7013698630136986,0,18,1,0,0,0
T102288,CUST1574,2023-05-17 03:47:00,52.63,Grocery,UPI,Mobile,Chennai,0,27,15.09,204,0,0,3.487740225314778,37.540000000000006,1,0,0.5589041095890411,0,3,2,1,0,2
T102289,CUST3226,2023-02-23 07:57:00,17.46,Food,Debit Card,POS,Kolkata,0,68,89.4,1574,0,0,0.19530201342281878,71.94,0,0,4.3123287671232875,0,7,3,0,0,0
T102290,CUST8050,2023-12-03 11:14:00,75.49,Entertainment,Credit Card,Mobile,Delhi,0,127,60.14,721,1,0,1.255237778516794,15.349999999999994,0,0,1.9753424657534246,0,11,6,0,1,1
T102291,CUST6529,2023-08-22 12:05:00,26.36,Health,UPI,POS,Mumbai,0,48,31.57,1324,0,0,0.8349699081406399,5.210000000000001,0,0,3.627397260273973,0,12,1,0,0,0
T102292,CUST3350,2023-02-07 19:34:00,18.55,Food,UPI,Mobile,Pune,0,67,359.87,1727,0,0,0.051546391752577324,341.32,0,0,4.7315068493150685,0,19,1,0,0,0
T102293,CUST9938,2023-02-25 07:10:00,58.15,Health,NetBanking,Desktop,Hyderabad,0,25,104.23,817,0,0,0.5579007963158399,46.080000000000005,0,0,2.2383561643835614,0,7,5,0,1,0
T102294,CUST1136,2023-09-15 14:12:00,0.44,Health,Credit Card,Desktop,Hyderabad,0,192,420.92,1771,1,0,0.0010453292787227977,420.48,0,0,4.852054794520548,0,14,4,0,0,1
T102295,CUST6003,2023-05-07 22:58:00,0.62,Food,NetBanking,Desktop,Kolkata,0,119,139.59,601,0,0,0.004441578909664016,138.97,0,0,1.6465753424657534,0,22,6,0,1,0
T102296,CUST8978,2023-12-31 23:23:00,19.78,Travel,NetBanking,Desktop,Hyderabad,0,152,25.84,215,0,0,0.7654798761609908,6.059999999999999,0,0,0.589041095890411,0,23,6,0,1,0
T102297,CUST1023,2023-02-20 09:38:00,2.99,Electronics,NetBanking,Mobile,Kolkata,0,9,412.13,616,0,0,0.007254992356780628,409.14,0,0,1.6876712328767123,0,9,0,0,0,0
T102298,CUST3994,2023-09-19 04:47:00,9.15,Travel,PayPal,Desktop,Delhi,0,136,238.41,1147,0,0,0.038379262614823204,229.26,0,0,3.1424657534246574,0,4,1,1,0,1
T102299,CUST2544,2023-02-21 17:07:00,33.1,Travel,NetBanking,Mobile,Delhi,0,95,303.76,1632,0,0,0.10896760600474059,270.65999999999997,0,0,4.471232876712329,0,17,1,0,0,0
T102300,CUST3501,2023-04-07 16:25:00,129.8,Entertainment,Debit Card,POS,Bengaluru,1,59,174.75,543,0,0,0.7427753934191703,44.94999999999999,0,0,1.4876712328767123,0,16,4,0,0,1
T102301,CUST4974,2023-09-28 11:32:00,67.9,Fashion,UPI,POS,Mumbai,0,17,32.56,1231,0,0,2.0853808353808354,35.34,0,0,3.372602739726027,0,11,3,0,0,0
T102302,CUST5534,2023-01-04 17:50:00,57.5,Fashion,PayPal,POS,Bengaluru,0,171,191.39,683,0,0,0.30043366947071426,133.89,0,0,1.8712328767123287,0,17,2,0,0,0
T102303,CUST5022,2023-02-08 14:36:00,27.79,Travel,NetBanking,Desktop,Delhi,0,95,263.96,585,0,0,0.10528110319745417,236.17,0,0,1.6027397260273972,0,14,2,0,0,0
T102304,CUST9055,2023-03-28 05:10:00,214.77,Grocery,UPI,Desktop,Chennai,0,196,15.73,1739,1,1,13.653528289891927,199.04000000000002,1,0,4.764383561643836,0,5,1,0,0,2
T102305,CUST3400,2023-10-06 06:45:00,40.47,Entertainment,Credit Card,Desktop,Bengaluru,0,132,291.4,1955,0,0,0.13888126286890873,250.92999999999998,0,0,5.3561643835616435,0,6,4,0,0,0
T102306,CUST6152,2023-03-05 10:43:00,7.29,Health,Credit Card,POS,Pune,0,101,447.59,1957,0,0,0.01628722714984696,440.29999999999995,0,0,5.361643835616438,0,10,6,0,1,0
T102307,CUST2209,2023-07-15 16:36:00,76.79,Utilities,UPI,POS,Delhi,0,136,116.74,324,0,0,0.6577865341785164,39.94999999999999,0,0,0.8876712328767123,0,16,5,0,1,0
T102308,CUST9598,2023-11-12 04:53:00,9.67,Fashion,Debit Card,POS,Delhi,0,42,464.12,1284,0,0,0.020835128845988107,454.45,0,0,3.5178082191780824,0,4,6,1,1,1
T102309,CUST8209,2023-01-06 04:03:00,33.88,Travel,UPI,POS,Chennai,0,49,57.83,1289,0,0,0.5858550925125368,23.949999999999996,0,0,3.5315068493150683,0,4,4,1,0,1
T102310,CUST4060,2023-02-13 07:06:00,56.65,Entertainment,UPI,Mobile,Chennai,0,6,414.46,1146,0,0,0.1366838778169184,357.81,0,0,3.1397260273972605,0,7,0,0,0,0
T102311,CUST9454,2023-04-22 13:55:00,165.86,Electronics,PayPal,Mobile,Chennai,1,73,421.76,1540,0,0,0.39325682852807287,255.89999999999998,0,0,4.219178082191781,0,13,5,0,1,1
T102312,CUST9121,2023-02-12 02:36:00,54.43,Grocery,Credit Card,Desktop,Mumbai,0,170,136.3,73,0,0,0.3993396918561995,81.87,0,0,0.2,0,2,6,1,1,1
T102313,CUST5906,2024-02-10 10:03:00,96.92,Food,Credit Card,Desktop,Pune,0,32,479.34,568,0,0,0.20219468435765847,382.41999999999996,0,0,1.5561643835616439,0,10,5,0,1,0
T102314,CUST6537,2023-04-20 04:25:00,394.88,Travel,NetBanking,POS,Delhi,0,143,214.13,1837,0,0,1.8441133890627188,180.75,0,0,5.032876712328767,0,4,3,1,0,1
T102315,CUST4846,2024-01-09 16:00:00,11.28,Entertainment,UPI,Mobile,Chennai,0,82,79.22,1528,0,0,0.14238828578641757,67.94,0,0,4.186301369863013,0,16,1,0,0,0
T102316,CUST4541,2023-04-25 16:11:00,25.7,Travel,UPI,Mobile,Mumbai,0,69,299.94,68,0,0,0.08568380342735213,274.24,0,0,0.1863013698630137,0,16,1,0,0,0
T102317,CUST7517,2023-05-03 08:58:00,40.15,Utilities,Debit Card,Desktop,Hyderabad,0,114,498.34,1438,0,0,0.08056748404703616,458.19,0,0,3.9397260273972603,0,8,2,0,0,0
T102318,CUST4907,2023-06-09 01:42:00,43.83,Health,Credit Card,Mobile,Pune,0,27,450.65,1488,0,0,0.09725951403528237,406.82,0,0,4.076712328767123,0,1,4,1,0,1
T102319,CUST3935,2023-04-18 06:26:00,42.35,Grocery,Debit Card,Desktop,Kolkata,0,66,146.52,318,0,0,0.28903903903903905,104.17000000000002,0,0,0.8712328767123287,0,6,1,0,0,0
T102320,CUST7509,2024-01-22 07:34:00,190.54,Fashion,PayPal,POS,Kolkata,0,187,292.72,277,0,0,0.6509292156326865,102.18000000000004,0,0,0.7589041095890411,0,7,0,0,0,0
T102321,CUST1568,2023-11-15 06:33:00,100.15,Fashion,NetBanking,POS,Hyderabad,0,156,66.53,1615,0,0,1.5053359386742824,33.620000000000005,0,0,4.424657534246576,0,6,2,0,0,0
T102322,CUST6619,2023-01-01 11:34:00,74.9,Fashion,Debit Card,Desktop,Hyderabad,0,152,236.3,388,1,0,0.3169699534490055,161.4,0,0,1.063013698630137,0,11,6,0,1,1
T102323,CUST8827,2023-01-30 20:25:00,29.61,Utilities,Credit Card,POS,Delhi,0,51,266.3,1491,0,0,0.111190386781825,236.69,0,0,4.0849315068493155,0,20,0,0,0,0
T102324,CUST2811,2023-10-29 17:56:00,138.89,Food,PayPal,POS,Mumbai,0,149,164.49,1848,0,0,0.8443674387500759,25.600000000000023,0,0,5.063013698630137,0,17,6,0,1,0
T102325,CUST7949,2023-06-03 02:43:00,248.2,Entertainment,UPI,Mobile,Mumbai,0,159,247.25,238,0,0,1.0038422649140546,0.9499999999999886,0,0,0.6520547945205479,0,2,5,1,1,1
T102326,CUST7479,2023-05-22 08:59:00,137.72,Grocery,PayPal,Mobile,Hyderabad,0,75,460.77,153,0,0,0.2988909868263993,323.04999999999995,0,0,0.4191780821917808,0,8,0,0,0,0
T102327,CUST1351,2023-11-06 11:49:00,0.13,Grocery,Debit Card,Mobile,Pune,0,50,255.07,1004,0,0,0.0005096640138001333,254.94,0,0,2.750684931506849,0,11,0,0,0,0
T102328,CUST4388,2024-01-06 19:37:00,80.94,Fashion,Credit Card,Mobile,Bengaluru,0,92,417.19,1907,0,0,0.19401232052542006,336.25,0,0,5.2246575342465755,0,19,5,0,1,0
T102329,CUST8681,2023-08-10 20:24:00,4.2,Fashion,Debit Card,Mobile,Hyderabad,0,112,165.52,1814,0,0,0.025374577090381826,161.32000000000002,0,0,4.96986301369863,0,20,3,0,0,0
T102330,CUST9074,2024-01-19 12:09:00,23.83,Health,UPI,Desktop,Delhi,0,168,485.99,432,0,0,0.04903393073931562,462.16,0,0,1.1835616438356165,0,12,4,0,0,0
T102331,CUST8744,2023-07-30 08:03:00,4.91,Utilities,UPI,Desktop,Hyderabad,0,68,55.8,313,0,0,0.08799283154121865,50.89,0,0,0.8575342465753425,0,8,6,0,1,0
T102332,CUST2082,2023-09-06 12:24:00,74.07,Electronics,Credit Card,Mobile,Pune,0,106,296.94,692,0,0,0.24944433218832085,222.87,0,0,1.895890410958904,0,12,2,0,0,0
T102333,CUST1655,2023-05-09 09:34:00,92.82,Electronics,NetBanking,POS,Pune,0,144,397.05,605,0,0,0.23377408386853038,304.23,0,0,1.6575342465753424,0,9,1,0,0,0
T102334,CUST7889,2023-11-11 02:25:00,9.73,Travel,PayPal,POS,Hyderabad,0,76,408.88,270,0,0,0.02379671297202113,399.15,0,0,0.7397260273972602,0,2,5,1,1,1
T102335,CUST4299,2023-09-05 10:19:00,38.74,Travel,PayPal,Desktop,Mumbai,0,86,107.16,196,0,0,0.3615154908547966,68.41999999999999,0,0,0.536986301369863,0,10,1,0,0,0
T102336,CUST9398,2023-02-10 03:00:00,48.74,Grocery,UPI,Desktop,Hyderabad,0,107,206.81,1805,0,0,0.23567525748271362,158.07,0,0,4.945205479452055,0,3,4,1,0,1
T102337,CUST1731,2023-06-21 00:26:00,36.84,Grocery,Debit Card,Desktop,Chennai,0,191,315.86,590,0,0,0.11663395175077566,279.02,0,0,1.6164383561643836,0,0,2,1,0,1
T102338,CUST6802,2023-05-14 06:54:00,10.32,Food,Debit Card,POS,Chennai,0,56,164.78,1752,0,0,0.06262895982522151,154.46,0,0,4.8,0,6,6,0,1,0
T102339,CUST2833,2023-01-31 13:20:00,43.43,Food,NetBanking,Desktop,Bengaluru,0,80,332.57,177,0,0,0.13058904892203146,289.14,0,0,0.4849315068493151,0,13,1,0,0,0
T102340,CUST1410,2023-09-26 02:19:00,111.28,Electronics,Debit Card,POS,Delhi,0,24,195.6,730,0,0,0.5689161554192229,84.32,0,0,2.0,0,2,1,1,0,1
T102341,CUST3490,2023-01-17 07:34:00,5.89,Utilities,PayPal,Desktop,Delhi,0,28,181.92,652,0,0,0.0323768689533861,176.03,0,0,1.7863013698630137,0,7,1,0,0,0
T102342,CUST4005,2024-02-19 08:10:00,6.69,Travel,Debit Card,POS,Kolkata,0,121,62.95,1949,0,0,0.1062748212867355,56.260000000000005,0,0,5.33972602739726,0,8,0,0,0,0
T102343,CUST9421,2024-02-14 21:46:00,35.05,Electronics,NetBanking,Desktop,Mumbai,0,93,29.23,294,0,0,1.1991105029079712,5.819999999999997,0,0,0.8054794520547945,0,21,2,0,0,0
T102344,CUST4017,2023-08-17 00:08:00,227.41,Utilities,PayPal,Desktop,Delhi,0,85,419.28,530,0,0,0.5423821789734784,191.86999999999998,0,0,1.452054794520548,0,0,3,1,0,1
T102345,CUST3051,2023-03-31 17:41:00,88.35,Electronics,Debit Card,POS,Bengaluru,0,112,249.88,308,0,0,0.35356971346246197,161.53,0,0,0.8438356164383561,0,17,4,0,0,0
T102346,CUST2609,2023-07-07 21:40:00,90.82,Travel,PayPal,Desktop,Chennai,0,122,285.81,778,0,0,0.3177635492110143,194.99,0,0,2.1315068493150684,0,21,4,0,0,0
T102347,CUST1347,2023-11-18 17:45:00,35.94,Entertainment,UPI,Mobile,Mumbai,0,89,192.39,932,0,0,0.18680804615624513,156.45,0,0,2.5534246575342467,0,17,5,0,1,0
T102348,CUST2730,2024-02-15 23:40:00,72.05,Food,UPI,POS,Pune,0,31,77.0,188,0,0,0.9357142857142857,4.950000000000003,0,0,0.5150684931506849,0,23,3,0,0,0
T102349,CUST3243,2023-12-31 00:54:00,0.81,Health,UPI,Desktop,Chennai,1,143,230.29,1113,0,1,0.0035173042685309832,229.48,0,0,3.0493150684931507,0,0,6,1,1,2
T102350,CUST8758,2023-11-02 05:34:00,80.87,Health,Debit Card,POS,Bengaluru,0,111,122.19,528,1,1,0.6618381209591621,41.31999999999999,0,0,1.4465753424657535,0,5,3,0,0,1
T102351,CUST5372,2023-11-23 11:59:00,195.61,Health,NetBanking,Desktop,Mumbai,0,42,420.46,1370,0,0,0.46522855919706996,224.84999999999997,0,0,3.7534246575342465,0,11,3,0,0,0
T102352,CUST2473,2023-10-10 09:38:00,75.86,Travel,PayPal,Mobile,Hyderabad,0,102,493.53,1640,0,0,0.15370899438737262,417.66999999999996,0,0,4.493150684931507,0,9,1,0,0,0
T102353,CUST9977,2023-09-19 22:05:00,165.53,Fashion,Credit Card,Desktop,Delhi,0,50,445.66,517,0,0,0.3714266481173989,280.13,0,0,1.4164383561643836,0,22,1,0,0,0
T102354,CUST6786,2023-12-20 13:13:00,102.98,Fashion,UPI,Desktop,Bengaluru,0,124,268.85,494,1,0,0.3830388692579505,165.87,0,0,1.3534246575342466,0,13,2,0,0,1
T102355,CUST9309,2023-04-13 23:42:00,10.28,Fashion,UPI,Mobile,Mumbai,0,133,317.78,257,0,0,0.03234942412990119,307.5,0,0,0.7041095890410959,0,23,3,0,0,0
T102356,CUST5464,2023-04-17 13:16:00,186.19,Grocery,Credit Card,POS,Chennai,0,176,474.58,695,0,0,0.3923258460112099,288.39,0,0,1.904109589041096,0,13,0,0,0,0
T102357,CUST4155,2023-11-13 15:29:00,5.5,Food,Credit Card,Desktop,Mumbai,0,13,273.95,1409,0,0,0.020076656324146742,268.45,0,0,3.8602739726027395,0,15,0,0,0,0
T102358,CUST5007,2023-10-03 17:22:00,61.08,Food,Debit Card,Desktop,Hyderabad,0,32,322.91,1519,0,0,0.18915487287479482,261.83000000000004,0,0,4.161643835616438,0,17,1,0,0,0
T102359,CUST8067,2024-01-20 06:03:00,12.26,Entertainment,PayPal,Mobile,Bengaluru,0,195,318.32,851,0,0,0.03851470218647902,306.06,0,0,2.3315068493150686,0,6,5,0,1,0
T102360,CUST6272,2023-04-18 05:58:00,0.94,Entertainment,UPI,POS,Mumbai,0,79,356.98,828,0,0,0.002633200739537229,356.04,0,0,2.2684931506849315,0,5,1,0,0,0
T102361,CUST1049,2023-11-09 01:17:00,43.86,Grocery,NetBanking,POS,Pune,0,91,323.74,782,0,0,0.13547908815716314,279.88,0,0,2.1424657534246574,0,1,3,1,0,1
T102362,CUST4642,2023-03-04 14:22:00,27.97,Electronics,Debit Card,Mobile,Bengaluru,0,158,338.65,1280,0,0,0.08259264727594862,310.67999999999995,0,0,3.506849315068493,0,14,5,0,1,0
T102363,CUST7092,2023-01-21 10:59:00,53.24,Utilities,Debit Card,Mobile,Bengaluru,0,6,365.69,1222,0,0,0.14558779293937488,312.45,0,0,3.347945205479452,0,10,5,0,1,0
T102364,CUST6041,2023-05-11 07:47:00,68.87,Entertainment,NetBanking,Desktop,Chennai,0,25,406.46,1337,1,0,0.16943856714067806,337.59,0,0,3.663013698630137,0,7,3,0,0,1
T102365,CUST5282,2023-05-31 13:01:00,3.58,Health,NetBanking,Mobile,Kolkata,0,156,207.5,1911,0,0,0.01725301204819277,203.92,0,0,5.235616438356164,0,13,2,0,0,0
T102366,CUST3996,2023-12-01 23:21:00,10.5,Fashion,NetBanking,Mobile,Delhi,0,190,375.46,291,1,0,0.027965695413625955,364.96,0,0,0.7972602739726027,0,23,4,0,0,1
T102367,CUST5995,2023-06-12 01:57:00,65.43,Health,Credit Card,Mobile,Kolkata,0,150,59.1,1855,1,1,1.1071065989847717,6.330000000000005,0,0,5.082191780821918,0,1,0,1,0,2
T102368,CUST4556,2023-10-18 18:47:00,33.63,Fashion,UPI,POS,Pune,0,68,439.33,889,0,0,0.0765483804884711,405.7,0,0,2.4356164383561643,0,18,2,0,0,0
T102369,CUST8960,2023-02-23 10:57:00,104.5,Health,Credit Card,Mobile,Hyderabad,0,143,152.12,393,0,0,0.6869576650013147,47.620000000000005,0,0,1.0767123287671232,0,10,3,0,0,0
T102370,CUST5522,2023-05-11 04:44:00,84.51,Electronics,UPI,Desktop,Mumbai,0,26,207.7,1574,0,1,0.4068849301877709,123.18999999999998,0,0,4.3123287671232875,0,4,3,1,0,1
T102371,CUST8432,2023-06-17 04:28:00,149.46,Utilities,Credit Card,Desktop,Kolkata,0,191,403.77,1914,0,0,0.37016123040344756,254.30999999999997,0,0,5.243835616438356,0,4,5,1,1,1
T102372,CUST3300,2023-05-26 22:23:00,94.34,Health,PayPal,Desktop,Delhi,0,18,322.12,127,0,0,0.2928722215323482,227.78,0,0,0.34794520547945207,0,22,4,0,0,0
T102373,CUST8563,2024-02-06 16:42:00,44.96,Health,UPI,Mobile,Chennai,0,73,161.23,1065,0,0,0.2788562922533028,116.26999999999998,0,0,2.9178082191780823,0,16,1,0,0,0
T102374,CUST8732,2023-04-02 11:37:00,89.42,Travel,Debit Card,POS,Delhi,0,191,120.45,813,0,0,0.7423827314238273,31.03,0,0,2.2273972602739724,0,11,6,0,1,0
T102375,CUST2973,2023-09-03 14:00:00,25.77,Utilities,UPI,Mobile,Bengaluru,0,62,479.28,612,0,0,0.05376815222834252,453.51,0,0,1.6767123287671233,0,14,6,0,1,0
T102376,CUST3037,2023-05-27 22:42:00,29.26,Health,UPI,Mobile,Bengaluru,0,68,53.01,956,0,0,0.5519713261648747,23.749999999999996,0,0,2.6191780821917807,0,22,5,0,1,0
T102377,CUST6273,2023-11-02 11:58:00,124.47,Travel,UPI,Desktop,Hyderabad,0,48,12.12,1470,0,0,10.26980198019802,112.35,1,0,4.027397260273973,0,11,3,0,0,1
T102378,CUST8720,2023-03-15 12:23:00,47.31,Food,PayPal,Mobile,Pune,0,178,339.74,1554,0,0,0.13925354682992877,292.43,0,0,4.257534246575342,0,12,2,0,0,0
T102379,CUST6040,2023-08-05 10:19:00,128.11,Utilities,Credit Card,POS,Mumbai,0,63,311.09,164,0,0,0.41181008711305417,182.97999999999996,0,0,0.44931506849315067,0,10,5,0,1,0
T102380,CUST5363,2023-01-19 16:54:00,138.27,Grocery,Debit Card,Desktop,Mumbai,0,197,371.43,288,0,0,0.37226395283095065,233.16,0,0,0.7890410958904109,0,16,3,0,0,0
T102381,CUST3855,2023-12-25 07:41:00,155.91,Utilities,Credit Card,POS,Chennai,0,134,368.5,945,0,0,0.4230936227951153,212.59,0,0,2.589041095890411,0,7,0,0,0,0
T102382,CUST7708,2023-08-08 09:50:00,198.76,Utilities,Credit Card,POS,Hyderabad,0,186,433.0,546,0,0,0.4590300230946882,234.24,0,0,1.4958904109589042,0,9,1,0,0,0
T102383,CUST1515,2023-01-30 11:09:00,45.11,Health,NetBanking,POS,Mumbai,0,51,461.83,1804,0,0,0.0976766342593595,416.71999999999997,0,0,4.942465753424657,0,11,0,0,0,0
T102384,CUST6370,2023-01-04 02:26:00,30.72,Food,PayPal,Mobile,Pune,0,12,389.76,1347,1,1,0.07881773399014778,359.03999999999996,0,0,3.6904109589041094,0,2,2,1,0,2
T102385,CUST4170,2023-06-08 09:23:00,69.82,Utilities,NetBanking,Mobile,Bengaluru,0,175,123.82,1900,0,0,0.5638830560491035,54.0,0,0,5.205479452054795,0,9,3,0,0,0
T102386,CUST8925,2023-12-20 22:46:00,37.11,Entertainment,PayPal,Mobile,Hyderabad,0,126,237.11,1664,0,0,0.15650963687739866,200.0,0,0,4.558904109589041,0,22,2,0,0,0
T102387,CUST1070,2023-09-21 22:05:00,73.52,Entertainment,Credit Card,Mobile,Delhi,0,9,324.44,1493,1,0,0.22660584391567007,250.92000000000002,0,0,4.090410958904109,0,22,3,0,0,1
T102388,CUST1960,2023-10-04 20:42:00,97.82,Travel,Credit Card,Desktop,Kolkata,0,7,274.29,180,0,0,0.35662984432534905,176.47000000000003,0,0,0.4931506849315068,0,20,2,0,0,0
T102389,CUST1988,2023-10-20 08:30:00,93.28,Health,PayPal,Mobile,Kolkata,0,157,87.86,1534,0,0,1.061689050762577,5.420000000000002,0,0,4.2027397260273975,0,8,4,0,0,0
T102390,CUST2577,2023-01-24 07:46:00,37.54,Health,Credit Card,Desktop,Hyderabad,0,179,298.74,1311,0,0,0.12566110999531363,261.2,0,0,3.591780821917808,0,7,1,0,0,0
T102391,CUST5358,2023-10-19 05:01:00,14.6,Utilities,Credit Card,POS,Hyderabad,0,183,444.4,897,0,0,0.03285328532853286,429.79999999999995,0,0,2.4575342465753423,0,5,3,0,0,0
T102392,CUST1551,2023-03-26 15:50:00,45.04,Electronics,Debit Card,Desktop,Pune,1,187,215.07,1202,1,1,0.20942018877574745,170.03,0,0,3.293150684931507,0,15,6,0,1,2
T102393,CUST9071,2023-07-28 08:51:00,12.31,Food,NetBanking,Mobile,Pune,0,184,337.78,1003,0,0,0.03644383918526852,325.46999999999997,0,0,2.747945205479452,0,8,4,0,0,0
T102394,CUST9431,2023-09-13 05:26:00,176.65,Fashion,NetBanking,Desktop,Mumbai,0,150,311.81,171,0,0,0.5665309002277028,135.16,0,0,0.4684931506849315,0,5,2,0,0,0
T102395,CUST1739,2023-11-11 15:46:00,33.96,Fashion,NetBanking,Mobile,Kolkata,0,146,194.75,280,0,0,0.17437740693196407,160.79,0,0,0.7671232876712328,0,15,5,0,1,0
T102396,CUST1560,2023-09-21 00:13:00,13.42,Electronics,UPI,Mobile,Chennai,0,58,286.98,987,0,1,0.046762840616070805,273.56,0,0,2.7041095890410958,0,0,3,1,0,1
T102397,CUST1053,2023-05-02 03:41:00,2.06,Travel,Debit Card,Desktop,Chennai,0,40,113.0,1799,0,0,0.01823008849557522,110.94,0,0,4.928767123287671,0,3,1,1,0,1
T102398,CUST9007,2023-01-25 14:42:00,83.04,Fashion,NetBanking,Desktop,Pune,0,89,277.59,936,0,0,0.2991462228466444,194.54999999999995,0,0,2.5643835616438357,0,14,2,0,0,0
T102399,CUST7924,2023-07-21 08:47:00,81.05,Utilities,NetBanking,POS,Mumbai,0,31,401.43,673,0,0,0.2019031960740353,320.38,0,0,1.8438356164383563,0,8,4,0,0,0
T102400,CUST7573,2023-07-15 12:13:00,33.31,Fashion,Debit Card,POS,Mumbai,0,184,381.88,1100,0,0,0.08722635382842779,348.57,0,0,3.0136986301369864,0,12,5,0,1,0
T102401,CUST4123,2024-01-23 10:02:00,5.95,Entertainment,Credit Card,POS,Mumbai,0,163,185.4,1425,0,0,0.03209277238403452,179.45000000000002,0,0,3.904109589041096,0,10,1,0,0,0
T102402,CUST5712,2023-08-08 01:24:00,42.16,Entertainment,NetBanking,POS,Pune,0,26,64.92,123,0,0,0.6494146642020948,22.760000000000005,0,0,0.336986301369863,0,1,1,1,0,1
T102403,CUST6817,2024-02-13 16:18:00,29.83,Grocery,Credit Card,POS,Chennai,0,196,401.97,790,0,0,0.07420951812324302,372.14000000000004,0,0,2.164383561643836,0,16,1,0,0,0
T102404,CUST6846,2023-06-29 00:25:00,90.44,Food,NetBanking,Desktop,Mumbai,1,106,139.87,385,0,0,0.6466004146707657,49.43000000000001,0,0,1.0547945205479452,0,0,3,1,0,2
T102405,CUST7099,2023-01-27 19:13:00,74.47,Travel,PayPal,POS,Pune,0,84,35.99,561,0,0,2.0691858849680465,38.48,0,0,1.536986301369863,0,19,4,0,0,0
T102406,CUST2380,2023-05-07 02:28:00,36.28,Health,UPI,Desktop,Delhi,0,162,228.14,721,0,0,0.15902515998948016,191.85999999999999,0,0,1.9753424657534246,0,2,6,1,1,1
T102407,CUST7030,2023-06-21 07:11:00,19.66,Food,NetBanking,POS,Delhi,0,76,372.34,1325,0,0,0.05280120320137509,352.67999999999995,0,0,3.6301369863013697,0,7,2,0,0,0
T102408,CUST5352,2024-01-01 16:50:00,354.07,Travel,PayPal,Mobile,Bengaluru,0,144,406.16,1482,0,0,0.8717500492416781,52.09000000000003,0,0,4.06027397260274,0,16,0,0,0,0
T102409,CUST8150,2023-05-09 13:17:00,48.41,Fashion,Debit Card,POS,Delhi,0,123,491.28,677,0,0,0.09853851164305488,442.87,0,0,1.8547945205479452,0,13,1,0,0,0
T102410,CUST3536,2024-01-10 02:05:00,93.25,Grocery,PayPal,Mobile,Hyderabad,0,42,102.81,1802,0,0,0.9070129364847778,9.560000000000002,0,0,4.936986301369863,0,2,2,1,0,1
T102411,CUST1995,2023-08-18 22:45:00,12.12,Food,Debit Card,Desktop,Bengaluru,0,133,153.96,731,1,1,0.07872174590802805,141.84,0,0,2.0027397260273974,0,22,4,0,0,1
T102412,CUST8195,2023-07-14 13:26:00,53.18,Fashion,NetBanking,POS,Delhi,0,61,308.65,753,0,0,0.17229872023327394,255.46999999999997,0,0,2.063013698630137,0,13,4,0,0,0
T102413,CUST2211,2024-01-22 06:39:00,2.23,Travel,Debit Card,Desktop,Hyderabad,0,44,407.56,946,0,0,0.005471587005594268,405.33,0,0,2.591780821917808,0,6,0,0,0,0
T102414,CUST2976,2023-08-02 13:45:00,56.33,Food,PayPal,POS,Delhi,0,35,124.7,93,0,0,0.45172413793103444,68.37,0,0,0.2547945205479452,0,13,2,0,0,0
T102415,CUST5637,2023-01-03 16:34:00,265.98,Health,UPI,Desktop,Pune,1,108,210.86,1925,0,1,1.2614056720098643,55.120000000000005,0,0,5.273972602739726,0,16,1,0,0,1
T102416,CUST4545,2023-05-18 20:27:00,38.79,Food,Credit Card,POS,Kolkata,1,91,210.12,955,1,1,0.18460879497430038,171.33,0,0,2.6164383561643834,0,20,3,0,0,2
T102417,CUST7180,2023-11-30 06:54:00,3.18,Fashion,Credit Card,POS,Hyderabad,0,128,388.74,1217,0,0,0.008180274733755209,385.56,0,0,3.334246575342466,0,6,3,0,0,0
T102418,CUST7256,2023-10-05 21:58:00,2.52,Utilities,UPI,Mobile,Mumbai,0,1,128.06,1442,0,0,0.0196782758082149,125.54,0,0,3.9506849315068493,1,21,3,0,0,0
T102419,CUST1211,2023-04-17 13:51:00,39.28,Utilities,Credit Card,Desktop,Pune,0,43,484.69,1522,0,0,0.08104149043718666,445.40999999999997,0,0,4.16986301369863,0,13,0,0,0,0
T102420,CUST8716,2023-01-07 01:53:00,13.95,Food,NetBanking,Desktop,Kolkata,0,32,260.13,1603,0,0,0.05362703263752739,246.18,0,0,4.391780821917808,0,1,5,1,1,1
T102421,CUST1652,2023-07-31 15:45:00,1.89,Health,NetBanking,Desktop,Hyderabad,0,103,148.21,756,0,0,0.01275217596653397,146.32000000000002,0,0,2.0712328767123287,0,15,0,0,0,0
T102422,CUST5284,2023-04-15 06:49:00,112.92,Grocery,PayPal,Desktop,Pune,0,191,149.3,1584,0,0,0.7563295378432685,36.38000000000001,0,0,4.33972602739726,0,6,5,0,1,0
T102423,CUST3230,2024-02-03 23:01:00,49.08,Grocery,PayPal,Desktop,Mumbai,0,33,18.97,795,0,0,2.587243015287296,30.11,0,0,2.1780821917808217,0,23,5,0,1,0
T102424,CUST4985,2024-01-06 18:19:00,27.31,Utilities,Debit Card,Mobile,Hyderabad,0,95,349.29,1639,0,0,0.07818717970740645,321.98,0,0,4.49041095890411,0,18,5,0,1,0
T102425,CUST8816,2023-09-30 00:18:00,184.27,Fashion,PayPal,POS,Hyderabad,0,109,390.21,952,0,0,0.4722329002332078,205.93999999999997,0,0,2.6082191780821917,0,0,5,1,1,1
T102426,CUST2297,2023-09-25 20:14:00,9.88,Travel,NetBanking,Mobile,Kolkata,0,66,25.89,682,1,0,0.3816145229818463,16.009999999999998,0,0,1.8684931506849316,0,20,0,0,0,1
T102427,CUST7866,2023-08-05 15:10:00,249.74,Fashion,PayPal,Desktop,Pune,0,30,297.11,934,0,0,0.8405641008380734,47.370000000000005,0,0,2.558904109589041,0,15,5,0,1,0
T102428,CUST4527,2023-04-25 06:30:00,30.15,Grocery,Credit Card,Desktop,Delhi,0,10,393.02,1070,0,0,0.07671365324919852,362.87,0,0,2.9315068493150687,0,6,1,0,0,0
T102429,CUST2580,2023-02-26 23:10:00,175.43,Electronics,Debit Card,POS,Hyderabad,0,23,194.36,636,0,0,0.9026034163408109,18.930000000000007,0,0,1.7424657534246575,0,23,6,0,1,0
T102430,CUST9330,2023-05-29 22:56:00,73.89,Electronics,Debit Card,Mobile,Delhi,0,97,222.04,775,0,0,0.3327778778598451,148.14999999999998,0,0,2.1232876712328768,0,22,0,0,0,0
T102431,CUST6615,2024-01-25 15:35:00,140.22,Food,NetBanking,POS,Hyderabad,0,39,187.2,969,1,0,0.7490384615384615,46.97999999999999,0,0,2.654794520547945,0,15,3,0,0,1
T102432,CUST5480,2023-11-19 03:06:00,330.88,Health,PayPal,POS,Chennai,0,173,164.67,1354,0,0,2.0093520374081497,166.21,0,0,3.7095890410958905,0,3,6,1,1,1
T102433,CUST5865,2023-01-24 08:43:00,27.22,Utilities,Credit Card,Mobile,Bengaluru,0,123,250.66,117,0,0,0.10859331365195883,223.44,0,0,0.32054794520547947,0,8,1,0,0,0
T102434,CUST1605,2023-12-28 17:23:00,259.81,Entertainment,PayPal,POS,Delhi,0,157,91.39,1863,0,0,2.842871211292264,168.42000000000002,0,0,5.104109589041096,0,17,3,0,0,0
T102435,CUST9597,2024-01-01 10:01:00,39.48,Entertainment,UPI,Mobile,Delhi,0,158,225.94,592,0,0,0.17473665574931396,186.46,0,0,1.621917808219178,0,10,0,0,0,0
T102436,CUST5150,2023-05-07 14:03:00,38.96,Entertainment,PayPal,Mobile,Kolkata,0,162,471.49,1298,0,0,0.08263165708710683,432.53000000000003,0,0,3.5561643835616437,0,14,6,0,1,0
T102437,CUST6989,2023-04-26 06:14:00,33.29,Food,NetBanking,Desktop,Mumbai,0,180,23.43,1520,1,1,1.420827998292787,9.86,0,0,4.164383561643835,0,6,2,0,0,1
T102438,CUST1835,2023-05-28 23:33:00,62.37,Electronics,PayPal,POS,Chennai,0,103,90.72,1495,1,0,0.6875,28.35,0,0,4.095890410958904,0,23,6,0,1,1
T102439,CUST4416,2023-10-21 15:07:00,13.39,Grocery,Debit Card,Desktop,Mumbai,0,22,391.07,1166,0,0,0.03423939448180633,377.68,0,0,3.1945205479452055,0,15,5,0,1,0
T102440,CUST4213,2024-02-17 03:24:00,64.54,Food,Credit Card,POS,Chennai,1,5,74.71,471,0,1,0.8638736447597378,10.169999999999987,0,0,1.2904109589041095,0,3,5,1,1,2
T102441,CUST5699,2023-06-01 13:32:00,62.42,Entertainment,NetBanking,POS,Chennai,0,139,142.93,1979,0,0,0.436717274190163,80.51,0,0,5.421917808219178,0,13,3,0,0,0
T102442,CUST3711,2023-03-06 16:02:00,114.81,Entertainment,UPI,Desktop,Pune,0,160,232.87,1954,0,0,0.49302185768883927,118.06,0,0,5.353424657534247,0,16,0,0,0,0
T102443,CUST9550,2023-01-29 23:56:00,143.49,Utilities,Credit Card,Desktop,Pune,0,152,472.15,1061,0,0,0.3039076564651065,328.65999999999997,0,0,2.9068493150684933,0,23,6,0,1,0
T102444,CUST3159,2024-01-10 19:24:00,46.45,Fashion,Credit Card,Desktop,Pune,0,139,99.92,1602,0,0,0.46487189751801444,53.47,0,0,4.389041095890411,0,19,2,0,0,0
T102445,CUST7148,2023-12-27 23:20:00,28.8,Entertainment,Debit Card,Mobile,Hyderabad,0,139,462.31,588,0,0,0.06229586208388311,433.51,0,0,1.610958904109589,0,23,2,0,0,0
T102446,CUST8562,2023-05-29 16:17:00,24.02,Health,Debit Card,POS,Kolkata,0,145,362.08,1153,0,0,0.06633893062306673,338.06,0,0,3.158904109589041,0,16,0,0,0,0
T102447,CUST6633,2023-04-05 13:03:00,17.32,Entertainment,Debit Card,Mobile,Mumbai,0,160,338.86,1398,0,0,0.05111255385705011,321.54,0,0,3.83013698630137,0,13,2,0,0,0
T102448,CUST1240,2023-12-13 22:27:00,4.75,Fashion,NetBanking,POS,Bengaluru,0,83,364.54,1738,0,0,0.013030120151423711,359.79,0,0,4.761643835616439,0,22,2,0,0,0
T102449,CUST5202,2023-11-02 14:29:00,33.54,Entertainment,PayPal,POS,Chennai,0,155,25.31,782,0,0,1.3251679178190439,8.23,0,0,2.1424657534246574,0,14,3,0,0,0
T102450,CUST6447,2023-12-26 17:36:00,25.2,Health,Credit Card,Mobile,Chennai,0,32,58.46,930,0,0,0.4310639753677728,33.260000000000005,0,0,2.547945205479452,0,17,1,0,0,0
T102451,CUST8407,2023-01-08 02:59:00,271.5,Grocery,PayPal,Mobile,Kolkata,0,61,174.07,510,0,0,1.559717355087034,97.43,0,0,1.3972602739726028,0,2,6,1,1,1
T102452,CUST7296,2023-01-10 19:43:00,65.26,Food,PayPal,POS,Delhi,0,25,46.24,732,0,0,1.4113321799307958,19.020000000000003,0,0,2.0054794520547947,0,19,1,0,0,0
T102453,CUST8297,2023-11-11 12:05:00,34.13,Health,Debit Card,Desktop,Hyderabad,0,64,493.92,1395,0,0,0.06910025915127956,459.79,0,0,3.8219178082191783,0,12,5,0,1,0
T102454,CUST8676,2024-02-06 23:16:00,69.49,Fashion,PayPal,Desktop,Bengaluru,0,192,294.4,972,0,0,0.23603940217391303,224.90999999999997,0,0,2.663013698630137,0,23,1,0,0,0
T102455,CUST9354,2023-10-29 03:49:00,11.99,Food,Credit Card,Desktop,Pune,1,156,248.8,1287,0,1,0.04819131832797428,236.81,0,0,3.526027397260274,0,3,6,1,1,2
T102456,CUST4657,2024-02-12 20:37:00,46.97,Food,Credit Card,Desktop,Chennai,0,168,394.9,822,0,0,0.11894150417827298,347.92999999999995,0,0,2.252054794520548,0,20,0,0,0,0
T102457,CUST2068,2023-12-13 09:29:00,78.73,Fashion,UPI,POS,Delhi,0,91,488.71,1288,1,0,0.16109758343393835,409.97999999999996,0,0,3.5287671232876714,0,9,2,0,0,1
T102458,CUST8337,2023-02-23 15:05:00,53.69,Utilities,NetBanking,Desktop,Mumbai,0,142,478.01,155,0,0,0.11231982594506391,424.32,0,0,0.4246575342465753,0,15,3,0,0,0
T102459,CUST3443,2023-05-16 22:12:00,41.1,Electronics,PayPal,Desktop,Chennai,0,42,398.6,719,0,0,0.10311088810837933,357.5,0,0,1.9698630136986301,0,22,1,0,0,0
T102460,CUST4311,2023-12-15 19:22:00,407.28,Entertainment,NetBanking,Desktop,Delhi,0,39,194.82,506,0,0,2.0905451185709887,212.45999999999998,0,0,1.3863013698630138,0,19,4,0,0,0
T102461,CUST2989,2023-06-05 16:30:00,169.83,Health,NetBanking,POS,Mumbai,0,2,42.32,714,0,0,4.012996219281664,127.51000000000002,1,0,1.9561643835616438,1,16,0,0,0,1
T102462,CUST1085,2023-01-26 02:33:00,78.13,Fashion,NetBanking,Mobile,Hyderabad,0,81,58.2,401,0,0,1.3424398625429552,19.929999999999993,0,0,1.0986301369863014,0,2,3,1,0,1
T102463,CUST5496,2023-12-31 12:42:00,67.4,Grocery,NetBanking,Desktop,Pune,0,1,10.56,1173,1,0,6.382575757575758,56.84,1,0,3.213698630136986,1,12,6,0,1,2
T102464,CUST5304,2023-01-06 23:09:00,77.55,Travel,Credit Card,POS,Kolkata,1,109,10.93,571,0,1,7.095150960658738,66.62,1,0,1.5643835616438355,0,23,4,0,0,2
T102465,CUST2815,2023-01-21 08:15:00,17.98,Fashion,PayPal,POS,Mumbai,0,160,468.85,589,0,0,0.03834915218086808,450.87,0,0,1.6136986301369862,0,8,5,0,1,0
T102466,CUST4848,2023-01-19 20:20:00,40.22,Entertainment,UPI,Desktop,Chennai,0,125,464.24,208,0,0,0.08663622264346027,424.02,0,0,0.5698630136986301,0,20,3,0,0,0
T102467,CUST3236,2023-11-25 04:40:00,3.22,Entertainment,NetBanking,Mobile,Bengaluru,0,64,337.1,1147,0,0,0.009552061702758826,333.88,0,0,3.1424657534246574,0,4,5,1,1,1
T102468,CUST2056,2023-11-19 14:40:00,51.63,Food,UPI,Mobile,Mumbai,0,159,366.07,596,0,0,0.14103859917502118,314.44,0,0,1.632876712328767,0,14,6,0,1,0
T102469,CUST1725,2023-10-01 23:12:00,62.65,Food,Credit Card,Mobile,Bengaluru,0,186,261.47,777,0,0,0.23960683826060347,198.82000000000002,0,0,2.128767123287671,0,23,6,0,1,0
T102470,CUST8133,2023-03-18 22:02:00,20.68,Fashion,Credit Card,POS,Bengaluru,0,82,126.54,980,0,0,0.16342658447921604,105.86000000000001,0,0,2.684931506849315,0,22,5,0,1,0
T102471,CUST5704,2024-02-04 07:20:00,266.0,Travel,Debit Card,Desktop,Mumbai,0,78,458.05,331,0,0,0.5807226285340028,192.05,0,0,0.9068493150684932,0,7,6,0,1,0
T102472,CUST9534,2024-02-02 13:43:00,192.15,Utilities,NetBanking,Desktop,Kolkata,0,111,146.07,1852,0,0,1.3154651879235983,46.08000000000001,0,0,5.073972602739726,0,13,4,0,0,0
T102473,CUST1205,2023-03-23 23:04:00,102.45,Fashion,Debit Card,POS,Kolkata,0,142,372.44,1471,0,0,0.2750778648909892,269.99,0,0,4.03013698630137,0,23,3,0,0,0
T102474,CUST5831,2023-01-15 05:40:00,60.98,Travel,UPI,Desktop,Hyderabad,1,197,130.26,1913,0,1,0.4681406417933364,69.28,0,0,5.241095890410959,0,5,6,0,1,1
T102475,CUST1543,2023-05-06 03:33:00,163.2,Utilities,PayPal,Desktop,Kolkata,0,16,436.37,615,0,0,0.37399454591287207,273.17,0,0,1.6849315068493151,0,3,5,1,1,1
T102476,CUST1660,2023-10-19 19:12:00,11.2,Travel,Debit Card,Mobile,Mumbai,0,197,329.11,1505,0,0,0.03403117498708638,317.91,0,0,4.123287671232877,0,19,3,0,0,0
T102477,CUST5985,2023-09-21 15:31:00,125.05,Entertainment,Credit Card,Desktop,Kolkata,1,54,324.92,1470,0,1,0.3848639665148344,199.87,0,0,4.027397260273973,0,15,3,0,0,1
T102478,CUST2437,2024-02-03 01:22:00,10.67,Entertainment,NetBanking,Desktop,Delhi,0,141,57.71,1877,0,0,0.1848899670767631,47.04,0,0,5.142465753424657,0,1,5,1,1,1
T102479,CUST1787,2023-11-17 10:11:00,126.47,Entertainment,UPI,POS,Pune,0,124,215.54,1175,0,0,0.5867588382666791,89.07,0,0,3.219178082191781,0,10,4,0,0,0
T102480,CUST1468,2023-03-12 13:06:00,25.81,Grocery,Credit Card,POS,Bengaluru,0,80,267.21,86,0,0,0.09659069645597096,241.39999999999998,0,0,0.2356164383561644,0,13,6,0,1,0
T102481,CUST9776,2024-02-20 03:25:00,167.7,Entertainment,PayPal,Mobile,Pune,0,79,154.08,1838,0,0,1.0883956386292832,13.619999999999976,0,0,5.035616438356165,0,3,1,1,0,1
T102482,CUST9689,2023-04-15 10:19:00,230.65,Health,NetBanking,POS,Chennai,0,159,441.68,1053,0,0,0.522210650244521,211.03,0,0,2.884931506849315,0,10,5,0,1,0
T102483,CUST2572,2023-04-06 17:02:00,12.89,Food,PayPal,Mobile,Bengaluru,0,197,420.46,1192,0,0,0.030656899586167533,407.57,0,0,3.265753424657534,0,17,3,0,0,0
T102484,CUST3218,2024-02-08 22:30:00,49.69,Food,PayPal,Mobile,Chennai,0,149,251.87,1252,0,0,0.19728431333624488,202.18,0,0,3.43013698630137,0,22,3,0,0,0
T102485,CUST6293,2023-01-28 13:03:00,317.01,Travel,NetBanking,Desktop,Delhi,0,127,176.62,750,0,0,1.7948703431095006,140.39,0,0,2.0547945205479454,0,13,5,0,1,0
T102486,CUST3476,2024-01-01 12:01:00,52.84,Food,NetBanking,Mobile,Delhi,0,158,402.76,1838,0,0,0.13119475618234186,349.91999999999996,0,0,5.035616438356165,0,12,0,0,0,0
T102487,CUST5337,2023-04-14 17:02:00,159.34,Electronics,PayPal,Desktop,Pune,0,23,106.48,1414,0,0,1.4964312546957175,52.86,0,0,3.873972602739726,0,17,4,0,0,0
T102488,CUST8974,2023-09-13 03:02:00,71.08,Utilities,UPI,Mobile,Delhi,0,38,45.04,1703,0,0,1.5781527531083481,26.04,0,0,4.6657534246575345,0,3,2,1,0,1
T102489,CUST7347,2023-12-02 21:45:00,37.64,Travel,NetBanking,POS,Mumbai,0,157,32.4,439,0,0,1.1617283950617285,5.240000000000002,0,0,1.2027397260273973,0,21,5,0,1,0
T102490,CUST2146,2023-10-11 17:16:00,26.93,Food,Credit Card,POS,Bengaluru,0,77,28.95,675,0,0,0.9302245250431779,2.0199999999999996,0,0,1.8493150684931507,0,17,2,0,0,0
T102491,CUST1425,2023-01-04 06:57:00,18.17,Electronics,Debit Card,POS,Chennai,0,32,249.56,1902,0,0,0.07280814233050169,231.39,0,0,5.210958904109589,0,6,2,0,0,0
T102492,CUST7393,2023-08-07 22:41:00,114.77,Utilities,UPI,Mobile,Kolkata,0,112,135.1,1581,0,0,0.8495188749074759,20.33,0,0,4.331506849315068,0,22,0,0,0,0
T102493,CUST5329,2023-03-01 06:37:00,39.09,Grocery,NetBanking,Mobile,Pune,1,190,348.28,1668,1,1,0.11223728034914439,309.18999999999994,0,0,4.5698630136986305,0,6,2,0,0,2
T102494,CUST9691,2023-12-28 10:20:00,57.28,Food,NetBanking,Desktop,Pune,0,106,330.41,1296,0,0,0.1733603704488363,273.13,0,0,3.5506849315068494,0,10,3,0,0,0
T102495,CUST3254,2023-11-04 13:03:00,54.23,Electronics,UPI,Desktop,Delhi,0,91,275.59,1143,0,0,0.19677782212707284,221.35999999999999,0,0,3.1315068493150684,0,13,5,0,1,0
T102496,CUST2609,2023-08-05 14:46:00,68.88,Fashion,Debit Card,Desktop,Delhi,0,98,182.89,1569,0,0,0.3766198261249932,114.00999999999999,0,0,4.298630136986302,0,14,5,0,1,0
T102497,CUST8719,2023-02-23 08:49:00,160.54,Health,PayPal,Desktop,Chennai,0,45,426.72,91,0,0,0.37621859767529053,266.18000000000006,0,0,0.2493150684931507,0,8,3,0,0,0
T102498,CUST7015,2023-03-01 14:26:00,315.98,Fashion,Credit Card,Mobile,Bengaluru,0,49,357.75,1265,0,0,0.8832424877707897,41.76999999999998,0,0,3.4657534246575343,0,14,2,0,0,0
T102499,CUST9304,2023-06-14 16:11:00,41.88,Electronics,NetBanking,Mobile,Bengaluru,0,161,143.05,277,0,0,0.2927647675637889,101.17000000000002,0,0,0.7589041095890411,0,16,2,0,0,0
T102500,CUST6473,2023-02-02 15:22:00,140.6,Travel,Debit Card,Desktop,Pune,0,4,255.83,1757,0,0,0.5495837079310479,115.23000000000002,0,0,4.813698630136987,1,15,3,0,0,0
T102501,CUST5363,2023-04-23 09:06:00,115.69,Entertainment,Credit Card,Mobile,Chennai,0,146,86.57,526,0,0,1.3363751877093681,29.120000000000005,0,0,1.441095890410959,0,9,6,0,1,0
T102502,CUST6446,2023-07-13 06:12:00,68.18,Entertainment,UPI,Mobile,Pune,0,198,171.1,85,0,0,0.39848042080654594,102.91999999999999,0,0,0.2328767123287671,0,6,3,0,0,0
T102503,CUST1542,2024-02-12 12:56:00,249.97,Entertainment,NetBanking,Mobile,Kolkata,0,64,498.6,488,0,0,0.5013437625350983,248.63000000000002,0,0,1.336986301369863,0,12,0,0,0,0
T102504,CUST6050,2023-10-08 19:58:00,17.9,Utilities,PayPal,Mobile,Hyderabad,0,156,119.68,948,0,0,0.14956550802139035,101.78,0,0,2.5972602739726027,0,19,6,0,1,0
T102505,CUST7322,2023-01-28 06:12:00,9.26,Travel,UPI,Desktop,Bengaluru,0,108,352.17,1342,0,0,0.02629411931737513,342.91,0,0,3.6767123287671235,0,6,5,0,1,0
T102506,CUST6478,2023-11-18 19:57:00,153.91,Utilities,NetBanking,Desktop,Chennai,0,121,126.83,1596,0,0,1.2135141528029645,27.08,0,0,4.372602739726028,0,19,5,0,1,0
T102507,CUST8546,2023-07-17 04:32:00,46.26,Food,Debit Card,Mobile,Kolkata,0,186,469.69,1956,0,0,0.09849049372990695,423.43,0,0,5.358904109589041,0,4,0,1,0,1
T102508,CUST9323,2023-05-02 07:30:00,150.17,Entertainment,Credit Card,POS,Chennai,0,90,161.97,1523,1,0,0.9271470025313329,11.800000000000011,0,0,4.1726027397260275,0,7,1,0,0,1
T102509,CUST6693,2023-05-12 08:17:00,178.86,Fashion,Credit Card,Desktop,Pune,0,56,179.88,1442,0,0,0.994329553035357,1.0199999999999818,0,0,3.9506849315068493,0,8,4,0,0,0
T102510,CUST7545,2023-05-21 07:56:00,5.16,Travel,NetBanking,Desktop,Delhi,0,20,300.99,1474,0,0,0.017143426691916677,295.83,0,0,4.038356164383561,0,7,6,0,1,0
T102511,CUST1257,2023-09-25 07:02:00,171.96,Travel,UPI,POS,Chennai,0,77,298.17,1566,0,0,0.5767179796760238,126.21000000000001,0,0,4.2904109589041095,0,7,0,0,0,0
T102512,CUST7934,2023-09-16 13:11:00,47.58,Entertainment,PayPal,Desktop,Pune,0,162,293.75,1763,0,0,0.16197446808510638,246.17000000000002,0,0,4.83013698630137,0,13,5,0,1,0
T102513,CUST9371,2023-10-12 15:28:00,57.14,Fashion,Debit Card,POS,Mumbai,1,87,290.89,586,0,1,0.19643164082642925,233.75,0,0,1.6054794520547946,0,15,3,0,0,1
T102514,CUST5109,2023-04-26 04:14:00,78.81,Grocery,NetBanking,POS,Delhi,0,138,162.97,1612,0,0,0.4835859360618519,84.16,0,0,4.416438356164384,0,4,2,1,0,1
T102515,CUST5795,2023-04-13 05:43:00,208.71,Travel,Debit Card,Mobile,Delhi,0,115,222.86,993,0,0,0.9365072242663556,14.150000000000006,0,0,2.7205479452054795,0,5,3,0,0,0
T102516,CUST9982,2024-01-12 14:19:00,1.54,Entertainment,Credit Card,Desktop,Bengaluru,0,94,300.78,1787,0,0,0.005120021278010507,299.23999999999995,0,0,4.895890410958904,0,14,4,0,0,0
T102517,CUST1353,2023-10-05 07:40:00,51.83,Health,PayPal,POS,Hyderabad,0,150,338.92,1851,0,0,0.15292694441166055,287.09000000000003,0,0,5.071232876712329,0,7,3,0,0,0
T102518,CUST2049,2024-01-05 10:49:00,93.11,Electronics,Debit Card,Mobile,Bengaluru,0,133,134.03,1134,0,0,0.694695217488622,40.92,0,0,3.106849315068493,0,10,4,0,0,0
T102519,CUST1125,2023-07-29 03:54:00,102.61,Utilities,NetBanking,Desktop,Mumbai,0,172,353.72,473,0,1,0.2900882053601719,251.11,0,0,1.295890410958904,0,3,5,1,1,1
T102520,CUST9799,2023-02-14 21:27:00,94.35,Food,PayPal,Mobile,Pune,0,114,462.41,821,0,0,0.20403970502368027,368.06000000000006,0,0,2.249315068493151,0,21,1,0,0,0
T102521,CUST8704,2023-07-29 14:17:00,11.55,Travel,UPI,Mobile,Delhi,0,9,381.38,1340,0,0,0.03028475536210604,369.83,0,0,3.671232876712329,0,14,5,0,1,0
T102522,CUST1541,2023-04-22 00:51:00,28.46,Health,NetBanking,POS,Delhi,0,43,51.27,1337,0,1,0.5551004486054223,22.810000000000002,0,0,3.663013698630137,0,0,5,1,1,1
T102523,CUST4822,2023-10-09 08:44:00,35.54,Health,Debit Card,Desktop,Kolkata,1,4,239.87,1994,0,1,0.14816358861049736,204.33,0,0,5.463013698630137,1,8,0,0,0,1
T102524,CUST1584,2023-05-24 01:38:00,130.55,Travel,PayPal,Mobile,Chennai,0,170,223.28,520,0,0,0.5846918667144393,92.72999999999999,0,0,1.4246575342465753,0,1,2,1,0,1
T102525,CUST2076,2023-08-30 10:15:00,26.14,Grocery,NetBanking,POS,Hyderabad,0,65,174.89,1441,0,0,0.14946537823774947,148.75,0,0,3.947945205479452,0,10,2,0,0,0
T102526,CUST8205,2023-02-24 03:35:00,18.93,Electronics,PayPal,POS,Hyderabad,0,98,250.75,1754,0,0,0.07549351944167497,231.82,0,0,4.8054794520547945,0,3,4,1,0,1
T102527,CUST2518,2023-09-24 14:08:00,252.56,Food,PayPal,Mobile,Chennai,0,169,225.42,1604,0,0,1.120397480259072,27.140000000000015,0,0,4.394520547945206,0,14,6,0,1,0
T102528,CUST1404,2023-02-19 20:29:00,0.71,Travel,PayPal,Mobile,Mumbai,0,192,13.02,624,0,0,0.054531490015360985,12.309999999999999,0,0,1.7095890410958905,0,20,6,0,1,0
T102529,CUST5751,2023-03-22 19:07:00,490.31,Utilities,Debit Card,POS,Hyderabad,0,55,125.91,437,0,0,3.894130728297991,364.4,1,0,1.1972602739726028,0,19,2,0,0,1
T102530,CUST1719,2023-07-20 22:58:00,90.36,Food,NetBanking,Mobile,Delhi,0,146,114.75,356,0,0,0.7874509803921569,24.39,0,0,0.9753424657534246,0,22,3,0,0,0
T102531,CUST4491,2023-11-07 00:06:00,141.04,Fashion,Credit Card,Mobile,Mumbai,0,144,181.14,971,0,1,0.7786242685215855,40.099999999999994,0,0,2.66027397260274,0,0,1,1,0,1
T102532,CUST1096,2023-02-20 00:42:00,27.92,Health,Credit Card,Desktop,Bengaluru,0,87,95.48,978,0,0,0.29241726015919567,67.56,0,0,2.6794520547945204,0,0,0,1,0,1
T102533,CUST1626,2023-04-04 13:41:00,1.15,Health,Debit Card,POS,Bengaluru,0,174,43.22,1229,0,0,0.02660805182785747,42.07,0,0,3.367123287671233,0,13,1,0,0,0
T102534,CUST1835,2023-04-08 17:19:00,107.11,Travel,Debit Card,Mobile,Mumbai,0,164,106.34,1574,0,0,1.0072409253338348,0.769999999999996,0,0,4.3123287671232875,0,17,5,0,1,0
T102535,CUST5639,2024-01-16 15:27:00,143.73,Travel,PayPal,POS,Delhi,0,90,428.55,1843,0,0,0.3353867693384669,284.82000000000005,0,0,5.049315068493151,0,15,1,0,0,0
T102536,CUST4194,2023-08-20 18:38:00,107.91,Utilities,NetBanking,Desktop,Kolkata,1,194,400.55,412,0,0,0.2694045687180127,292.64,0,0,1.1287671232876713,0,18,6,0,1,1
T102537,CUST2920,2024-02-13 04:06:00,12.33,Fashion,NetBanking,POS,Bengaluru,0,44,226.63,1043,0,0,0.05440585977143361,214.29999999999998,0,0,2.8575342465753426,0,4,1,1,0,1
T102538,CUST6034,2023-02-12 00:34:00,112.01,Grocery,UPI,POS,Pune,0,5,440.13,1311,0,0,0.25449299070729103,328.12,0,0,3.591780821917808,0,0,6,1,1,1
T102539,CUST7400,2023-01-11 21:03:00,117.2,Travel,UPI,POS,Delhi,0,29,124.01,376,0,0,0.9450850737843722,6.810000000000002,0,0,1.0301369863013699,0,21,2,0,0,0
T102540,CUST3819,2023-11-07 08:20:00,85.96,Health,Credit Card,Desktop,Chennai,0,126,296.26,301,0,0,0.2901505434415716,210.3,0,0,0.8246575342465754,0,8,1,0,0,0
T102541,CUST4061,2023-06-17 18:12:00,116.23,Food,UPI,Desktop,Hyderabad,0,4,80.03,1314,0,0,1.4523303761089592,36.2,0,0,3.6,1,18,5,0,1,0
T102542,CUST3894,2024-01-08 11:22:00,149.62,Electronics,UPI,POS,Kolkata,0,99,418.37,425,0,0,0.35762602481057437,268.75,0,0,1.1643835616438356,0,11,0,0,0,0
T102543,CUST8780,2023-08-18 02:02:00,76.07,Entertainment,Credit Card,POS,Kolkata,0,49,73.98,1745,0,0,1.028250878615842,2.089999999999989,0,0,4.780821917808219,0,2,4,1,0,1
T102544,CUST1019,2024-01-03 09:27:00,7.42,Food,Credit Card,Desktop,Mumbai,0,85,25.61,183,0,0,0.2897305739945334,18.189999999999998,0,0,0.5013698630136987,0,9,2,0,0,0
T102545,CUST2482,2023-01-15 18:42:00,53.5,Grocery,UPI,Mobile,Hyderabad,0,136,143.99,1580,1,0,0.37155358010972983,90.49000000000001,0,0,4.328767123287672,0,18,6,0,1,1
T102546,CUST6368,2023-04-07 00:53:00,6.47,Electronics,NetBanking,Desktop,Chennai,0,122,451.46,1120,0,0,0.01433128073361981,444.98999999999995,0,0,3.0684931506849313,0,0,4,1,0,1
T102547,CUST1947,2023-02-27 02:26:00,41.88,Food,UPI,POS,Bengaluru,0,180,73.43,870,0,0,0.5703390984611194,31.550000000000004,0,0,2.3835616438356166,0,2,0,1,0,1
T102548,CUST7111,2023-05-12 09:40:00,41.82,Food,PayPal,Mobile,Kolkata,0,116,172.03,1752,1,0,0.24309713422077545,130.21,0,0,4.8,0,9,4,0,0,1
T102549,CUST1960,2023-03-22 02:43:00,5.46,Fashion,PayPal,Mobile,Pune,0,197,165.04,377,0,0,0.033082888996606885,159.57999999999998,0,0,1.0328767123287672,0,2,2,1,0,1
T102550,CUST7998,2023-03-22 07:41:00,34.32,Entertainment,PayPal,Mobile,Delhi,0,149,402.81,1988,0,0,0.08520145974528934,368.49,0,0,5.446575342465754,0,7,2,0,0,0
T102551,CUST4163,2023-07-13 12:32:00,9.41,Utilities,Debit Card,Desktop,Kolkata,1,155,216.55,1116,0,0,0.04345416762872316,207.14000000000001,0,0,3.0575342465753423,0,12,3,0,0,1
T102552,CUST8439,2023-03-08 12:35:00,132.12,Grocery,PayPal,Desktop,Kolkata,0,166,309.67,385,0,0,0.42664772176833404,177.55,0,0,1.0547945205479452,0,12,2,0,0,0
T102553,CUST3614,2023-11-02 06:48:00,236.04,Health,NetBanking,Desktop,Delhi,0,133,208.15,1334,0,0,1.133989911121787,27.889999999999986,0,0,3.654794520547945,0,6,3,0,0,0
T102554,CUST7806,2023-06-27 00:58:00,6.01,Fashion,Debit Card,Desktop,Chennai,0,85,280.21,1094,0,0,0.021448199564612257,274.2,0,0,2.9972602739726026,0,0,1,1,0,1
T102555,CUST9681,2023-08-24 11:59:00,248.29,Electronics,Debit Card,POS,Mumbai,0,61,40.6,1593,1,1,6.11551724137931,207.69,1,0,4.364383561643836,0,11,3,0,0,2
T102556,CUST3623,2023-08-28 17:39:00,59.15,Entertainment,PayPal,Mobile,Kolkata,0,136,193.27,396,0,0,0.30604853314016656,134.12,0,0,1.084931506849315,0,17,0,0,0,0
T102557,CUST7060,2023-02-23 23:58:00,28.48,Health,UPI,POS,Kolkata,1,86,429.0,1044,0,1,0.0663869463869464,400.52,0,0,2.8602739726027395,0,23,3,0,0,1
T102558,CUST5379,2023-05-07 09:57:00,6.4,Fashion,Credit Card,Desktop,Hyderabad,0,18,348.62,306,0,0,0.018358097642131834,342.22,0,0,0.8383561643835616,0,9,6,0,1,0
T102559,CUST3647,2024-01-23 05:32:00,55.55,Entertainment,UPI,Desktop,Pune,0,132,491.1,250,0,0,0.11311341885563021,435.55,0,0,0.684931506849315,0,5,1,0,0,0
T102560,CUST2708,2024-01-05 17:47:00,126.59,Utilities,UPI,POS,Bengaluru,0,4,396.08,1782,0,0,0.3196071500706928,269.49,0,0,4.882191780821918,1,17,4,0,0,0
T102561,CUST9105,2023-07-03 20:30:00,98.23,Grocery,Debit Card,Mobile,Mumbai,0,165,231.24,1787,0,0,0.4247967479674797,133.01,0,0,4.895890410958904,0,20,0,0,0,0
T102562,CUST9987,2023-09-11 15:46:00,4.12,Travel,Debit Card,Mobile,Pune,0,127,341.38,90,0,0,0.01206866248755053,337.26,0,0,0.2465753424657534,0,15,0,0,0,0
T102563,CUST4728,2023-07-10 19:46:00,6.06,Utilities,Debit Card,Desktop,Pune,0,143,390.2,1156,0,0,0.015530497180932855,384.14,0,0,3.1671232876712327,0,19,0,0,0,0
T102564,CUST9257,2023-03-19 05:11:00,41.25,Travel,NetBanking,Desktop,Chennai,0,166,142.14,1238,0,0,0.29020683832840866,100.88999999999999,0,0,3.3917808219178083,0,5,6,0,1,0
T102565,CUST9806,2023-06-19 09:13:00,28.0,Electronics,NetBanking,Desktop,Chennai,0,155,39.41,1960,0,0,0.7104795737122558,11.409999999999997,0,0,5.36986301369863,0,9,0,0,0,0
T102566,CUST7964,2023-07-30 14:04:00,21.16,Travel,Credit Card,Desktop,Delhi,0,48,208.87,1200,0,0,0.10130703308277876,187.71,0,0,3.287671232876712,0,14,6,0,1,0
T102567,CUST5759,2023-03-17 14:00:00,26.39,Fashion,Debit Card,Mobile,Bengaluru,1,46,80.89,104,0,1,0.32624551860551365,54.5,0,0,0.28493150684931506,0,14,4,0,0,1
T102568,CUST8376,2023-05-24 13:05:00,130.16,Electronics,PayPal,POS,Mumbai,0,46,145.85,502,0,0,0.8924237230030854,15.689999999999998,0,0,1.3753424657534246,0,13,2,0,0,0
T102569,CUST8739,2023-05-11 15:31:00,211.86,Health,Debit Card,Mobile,Delhi,0,48,473.95,1054,0,0,0.44700917818335273,262.09,0,0,2.8876712328767122,0,15,3,0,0,0
T102570,CUST2076,2024-01-16 15:25:00,41.55,Utilities,NetBanking,POS,Kolkata,0,187,425.07,445,0,0,0.0977486061119345,383.52,0,0,1.2191780821917808,0,15,1,0,0,0
T102571,CUST2108,2023-10-27 09:03:00,189.25,Utilities,Debit Card,Desktop,Bengaluru,0,120,300.31,1522,0,0,0.6301821451167128,111.06,0,0,4.16986301369863,0,9,4,0,0,0
T102572,CUST6454,2023-03-10 08:41:00,31.03,Grocery,NetBanking,Desktop,Hyderabad,0,132,206.62,1418,0,0,0.1501790726938341,175.59,0,0,3.884931506849315,0,8,4,0,0,0
T102573,CUST7930,2023-09-26 11:10:00,51.77,Electronics,Debit Card,POS,Hyderabad,0,19,139.52,1898,0,0,0.3710579128440367,87.75,0,0,5.2,0,11,1,0,0,0
T102574,CUST8883,2023-03-18 22:34:00,20.5,Health,PayPal,Desktop,Delhi,0,185,290.01,1727,0,0,0.07068721768214889,269.51,0,0,4.7315068493150685,0,22,5,0,1,0
T102575,CUST8006,2023-02-06 17:22:00,81.84,Utilities,Credit Card,Mobile,Mumbai,0,19,271.25,46,0,0,0.3017142857142857,189.41,0,0,0.12602739726027398,0,17,0,0,0,0
T102576,CUST5258,2023-12-13 02:56:00,308.99,Electronics,PayPal,Desktop,Bengaluru,0,42,392.58,1563,0,0,0.7870752458097713,83.58999999999997,0,0,4.282191780821917,0,2,2,1,0,1
T102577,CUST1201,2023-12-19 07:12:00,74.0,Food,NetBanking,Desktop,Hyderabad,0,92,464.73,1808,0,0,0.15923224237729433,390.73,0,0,4.953424657534247,0,7,1,0,0,0
T102578,CUST1159,2023-01-19 11:11:00,35.43,Food,UPI,Desktop,Hyderabad,0,5,171.18,1492,0,0,0.206975113915177,135.75,0,0,4.087671232876712,0,11,3,0,0,0
T102579,CUST5383,2023-06-10 08:53:00,83.49,Electronics,PayPal,Desktop,Mumbai,0,48,111.09,1932,0,0,0.7515527950310559,27.60000000000001,0,0,5.293150684931507,0,8,5,0,1,0
T102580,CUST9147,2023-10-02 08:26:00,10.49,Utilities,Debit Card,Mobile,Delhi,0,153,207.37,1584,0,0,0.050585909244345854,196.88,0,0,4.33972602739726,0,8,0,0,0,0
T102581,CUST8645,2023-01-21 02:43:00,175.61,Entertainment,Credit Card,POS,Chennai,0,195,224.4,1895,0,0,0.7825757575757576,48.78999999999999,0,0,5.191780821917808,0,2,5,1,1,1
T102582,CUST8266,2023-04-08 07:09:00,55.95,Travel,Debit Card,Desktop,Kolkata,0,26,29.54,1991,0,0,1.8940419769803658,26.410000000000004,0,0,5.454794520547945,0,7,5,0,1,0
T102583,CUST3752,2023-09-17 21:02:00,47.73,Food,Debit Card,Desktop,Pune,0,74,432.23,1112,0,0,0.11042731878860791,384.5,0,0,3.0465753424657533,0,21,6,0,1,0
T102584,CUST8952,2023-07-20 12:59:00,70.53,Entertainment,PayPal,Mobile,Kolkata,0,190,497.84,1766,0,0,0.14167202313996466,427.30999999999995,0,0,4.838356164383562,0,12,3,0,0,0
T102585,CUST4829,2024-01-24 12:03:00,78.42,Entertainment,Credit Card,Mobile,Bengaluru,0,109,462.37,1168,0,0,0.16960442935311548,383.95,0,0,3.2,0,12,2,0,0,0
T102586,CUST4507,2023-10-16 16:45:00,5.96,Grocery,UPI,Mobile,Hyderabad,0,135,431.73,232,0,0,0.013804924374030065,425.77000000000004,0,0,0.6356164383561644,0,16,0,0,0,0
T102587,CUST6051,2023-07-25 02:16:00,91.81,Health,Debit Card,Desktop,Pune,0,172,496.37,1859,0,0,0.18496283014686626,404.56,0,0,5.093150684931507,0,2,1,1,0,1
T102588,CUST4069,2023-04-19 23:54:00,22.16,Fashion,Credit Card,POS,Pune,0,87,454.83,1596,0,0,0.04872150034078667,432.66999999999996,0,0,4.372602739726028,0,23,2,0,0,0
T102589,CUST9032,2024-01-08 09:04:00,100.13,Food,UPI,Mobile,Chennai,0,155,347.3,1247,0,0,0.2883098186006334,247.17000000000002,0,0,3.4164383561643836,0,9,0,0,0,0
T102590,CUST2641,2023-09-13 20:16:00,138.32,Electronics,Debit Card,Mobile,Pune,0,170,91.71,501,0,0,1.508232471922364,46.61,0,0,1.3726027397260274,0,20,2,0,0,0
T102591,CUST9460,2023-08-04 08:19:00,130.35,Travel,Credit Card,Mobile,Mumbai,0,73,86.61,1159,0,0,1.5050225147211638,43.739999999999995,0,0,3.175342465753425,0,8,4,0,0,0
T102592,CUST5677,2023-08-30 18:04:00,64.33,Fashion,PayPal,POS,Delhi,0,56,33.9,908,0,0,1.8976401179941003,30.43,0,0,2.4876712328767123,0,18,2,0,0,0
T102593,CUST6356,2023-01-29 18:51:00,58.75,Health,Debit Card,Desktop,Bengaluru,0,131,211.8,994,0,0,0.27738432483474973,153.05,0,0,2.723287671232877,0,18,6,0,1,0
T102594,CUST8960,2023-11-23 12:01:00,12.33,Entertainment,Debit Card,Desktop,Mumbai,0,126,406.32,847,0,0,0.030345540460720615,393.99,0,0,2.3205479452054796,0,12,3,0,0,0
T102595,CUST5147,2023-05-13 10:57:00,119.46,Health,Credit Card,Desktop,Delhi,0,141,250.25,1179,1,1,0.47736263736263734,130.79000000000002,0,0,3.23013698630137,0,10,5,0,1,1
T102596,CUST8984,2024-01-06 16:35:00,25.33,Utilities,Debit Card,Mobile,Mumbai,0,198,189.5,443,0,0,0.13366754617414248,164.17000000000002,0,0,1.2136986301369863,0,16,5,0,1,0
T102597,CUST7694,2023-06-10 19:57:00,54.92,Food,UPI,Desktop,Hyderabad,0,59,63.53,1668,0,0,0.8644734770974343,8.61,0,0,4.5698630136986305,0,19,5,0,1,0
T102598,CUST5665,2023-09-10 23:00:00,26.76,Health,Debit Card,Mobile,Hyderabad,0,38,35.36,1728,0,0,0.7567873303167422,8.599999999999998,0,0,4.734246575342466,0,23,6,0,1,0
T102599,CUST8392,2023-02-19 14:04:00,11.49,Health,NetBanking,POS,Chennai,0,85,205.6,1563,0,0,0.055885214007782104,194.10999999999999,0,0,4.282191780821917,0,14,6,0,1,0
T102600,CUST3613,2023-09-24 17:19:00,79.44,Travel,UPI,POS,Mumbai,0,83,58.96,530,0,0,1.3473541383989145,20.479999999999997,0,0,1.452054794520548,0,17,6,0,1,0
T102601,CUST4250,2023-01-23 07:40:00,4.47,Utilities,Credit Card,Desktop,Kolkata,0,196,60.74,1880,0,0,0.07359236088244978,56.27,0,0,5.1506849315068495,0,7,0,0,0,0
T102602,CUST3235,2024-01-15 08:36:00,110.47,Utilities,UPI,Mobile,Pune,0,86,203.72,150,0,0,0.5422638916159435,93.25,0,0,0.410958904109589,0,8,0,0,0,0
T102603,CUST9884,2023-05-27 07:32:00,30.57,Entertainment,NetBanking,Mobile,Hyderabad,0,197,256.39,1805,0,0,0.11923241936112954,225.82,0,0,4.945205479452055,0,7,5,0,1,0
T102604,CUST3818,2023-03-25 10:57:00,0.01,Travel,NetBanking,Desktop,Delhi,0,1,101.47,1966,1,0,9.855129594954174e-05,101.46,0,0,5.3863013698630136,1,10,5,0,1,1
T102605,CUST2384,2023-12-30 19:21:00,57.25,Travel,Debit Card,POS,Chennai,0,178,345.47,636,0,0,0.16571627058789473,288.22,0,0,1.7424657534246575,0,19,5,0,1,0
T102606,CUST1939,2023-12-26 17:00:00,3.84,Electronics,Debit Card,POS,Pune,0,137,215.16,1261,0,0,0.01784718349135527,211.32,0,0,3.4547945205479453,0,17,1,0,0,0
T102607,CUST8401,2024-01-22 02:05:00,25.86,Health,PayPal,POS,Bengaluru,1,128,55.04,1714,0,1,0.46984011627906974,29.18,0,0,4.695890410958904,0,2,0,1,0,2
T102608,CUST7687,2023-01-21 12:04:00,98.2,Health,UPI,POS,Mumbai,0,53,322.15,379,0,0,0.30482694397020027,223.95,0,0,1.0383561643835617,0,12,5,0,1,0
T102609,CUST6871,2024-01-18 00:06:00,5.18,Utilities,PayPal,POS,Kolkata,0,88,184.9,849,0,0,0.028015143320713896,179.72,0,0,2.326027397260274,0,0,3,1,0,1
T102610,CUST9868,2023-03-25 16:15:00,146.28,Health,NetBanking,Desktop,Hyderabad,0,138,35.64,1246,0,0,4.104377104377105,110.64,1,0,3.4136986301369863,0,16,5,0,1,1
T102611,CUST1029,2023-12-31 19:10:00,0.31,Grocery,Debit Card,Desktop,Kolkata,0,84,474.51,683,0,0,0.0006533055151630103,474.2,0,0,1.8712328767123287,0,19,6,0,1,0
T102612,CUST7792,2023-03-30 05:50:00,22.68,Travel,Debit Card,Desktop,Pune,0,77,289.89,813,0,0,0.07823657249301459,267.21,0,0,2.2273972602739724,0,5,3,0,0,0
T102613,CUST1028,2023-11-13 17:41:00,108.04,Fashion,Debit Card,POS,Delhi,1,29,244.08,1876,0,0,0.44264175680104884,136.04000000000002,0,0,5.13972602739726,0,17,0,0,0,1
T102614,CUST1209,2023-09-07 15:45:00,30.42,Utilities,Credit Card,POS,Mumbai,0,36,430.98,1446,0,0,0.0705833217318669,400.56,0,0,3.9616438356164383,0,15,3,0,0,0
T102615,CUST4157,2023-02-17 09:43:00,8.6,Food,NetBanking,Desktop,Kolkata,0,27,469.0,526,0,0,0.01833688699360341,460.4,0,0,1.441095890410959,0,9,4,0,0,0
T102616,CUST1233,2023-04-01 13:59:00,35.73,Utilities,Debit Card,Desktop,Delhi,0,146,117.96,421,0,0,0.3028992878942014,82.22999999999999,0,0,1.1534246575342466,0,13,5,0,1,0
T102617,CUST7398,2023-02-16 17:44:00,25.22,Entertainment,NetBanking,POS,Chennai,0,18,406.97,1766,0,0,0.06197016979138511,381.75,0,0,4.838356164383562,0,17,3,0,0,0
T102618,CUST3419,2023-10-16 22:12:00,147.97,Fashion,Debit Card,Mobile,Hyderabad,0,118,417.23,1727,0,0,0.3546485152074395,269.26,0,0,4.7315068493150685,0,22,0,0,0,0
T102619,CUST3350,2023-12-29 11:35:00,30.07,Entertainment,UPI,Desktop,Hyderabad,0,137,36.66,1162,0,0,0.820240043644299,6.589999999999996,0,0,3.1835616438356165,0,11,4,0,0,0
T102620,CUST2503,2024-01-28 09:02:00,124.45,Electronics,NetBanking,POS,Chennai,0,67,358.85,958,0,0,0.34680228507733035,234.40000000000003,0,0,2.6246575342465754,0,9,6,0,1,0
T102621,CUST2772,2024-02-15 07:50:00,177.96,Electronics,PayPal,POS,Delhi,0,135,40.85,499,0,0,4.3564259485924115,137.11,1,0,1.367123287671233,0,7,3,0,0,1
T102622,CUST8819,2023-06-08 08:20:00,45.51,Entertainment,Credit Card,Desktop,Kolkata,0,58,301.39,379,0,0,0.151000364975613,255.88,0,0,1.0383561643835617,0,8,3,0,0,0
T102623,CUST2521,2023-10-13 06:00:00,192.59,Health,PayPal,Mobile,Mumbai,0,30,337.93,804,0,0,0.5699109282987601,145.34,0,0,2.202739726027397,0,6,4,0,0,0
T102624,CUST9708,2023-12-17 13:58:00,37.9,Fashion,NetBanking,POS,Delhi,0,73,189.86,1775,0,0,0.1996207732013062,151.96,0,0,4.863013698630137,0,13,6,0,1,0
T102625,CUST7829,2023-11-23 19:59:00,266.11,Health,Debit Card,Desktop,Mumbai,0,123,441.59,178,0,0,0.602617812903372,175.47999999999996,0,0,0.4876712328767123,0,19,3,0,0,0
T102626,CUST5000,2024-01-05 12:37:00,7.48,Utilities,NetBanking,POS,Pune,0,189,402.25,285,0,0,0.018595400870105656,394.77,0,0,0.7808219178082192,0,12,4,0,0,0
T102627,CUST4904,2024-02-04 06:02:00,92.93,Grocery,Credit Card,POS,Chennai,0,82,463.72,1442,0,0,0.2004011041145519,370.79,0,0,3.9506849315068493,0,6,6,0,1,0
T102628,CUST7283,2023-02-10 22:15:00,54.47,Electronics,NetBanking,POS,Bengaluru,0,17,164.3,1252,1,0,0.3315276932440657,109.83000000000001,0,0,3.43013698630137,0,22,4,0,0,1
T102629,CUST5672,2023-05-18 03:54:00,39.24,Electronics,Debit Card,POS,Mumbai,0,181,20.55,1961,0,0,1.9094890510948905,18.69,0,0,5.372602739726028,0,3,3,1,0,1
T102630,CUST5075,2023-09-02 08:57:00,80.13,Fashion,PayPal,Mobile,Hyderabad,0,134,407.62,1496,0,0,0.19658014817722388,327.49,0,0,4.098630136986301,0,8,5,0,1,0
T102631,CUST8450,2023-10-18 00:58:00,97.35,Electronics,UPI,Desktop,Pune,0,39,119.26,1902,0,0,0.8162837497903739,21.91000000000001,0,0,5.210958904109589,0,0,2,1,0,1
T102632,CUST7883,2023-01-18 23:06:00,0.35,Grocery,PayPal,Desktop,Hyderabad,0,153,238.91,1239,0,0,0.001464986815118664,238.56,0,0,3.3945205479452056,0,23,2,0,0,0
T102633,CUST1686,2023-06-16 09:08:00,14.61,Grocery,Debit Card,Desktop,Pune,1,170,410.49,373,0,0,0.03559161002704085,395.88,0,0,1.021917808219178,0,9,4,0,0,1
T102634,CUST2029,2023-03-16 08:54:00,99.87,Grocery,Debit Card,Desktop,Hyderabad,1,170,115.91,706,0,0,0.8616167716331637,16.039999999999992,0,0,1.9342465753424658,0,8,3,0,0,1
T102635,CUST5511,2023-12-21 18:14:00,87.82,Food,Credit Card,Desktop,Delhi,0,59,162.84,137,0,0,0.5393023827069515,75.02000000000001,0,0,0.37534246575342467,0,18,3,0,0,0
T102636,CUST7723,2023-02-07 13:42:00,270.62,Grocery,NetBanking,Mobile,Kolkata,0,102,225.15,624,0,0,1.2019542527204086,45.47,0,0,1.7095890410958905,0,13,1,0,0,0
T102637,CUST7322,2023-01-31 14:56:00,114.52,Grocery,NetBanking,POS,Delhi,0,38,143.19,1866,0,0,0.7997765207067532,28.67,0,0,5.112328767123287,0,14,1,0,0,0
T102638,CUST2300,2023-11-06 02:33:00,240.9,Food,PayPal,POS,Delhi,0,159,236.05,1133,0,1,1.0205464943867824,4.849999999999994,0,0,3.1041095890410957,0,2,0,1,0,1
T102639,CUST5952,2023-07-17 13:52:00,97.0,Health,UPI,Desktop,Kolkata,0,157,14.7,1306,0,0,6.598639455782314,82.3,1,0,3.578082191780822,0,13,0,0,0,1
T102640,CUST2511,2023-07-14 10:20:00,28.31,Utilities,UPI,POS,Pune,0,104,113.97,54,0,0,0.24839870141265244,85.66,0,0,0.14794520547945206,0,10,4,0,0,0
T102641,CUST9174,2023-08-04 05:13:00,8.91,Travel,Credit Card,POS,Pune,0,9,417.95,312,0,0,0.02131833951429597,409.03999999999996,0,0,0.8547945205479452,0,5,4,0,0,0
T102642,CUST6986,2023-11-19 14:51:00,121.8,Electronics,Debit Card,POS,Kolkata,1,1,212.61,1616,0,0,0.5728799209820798,90.81000000000002,0,0,4.427397260273972,1,14,6,0,1,1
T102643,CUST2725,2023-10-08 07:44:00,82.66,Grocery,Credit Card,Desktop,Hyderabad,0,102,321.84,916,0,0,0.25683569475515783,239.17999999999998,0,0,2.5095890410958903,0,7,6,0,1,0
T102644,CUST5315,2023-07-03 00:39:00,3.95,Electronics,NetBanking,Desktop,Mumbai,0,87,123.82,967,0,1,0.0319011468260378,119.86999999999999,0,0,2.649315068493151,0,0,0,1,0,1
T102645,CUST9708,2023-09-17 02:50:00,35.71,Fashion,Debit Card,Mobile,Pune,0,123,328.44,649,0,0,0.1087260991353063,292.73,0,0,1.7780821917808218,0,2,6,1,1,1
T102646,CUST6493,2023-11-07 10:24:00,251.35,Electronics,Credit Card,Desktop,Hyderabad,0,47,499.99,267,0,0,0.5027100542010841,248.64000000000001,0,0,0.7315068493150685,0,10,1,0,0,0
T102647,CUST5635,2023-08-01 00:34:00,55.52,Entertainment,PayPal,Mobile,Mumbai,0,76,301.69,967,0,0,0.18402996453313006,246.17,0,0,2.649315068493151,0,0,1,1,0,1
T102648,CUST6069,2023-03-06 07:20:00,45.35,Health,NetBanking,Desktop,Kolkata,1,10,317.9,345,0,0,0.14265492293173956,272.54999999999995,0,0,0.9452054794520548,0,7,0,0,0,1
T102649,CUST2540,2023-06-26 03:21:00,48.95,Utilities,UPI,POS,Delhi,0,144,64.64,869,0,0,0.7572710396039605,15.689999999999998,0,0,2.3808219178082193,0,3,0,1,0,1
T102650,CUST4460,2023-10-05 11:46:00,18.74,Food,Credit Card,Mobile,Pune,0,175,207.66,492,0,0,0.09024366753346816,188.92,0,0,1.347945205479452,0,11,3,0,0,0
T102651,CUST3937,2023-12-20 23:30:00,36.8,Electronics,NetBanking,Mobile,Bengaluru,0,43,431.76,1751,0,0,0.08523253659440429,394.96,0,0,4.7972602739726025,0,23,2,0,0,0
T102652,CUST5481,2023-05-03 15:13:00,36.94,Electronics,NetBanking,Mobile,Delhi,0,152,418.79,621,0,0,0.08820649967764273,381.85,0,0,1.7013698630136986,0,15,2,0,0,0
T102653,CUST8399,2023-04-23 18:19:00,4.3,Electronics,UPI,Desktop,Chennai,0,136,265.98,869,0,0,0.016166629069854874,261.68,0,0,2.3808219178082193,0,18,6,0,1,0
T102654,CUST2985,2023-05-25 03:26:00,116.73,Travel,UPI,Mobile,Mumbai,1,75,452.69,1025,0,1,0.25785857871832824,335.96,0,0,2.808219178082192,0,3,3,1,0,2
T102655,CUST2293,2024-01-13 00:49:00,43.1,Travel,UPI,Desktop,Bengaluru,0,105,80.04,1661,0,0,0.5384807596201899,36.940000000000005,0,0,4.550684931506849,0,0,5,1,1,1
T102656,CUST2699,2023-04-05 06:39:00,138.16,Fashion,Credit Card,Mobile,Delhi,0,26,332.51,1435,1,0,0.4155063005623891,194.35,0,0,3.9315068493150687,0,6,2,0,0,1
T102657,CUST8745,2023-06-15 03:10:00,151.96,Food,UPI,Desktop,Pune,1,7,131.95,1518,0,0,1.1516483516483518,20.01000000000002,0,0,4.158904109589041,0,3,3,1,0,2
T102658,CUST5631,2023-10-25 09:03:00,19.06,Electronics,PayPal,Mobile,Bengaluru,0,79,326.33,179,0,0,0.05840713388287929,307.27,0,0,0.4904109589041096,0,9,2,0,0,0
T102659,CUST6814,2023-08-25 05:00:00,85.68,Electronics,NetBanking,POS,Hyderabad,0,15,52.83,381,0,0,1.6218057921635436,32.85000000000001,0,0,1.0438356164383562,0,5,4,0,0,0
T102660,CUST4969,2023-06-30 06:55:00,51.14,Electronics,UPI,POS,Mumbai,1,176,472.37,471,0,0,0.10826259076571332,421.23,0,0,1.2904109589041095,0,6,4,0,0,1
T102661,CUST5724,2023-08-31 14:02:00,169.73,Electronics,NetBanking,Mobile,Chennai,0,131,395.3,424,0,0,0.4293700986592461,225.57000000000002,0,0,1.1616438356164382,0,14,3,0,0,0
T102662,CUST9790,2023-06-18 01:15:00,19.44,Travel,Debit Card,Desktop,Hyderabad,0,144,108.47,1418,0,0,0.17922006084631698,89.03,0,0,3.884931506849315,0,1,6,1,1,1
T102663,CUST1571,2023-12-23 11:33:00,90.61,Health,Debit Card,Desktop,Bengaluru,0,89,322.27,35,0,0,0.2811617587736991,231.65999999999997,0,0,0.0958904109589041,0,11,5,0,1,0
T102664,CUST9586,2023-08-31 04:32:00,74.87,Health,UPI,Desktop,Delhi,0,97,381.98,563,0,0,0.19600502644117493,307.11,0,0,1.5424657534246575,0,4,3,1,0,1
T102665,CUST3155,2023-08-05 22:47:00,28.0,Fashion,NetBanking,POS,Mumbai,0,142,112.63,249,0,0,0.24860161591050342,84.63,0,0,0.6821917808219178,0,22,5,0,1,0
T102666,CUST4215,2023-05-15 15:43:00,11.75,Entertainment,Debit Card,POS,Pune,0,3,55.73,900,0,0,0.21083796877803698,43.98,0,0,2.4657534246575343,1,15,0,0,0,0
T102667,CUST6813,2023-06-08 22:55:00,84.36,Grocery,UPI,POS,Chennai,0,73,182.37,41,0,0,0.4625760815923671,98.01,0,0,0.11232876712328767,0,22,3,0,0,0
T102668,CUST2694,2024-01-02 06:23:00,107.34,Food,NetBanking,Desktop,Delhi,0,198,76.52,824,0,0,1.4027705175117617,30.820000000000007,0,0,2.2575342465753425,0,6,1,0,0,0
T102669,CUST9505,2023-09-14 21:22:00,30.34,Health,UPI,Desktop,Chennai,0,31,287.2,1438,0,0,0.10564066852367689,256.86,0,0,3.9397260273972603,0,21,3,0,0,0
T102670,CUST9889,2023-11-11 12:55:00,82.81,Entertainment,NetBanking,Desktop,Pune,0,119,217.82,733,0,0,0.3801762923514829,135.01,0,0,2.0082191780821916,0,12,5,0,1,0
T102671,CUST6347,2023-12-29 15:46:00,40.22,Utilities,Debit Card,Mobile,Kolkata,0,75,236.59,487,0,0,0.16999873198360033,196.37,0,0,1.3342465753424657,0,15,4,0,0,0
T102672,CUST4978,2023-06-07 18:31:00,99.92,Utilities,UPI,Mobile,Mumbai,0,17,276.0,254,0,0,0.3620289855072464,176.07999999999998,0,0,0.6958904109589041,0,18,2,0,0,0
T102673,CUST3207,2023-07-29 05:27:00,17.77,Electronics,Debit Card,Mobile,Bengaluru,0,177,491.21,365,0,1,0.03617597361617231,473.44,0,0,1.0,0,5,5,0,1,0
T102674,CUST6368,2023-01-12 13:44:00,176.74,Utilities,UPI,POS,Chennai,0,3,398.39,196,0,0,0.44363563342453377,221.64999999999998,0,0,0.536986301369863,1,13,3,0,0,0
T102675,CUST2526,2023-01-19 16:13:00,27.11,Health,Credit Card,POS,Mumbai,0,123,318.44,1369,0,0,0.0851337771636729,291.33,0,0,3.750684931506849,0,16,3,0,0,0
T102676,CUST9792,2023-04-13 21:52:00,36.68,Fashion,Debit Card,Desktop,Chennai,0,55,188.22,1169,0,0,0.1948783338646265,151.54,0,0,3.202739726027397,0,21,3,0,0,0
T102677,CUST7730,2023-04-08 12:14:00,4.79,Grocery,Debit Card,Mobile,Delhi,0,111,23.26,1891,0,0,0.205932932072227,18.470000000000002,0,0,5.1808219178082195,0,12,5,0,1,0
T102678,CUST2842,2023-09-19 06:51:00,9.46,Health,PayPal,Desktop,Chennai,0,100,67.1,1974,0,0,0.14098360655737707,57.63999999999999,0,0,5.4082191780821915,0,6,1,0,0,0
T102679,CUST4456,2023-11-11 02:09:00,58.03,Fashion,Debit Card,Mobile,Kolkata,0,40,368.12,527,0,0,0.15763881343040312,310.09000000000003,0,0,1.4438356164383561,0,2,5,1,1,1
T102680,CUST3042,2023-02-10 21:41:00,24.91,Utilities,NetBanking,Mobile,Delhi,1,122,190.91,177,0,1,0.13048033104604265,166.0,0,0,0.4849315068493151,0,21,4,0,0,1
T102681,CUST9237,2023-09-02 20:25:00,144.38,Travel,UPI,Desktop,Delhi,0,194,173.87,65,0,0,0.8303905216541093,29.49000000000001,0,0,0.1780821917808219,0,20,5,0,1,0
T102682,CUST5535,2023-01-02 22:53:00,1.18,Grocery,Credit Card,Desktop,Mumbai,1,40,445.6,1460,0,0,0.002648114901256732,444.42,0,0,4.0,0,22,0,0,0,1
T102683,CUST5928,2023-11-10 22:54:00,38.13,Fashion,NetBanking,Mobile,Hyderabad,0,30,247.41,1438,0,0,0.15411664847823453,209.28,0,0,3.9397260273972603,0,22,4,0,0,0
T102684,CUST6288,2023-02-26 09:57:00,32.92,Entertainment,NetBanking,Mobile,Pune,0,25,450.79,1810,1,1,0.07302735198207591,417.87,0,0,4.958904109589041,0,9,6,0,1,1
T102685,CUST2261,2023-05-02 06:18:00,1.56,Health,NetBanking,POS,Chennai,0,7,444.45,1019,0,0,0.003509956125548431,442.89,0,0,2.791780821917808,0,6,1,0,0,0
T102686,CUST8373,2023-08-05 13:59:00,10.62,Travel,NetBanking,Desktop,Bengaluru,0,92,49.29,1464,0,0,0.21545952525867315,38.67,0,0,4.010958904109589,0,13,5,0,1,0
T102687,CUST6640,2023-06-03 13:35:00,42.71,Entertainment,Credit Card,Desktop,Delhi,0,105,473.23,337,0,0,0.09025209728884474,430.52000000000004,0,0,0.9232876712328767,0,13,5,0,1,0
T102688,CUST6543,2023-01-01 18:05:00,54.32,Fashion,PayPal,Desktop,Hyderabad,0,178,47.71,671,0,0,1.1385453783273947,6.609999999999999,0,0,1.8383561643835618,0,18,6,0,1,0
T102689,CUST9285,2023-08-31 01:45:00,41.44,Fashion,Debit Card,Desktop,Delhi,0,123,482.12,269,0,0,0.0859537044719157,440.68,0,0,0.736986301369863,0,1,3,1,0,1
T102690,CUST1518,2023-12-20 01:33:00,60.56,Utilities,NetBanking,Mobile,Hyderabad,0,81,231.78,946,1,0,0.26128225040987146,171.22,0,0,2.591780821917808,0,1,2,1,0,2
T102691,CUST2152,2023-08-20 06:59:00,72.34,Entertainment,Debit Card,POS,Hyderabad,0,96,382.82,934,0,0,0.1889660937255107,310.48,0,0,2.558904109589041,0,6,6,0,1,0
T102692,CUST1642,2023-07-10 02:43:00,0.8,Health,Debit Card,Desktop,Bengaluru,0,1,356.01,1420,0,0,0.0022471278896660208,355.21,0,0,3.8904109589041096,1,2,0,1,0,1
T102693,CUST9611,2023-09-29 07:42:00,49.9,Grocery,NetBanking,Mobile,Hyderabad,0,91,264.06,885,0,0,0.1889722032871317,214.16,0,0,2.4246575342465753,0,7,4,0,0,0
T102694,CUST6880,2023-10-26 16:42:00,264.83,Travel,PayPal,Mobile,Bengaluru,0,172,313.53,333,0,0,0.8446719612158327,48.69999999999999,0,0,0.9123287671232877,0,16,3,0,0,0
T102695,CUST6537,2023-07-11 14:06:00,58.56,Utilities,Debit Card,Mobile,Mumbai,0,177,475.46,646,0,0,0.12316493501030581,416.9,0,0,1.7698630136986302,0,14,1,0,0,0
T102696,CUST9835,2023-07-13 23:20:00,90.54,Electronics,UPI,Mobile,Delhi,1,7,464.4,1220,0,1,0.19496124031007755,373.85999999999996,0,0,3.3424657534246576,0,23,3,0,0,1
T102697,CUST9322,2023-10-13 09:56:00,29.9,Food,Debit Card,Mobile,Bengaluru,0,120,330.62,583,0,0,0.09043615026314197,300.72,0,0,1.5972602739726027,0,9,4,0,0,0
T102698,CUST1198,2023-07-31 14:26:00,118.97,Grocery,NetBanking,Desktop,Pune,0,131,332.28,795,0,0,0.3580414108583123,213.30999999999997,0,0,2.1780821917808217,0,14,0,0,0,0
T102699,CUST9996,2023-05-10 15:40:00,118.6,Utilities,Credit Card,Desktop,Kolkata,0,94,131.0,1915,0,0,0.9053435114503816,12.400000000000006,0,0,5.2465753424657535,0,15,2,0,0,0
T102700,CUST9847,2024-01-31 12:19:00,58.93,Travel,Debit Card,POS,Delhi,0,129,416.03,1354,0,0,0.1416484388145086,357.09999999999997,0,0,3.7095890410958905,0,12,2,0,0,0
T102701,CUST3034,2024-01-23 11:09:00,298.42,Entertainment,PayPal,Desktop,Kolkata,0,179,319.98,927,0,0,0.9326207887993,21.560000000000002,0,0,2.5397260273972604,0,11,1,0,0,0
T102702,CUST5131,2023-11-07 13:17:00,10.73,Fashion,UPI,Mobile,Pune,0,98,414.86,1001,0,0,0.02586414694113677,404.13,0,0,2.7424657534246575,0,13,1,0,0,0
T102703,CUST7461,2023-11-25 06:50:00,1.37,Entertainment,UPI,POS,Chennai,0,166,332.35,1258,0,0,0.004122160373100647,330.98,0,0,3.4465753424657533,0,6,5,0,1,0
T102704,CUST2535,2023-04-18 06:17:00,117.63,Utilities,Credit Card,Mobile,Pune,0,43,156.67,224,0,0,0.7508138124720751,39.03999999999999,0,0,0.6136986301369863,0,6,1,0,0,0
T102705,CUST8499,2023-08-07 13:30:00,131.67,Travel,Credit Card,Mobile,Mumbai,0,183,102.85,1224,0,0,1.2802139037433156,28.819999999999993,0,0,3.3534246575342466,0,13,0,0,0,0
T102706,CUST7196,2023-05-23 01:00:00,10.25,Entertainment,Debit Card,Desktop,Chennai,0,185,47.71,1815,0,0,0.21483965625655,37.46,0,0,4.972602739726027,0,1,1,1,0,1
T102707,CUST1358,2023-12-15 13:57:00,24.69,Entertainment,NetBanking,Mobile,Chennai,0,53,297.14,1669,0,0,0.08309214511677998,272.45,0,0,4.572602739726028,0,13,4,0,0,0
T102708,CUST6178,2023-12-31 17:22:00,1.42,Food,PayPal,Desktop,Hyderabad,0,161,149.19,1928,0,0,0.00951806421341913,147.77,0,0,5.282191780821917,0,17,6,0,1,0
T102709,CUST4034,2023-06-01 12:53:00,27.77,Health,UPI,Mobile,Pune,0,190,318.95,1455,0,0,0.08706693839159743,291.18,0,0,3.9863013698630136,0,12,3,0,0,0
T102710,CUST4029,2023-07-07 09:47:00,118.67,Utilities,Credit Card,POS,Hyderabad,0,102,38.74,1092,0,0,3.063242127000516,79.93,1,0,2.9917808219178084,0,9,4,0,0,1
T102711,CUST4750,2023-03-17 15:13:00,58.38,Food,PayPal,Mobile,Pune,1,139,194.07,1801,0,0,0.30081929200803836,135.69,0,0,4.934246575342466,0,15,4,0,0,1
T102712,CUST4333,2023-01-03 01:03:00,34.23,Utilities,NetBanking,Desktop,Chennai,0,180,137.67,675,0,1,0.24863804750490304,103.44,0,0,1.8493150684931507,0,1,1,1,0,1
T102713,CUST6553,2023-12-27 13:19:00,37.18,Electronics,UPI,Mobile,Hyderabad,0,1,191.46,281,0,0,0.1941919983286326,154.28,0,0,0.7698630136986301,1,13,2,0,0,0
T102714,CUST9869,2023-06-14 14:27:00,0.11,Electronics,UPI,Desktop,Kolkata,0,14,36.6,1735,0,0,0.0030054644808743167,36.49,0,0,4.7534246575342465,0,14,2,0,0,0
T102715,CUST1410,2023-11-29 15:06:00,28.51,Food,NetBanking,Desktop,Delhi,0,122,364.85,1336,0,0,0.07814170206934357,336.34000000000003,0,0,3.66027397260274,0,15,2,0,0,0
T102716,CUST4585,2023-05-09 15:21:00,83.18,Grocery,UPI,POS,Pune,0,21,67.18,236,0,0,1.2381661208693062,16.0,0,0,0.6465753424657534,0,15,1,0,0,0
T102717,CUST2805,2023-09-05 10:05:00,292.57,Grocery,NetBanking,Desktop,Pune,0,34,17.06,529,0,0,17.14947245017585,275.51,1,0,1.4493150684931506,0,10,1,0,0,1
T102718,CUST2872,2023-10-01 08:59:00,150.22,Entertainment,UPI,POS,Hyderabad,1,105,473.68,1196,0,1,0.31713393007937846,323.46000000000004,0,0,3.276712328767123,0,8,6,0,1,1
T102719,CUST7491,2023-12-31 18:15:00,1.91,Entertainment,Debit Card,POS,Pune,0,14,104.51,48,0,0,0.01827576308487226,102.60000000000001,0,0,0.13150684931506848,0,18,6,0,1,0
T102720,CUST6804,2023-10-04 20:17:00,183.06,Fashion,NetBanking,Mobile,Chennai,0,168,415.75,1755,0,0,0.4403126879134095,232.69,0,0,4.808219178082192,0,20,2,0,0,0
T102721,CUST5593,2023-10-21 11:30:00,122.3,Electronics,PayPal,POS,Hyderabad,0,122,482.59,1629,0,0,0.2534242317495182,360.28999999999996,0,0,4.463013698630137,0,11,5,0,1,0
T102722,CUST5137,2023-11-10 18:42:00,121.27,Utilities,Debit Card,Desktop,Hyderabad,0,163,271.72,1795,0,0,0.44630501987339904,150.45000000000005,0,0,4.917808219178082,0,18,4,0,0,0
T102723,CUST4919,2023-09-05 21:06:00,49.0,Fashion,PayPal,Desktop,Bengaluru,0,170,267.8,848,0,0,0.18297236743838685,218.8,0,0,2.3232876712328765,0,21,1,0,0,0
T102724,CUST9036,2023-05-14 12:24:00,40.6,Electronics,UPI,POS,Kolkata,0,82,190.03,716,0,0,0.2136504762405936,149.43,0,0,1.9616438356164383,0,12,6,0,1,0
T102725,CUST4337,2023-11-14 22:31:00,28.87,Food,PayPal,Mobile,Kolkata,0,148,218.54,1878,0,0,0.1321039626612977,189.67,0,0,5.145205479452055,0,22,1,0,0,0
T102726,CUST7569,2023-01-12 12:07:00,5.44,Grocery,Debit Card,POS,Bengaluru,0,60,246.22,49,0,0,0.022094062220778168,240.78,0,0,0.13424657534246576,0,12,3,0,0,0
T102727,CUST4592,2023-01-18 19:28:00,20.73,Entertainment,NetBanking,POS,Chennai,0,137,84.53,1841,0,0,0.24523837690760678,63.8,0,0,5.043835616438356,0,19,2,0,0,0
T102728,CUST6232,2023-05-11 12:04:00,22.65,Grocery,Credit Card,Desktop,Delhi,0,115,188.72,1903,0,0,0.12001907587961,166.07,0,0,5.213698630136986,0,12,3,0,0,0
T102729,CUST4048,2024-01-06 05:34:00,52.94,Food,PayPal,Mobile,Pune,0,33,409.89,477,0,0,0.12915660299104637,356.95,0,0,1.3068493150684932,0,5,5,0,1,0
T102730,CUST5838,2023-11-10 06:19:00,110.09,Fashion,Credit Card,Mobile,Mumbai,0,49,99.38,1279,0,0,1.1077681626081708,10.710000000000008,0,0,3.504109589041096,0,6,4,0,0,0
T102731,CUST2922,2023-04-13 19:20:00,51.37,Fashion,PayPal,Mobile,Pune,0,196,367.63,1796,0,0,0.1397328836057993,316.26,0,0,4.920547945205479,0,19,3,0,0,0
T102732,CUST7940,2023-06-11 16:21:00,4.77,Travel,PayPal,Mobile,Mumbai,0,4,329.28,1154,0,0,0.014486151603498542,324.51,0,0,3.1616438356164385,1,16,6,0,1,0
T102733,CUST5940,2023-07-03 18:30:00,253.21,Entertainment,NetBanking,Desktop,Kolkata,0,123,38.08,768,0,0,6.649422268907563,215.13,1,0,2.1041095890410957,0,18,0,0,0,1
T102734,CUST6829,2023-11-26 13:27:00,228.79,Entertainment,UPI,Mobile,Chennai,0,176,20.99,323,0,0,10.89995235826584,207.79999999999998,1,0,0.8849315068493151,0,13,6,0,1,1
T102735,CUST5992,2023-03-01 16:35:00,123.04,Utilities,Debit Card,Mobile,Delhi,0,16,182.74,1603,0,0,0.6733063368720587,59.7,0,0,4.391780821917808,0,16,2,0,0,0
T102736,CUST1386,2023-08-19 06:29:00,379.81,Entertainment,Debit Card,Mobile,Delhi,0,175,349.16,94,0,0,1.0877821056249284,30.649999999999977,0,0,0.25753424657534246,0,6,5,0,1,0
T102737,CUST6131,2023-08-10 19:13:00,62.91,Electronics,Debit Card,Desktop,Delhi,0,26,171.9,528,0,0,0.3659685863874345,108.99000000000001,0,0,1.4465753424657535,0,19,3,0,0,0
T102738,CUST3825,2023-10-08 06:08:00,263.25,Fashion,UPI,Desktop,Bengaluru,0,70,337.19,105,0,0,0.7807171031169371,73.94,0,0,0.2876712328767123,0,6,6,0,1,0
T102739,CUST2774,2023-04-11 01:29:00,6.29,Food,Credit Card,Mobile,Chennai,0,37,336.07,930,0,1,0.018716338857976016,329.78,0,0,2.547945205479452,0,1,1,1,0,1
T102740,CUST7114,2023-03-12 02:00:00,36.42,Fashion,Debit Card,Desktop,Mumbai,0,150,405.21,1757,0,0,0.08987932183312357,368.78999999999996,0,0,4.813698630136987,0,2,6,1,1,1
T102741,CUST7491,2023-10-10 04:15:00,20.43,Grocery,Credit Card,POS,Delhi,0,7,58.75,664,0,1,0.3477446808510638,38.32,0,0,1.819178082191781,0,4,1,1,0,1
T102742,CUST9075,2023-04-17 01:34:00,17.44,Electronics,UPI,Mobile,Chennai,0,170,292.79,1178,0,0,0.059564875849585024,275.35,0,0,3.2273972602739724,0,1,0,1,0,1
T102743,CUST8323,2023-10-20 21:25:00,12.14,Entertainment,UPI,Desktop,Pune,1,30,40.62,56,1,1,0.2988675529295914,28.479999999999997,0,0,0.15342465753424658,0,21,4,0,0,2
T102744,CUST5392,2023-09-11 01:59:00,77.92,Utilities,NetBanking,Mobile,Mumbai,0,74,96.21,1668,0,0,0.8098950213075564,18.289999999999992,0,0,4.5698630136986305,0,1,0,1,0,1
T102745,CUST2490,2023-04-19 04:13:00,121.61,Utilities,Debit Card,Mobile,Kolkata,1,121,169.5,1329,0,1,0.7174631268436578,47.89,0,0,3.6410958904109587,0,4,2,1,0,2
T102746,CUST4059,2023-09-26 21:42:00,69.08,Utilities,NetBanking,Desktop,Bengaluru,0,6,356.62,1625,0,0,0.19370758790869833,287.54,0,0,4.4520547945205475,0,21,1,0,0,0
T102747,CUST6718,2023-12-31 07:45:00,12.72,Health,Debit Card,POS,Hyderabad,0,24,487.2,709,0,0,0.026108374384236455,474.47999999999996,0,0,1.9424657534246574,0,7,6,0,1,0
T102748,CUST1794,2023-08-31 20:54:00,133.33,Travel,UPI,Mobile,Mumbai,0,194,177.84,112,0,0,0.749718848403059,44.50999999999999,0,0,0.30684931506849317,0,20,3,0,0,0
T102749,CUST7476,2023-04-02 16:10:00,80.84,Electronics,UPI,POS,Kolkata,0,168,265.36,515,0,0,0.3046427494724148,184.52,0,0,1.4109589041095891,0,16,6,0,1,0
T102750,CUST2546,2023-07-30 23:24:00,39.3,Grocery,PayPal,Desktop,Kolkata,0,121,136.94,1516,0,0,0.286987001606543,97.64,0,0,4.153424657534247,0,23,6,0,1,0
T102751,CUST8574,2024-01-08 23:31:00,89.7,Entertainment,PayPal,Mobile,Kolkata,0,143,340.99,35,0,0,0.2630575676706062,251.29000000000002,0,0,0.0958904109589041,0,23,0,0,0,0
T102752,CUST8515,2023-05-31 14:08:00,24.08,Grocery,UPI,Desktop,Pune,0,181,189.63,998,0,0,0.12698412698412698,165.55,0,0,2.734246575342466,0,14,2,0,0,0
T102753,CUST9447,2023-02-13 17:01:00,33.87,Grocery,UPI,Desktop,Mumbai,0,85,245.98,1729,0,0,0.13769412147329052,212.10999999999999,0,0,4.736986301369863,0,17,0,0,0,0
T102754,CUST8316,2023-06-30 21:17:00,199.58,Entertainment,Credit Card,Desktop,Mumbai,0,133,288.23,397,0,0,0.6924331263227284,88.65,0,0,1.0876712328767124,0,21,4,0,0,0
T102755,CUST2275,2023-11-01 09:10:00,27.46,Grocery,Credit Card,Desktop,Hyderabad,0,89,346.26,500,0,0,0.07930456882111708,318.8,0,0,1.36986301369863,0,9,2,0,0,0
T102756,CUST8679,2023-07-27 12:09:00,50.79,Utilities,NetBanking,Mobile,Delhi,0,36,39.43,1767,0,0,1.288105503423789,11.36,0,0,4.841095890410959,0,12,3,0,0,0
T102757,CUST9193,2023-11-05 14:48:00,176.68,Food,PayPal,POS,Pune,0,174,281.9,1502,0,0,0.6267470734302945,105.21999999999997,0,0,4.115068493150685,0,14,6,0,1,0
T102758,CUST8554,2023-05-27 09:19:00,98.4,Travel,PayPal,POS,Kolkata,1,151,221.27,1960,0,0,0.4447055633389072,122.87,0,0,5.36986301369863,0,9,5,0,1,1
T102759,CUST8460,2023-02-20 19:03:00,5.14,Health,UPI,Mobile,Hyderabad,0,88,75.54,718,0,0,0.06804342070426263,70.4,0,0,1.9671232876712328,0,19,0,0,0,0
T102760,CUST8352,2024-01-02 22:12:00,12.75,Grocery,UPI,Mobile,Mumbai,0,45,111.94,399,0,0,0.1139003037341433,99.19,0,0,1.093150684931507,0,22,1,0,0,0
T102761,CUST5213,2024-02-10 14:16:00,0.63,Grocery,NetBanking,POS,Pune,0,10,443.11,1393,0,0,0.0014217688610051679,442.48,0,0,3.8164383561643835,0,14,5,0,1,0
T102762,CUST4498,2024-02-06 22:06:00,79.74,Fashion,PayPal,POS,Bengaluru,0,54,437.17,1721,0,0,0.1824004391884164,357.43,0,0,4.715068493150685,0,22,1,0,0,0
T102763,CUST6225,2023-03-16 18:21:00,47.49,Travel,Credit Card,Mobile,Mumbai,0,70,26.33,307,0,0,1.8036460311431828,21.160000000000004,0,0,0.8410958904109589,0,18,3,0,0,0
T102764,CUST8205,2023-09-14 00:52:00,11.54,Electronics,Debit Card,Desktop,Bengaluru,0,85,347.81,369,0,0,0.033179034530347026,336.27,0,0,1.010958904109589,0,0,3,1,0,1
T102765,CUST3789,2023-01-14 14:48:00,253.48,Travel,NetBanking,Mobile,Chennai,0,32,281.55,844,0,0,0.9003019001953471,28.07000000000002,0,0,2.3123287671232875,0,14,5,0,1,0
T102766,CUST9517,2023-05-29 01:58:00,60.34,Travel,Debit Card,POS,Bengaluru,0,43,470.51,643,0,0,0.12824382053516398,410.16999999999996,0,0,1.7616438356164383,0,1,0,1,0,1
T102767,CUST4575,2023-11-27 00:34:00,22.15,Entertainment,Credit Card,Desktop,Mumbai,0,118,454.92,1133,0,1,0.04868987953925964,432.77000000000004,0,0,3.1041095890410957,0,0,0,1,0,1
T102768,CUST1000,2023-10-05 12:14:00,55.55,Entertainment,Credit Card,POS,Hyderabad,0,121,293.99,1759,0,0,0.18895200517024388,238.44,0,0,4.8191780821917805,0,12,3,0,0,0
T102769,CUST6955,2023-06-02 19:08:00,91.06,Entertainment,Debit Card,Desktop,Mumbai,0,15,78.09,822,0,0,1.1660904085030093,12.969999999999999,0,0,2.252054794520548,0,19,4,0,0,0
T102770,CUST9207,2023-12-14 18:07:00,6.34,Health,NetBanking,POS,Mumbai,0,66,235.31,632,0,0,0.02694318133525987,228.97,0,0,1.7315068493150685,0,18,3,0,0,0
T102771,CUST7474,2023-01-13 12:19:00,25.69,Utilities,Debit Card,Desktop,Chennai,0,143,365.33,96,0,0,0.070319984671393,339.64,0,0,0.26301369863013696,0,12,4,0,0,0
T102772,CUST6810,2023-07-13 05:01:00,131.59,Travel,NetBanking,Mobile,Kolkata,0,115,476.35,244,0,0,0.2762464574367587,344.76,0,0,0.6684931506849315,0,5,3,0,0,0
T102773,CUST3108,2023-11-27 17:38:00,49.25,Health,NetBanking,Mobile,Delhi,0,81,188.28,445,0,0,0.26157850010622474,139.03,0,0,1.2191780821917808,0,17,0,0,0,0
T102774,CUST4411,2023-04-18 20:46:00,63.27,Grocery,UPI,Desktop,Mumbai,0,20,394.49,1198,0,0,0.16038429364495932,331.22,0,0,3.282191780821918,0,20,1,0,0,0
T102775,CUST8166,2023-10-16 12:03:00,45.37,Entertainment,PayPal,Desktop,Chennai,0,178,344.84,581,0,0,0.13156826354251247,299.46999999999997,0,0,1.5917808219178082,0,12,0,0,0,0
T102776,CUST4631,2024-01-11 15:31:00,3.59,Grocery,PayPal,Mobile,Hyderabad,0,6,48.36,1777,0,0,0.07423490488006616,44.769999999999996,0,0,4.868493150684931,0,15,3,0,0,0
T102777,CUST3120,2023-10-02 03:36:00,14.5,Entertainment,Credit Card,Mobile,Chennai,0,79,283.41,1339,0,1,0.05116262658339508,268.91,0,0,3.6684931506849314,0,3,0,1,0,1
T102778,CUST8174,2023-05-31 10:00:00,47.18,Food,UPI,Desktop,Chennai,0,125,99.92,600,0,0,0.47217774219375497,52.74,0,0,1.643835616438356,0,10,2,0,0,0
T102779,CUST9948,2023-06-22 07:06:00,18.78,Health,PayPal,Desktop,Bengaluru,0,145,344.94,569,0,0,0.05444425117411724,326.15999999999997,0,0,1.558904109589041,0,7,3,0,0,0
T102780,CUST5519,2023-11-21 11:15:00,4.1,Health,NetBanking,Mobile,Delhi,0,120,308.94,1100,0,0,0.013271185343432381,304.84,0,0,3.0136986301369864,0,11,1,0,0,0
T102781,CUST4170,2023-10-25 04:08:00,148.45,Utilities,NetBanking,POS,Delhi,0,26,486.79,1290,0,0,0.30495696296144126,338.34000000000003,0,0,3.5342465753424657,0,4,2,1,0,1
T102782,CUST1020,2023-09-11 02:42:00,317.88,Electronics,Debit Card,Mobile,Pune,0,22,468.34,146,0,0,0.6787376692146732,150.45999999999998,0,0,0.4,0,2,0,1,0,1
T102783,CUST3519,2023-03-03 00:05:00,126.06,Fashion,Debit Card,Desktop,Kolkata,0,64,14.59,180,0,1,8.640164496230295,111.47,1,0,0.4931506849315068,0,0,4,1,0,2
T102784,CUST9399,2023-11-14 16:41:00,153.81,Travel,NetBanking,Desktop,Hyderabad,1,58,49.21,1136,0,0,3.1255842308473887,104.6,1,0,3.1123287671232878,0,16,1,0,0,2
T102785,CUST2374,2023-09-14 20:25:00,22.16,Electronics,NetBanking,POS,Pune,0,37,386.88,1110,0,0,0.05727874276261373,364.71999999999997,0,0,3.041095890410959,0,20,3,0,0,0
T102786,CUST5783,2023-12-29 04:21:00,258.77,Health,Debit Card,Mobile,Kolkata,0,78,345.97,1782,0,1,0.7479550250021677,87.20000000000005,0,0,4.882191780821918,0,4,4,1,0,1
T102787,CUST8039,2023-12-11 11:28:00,17.54,Electronics,PayPal,Desktop,Kolkata,0,121,402.46,1013,0,0,0.04358197087909357,384.91999999999996,0,0,2.7753424657534245,0,11,0,0,0,0
T102788,CUST8111,2024-01-23 12:09:00,241.98,Food,Credit Card,Mobile,Chennai,0,28,140.74,1438,0,0,1.7193406281085688,101.23999999999998,0,0,3.9397260273972603,0,12,1,0,0,0
T102789,CUST5669,2023-10-11 17:49:00,421.03,Fashion,Debit Card,Desktop,Hyderabad,1,49,426.17,1273,0,0,0.9879390853415303,5.140000000000043,0,0,3.4876712328767123,0,17,2,0,0,1
T102790,CUST4041,2023-01-03 02:52:00,99.51,Utilities,PayPal,POS,Kolkata,0,67,226.79,1338,0,0,0.438775960139336,127.27999999999999,0,0,3.665753424657534,0,2,1,1,0,1
T102791,CUST3537,2023-03-02 11:59:00,317.67,Health,PayPal,Mobile,Hyderabad,0,103,138.34,1033,0,0,2.296298973543444,179.33,0,0,2.83013698630137,0,11,3,0,0,0
T102792,CUST3406,2023-09-30 03:57:00,67.43,Health,PayPal,Mobile,Delhi,0,126,15.2,1807,0,0,4.436184210526316,52.230000000000004,1,0,4.950684931506849,0,3,5,1,1,2
T102793,CUST7280,2023-06-02 14:31:00,24.04,Travel,UPI,POS,Delhi,0,93,436.97,463,0,0,0.05501521843604824,412.93,0,0,1.2684931506849315,0,14,4,0,0,0
T102794,CUST7575,2023-06-02 22:53:00,45.96,Utilities,UPI,Desktop,Delhi,0,195,272.32,349,0,0,0.1687720329024677,226.35999999999999,0,0,0.9561643835616438,0,22,4,0,0,0
T102795,CUST4733,2023-11-21 11:49:00,72.03,Utilities,PayPal,Desktop,Mumbai,0,169,487.94,1664,0,0,0.14762060909128172,415.90999999999997,0,0,4.558904109589041,0,11,1,0,0,0
T102796,CUST4283,2023-09-29 14:02:00,6.07,Entertainment,NetBanking,Mobile,Chennai,0,174,360.19,271,1,0,0.016852216885532637,354.12,0,0,0.7424657534246575,0,14,4,0,0,1
T102797,CUST4604,2023-10-31 10:54:00,77.9,Fashion,UPI,POS,Hyderabad,0,87,49.4,494,0,0,1.576923076923077,28.500000000000007,0,0,1.3534246575342466,0,10,1,0,0,0
T102798,CUST8577,2023-09-07 17:22:00,317.82,Food,Debit Card,Mobile,Chennai,0,87,298.21,232,0,0,1.0657590288722714,19.610000000000014,0,0,0.6356164383561644,0,17,3,0,0,0
T102799,CUST2789,2023-03-14 13:59:00,16.87,Grocery,UPI,Mobile,Kolkata,0,55,18.39,578,0,0,0.9173463839042958,1.5199999999999996,0,0,1.5835616438356164,0,13,1,0,0,0
T102800,CUST7458,2023-11-06 13:03:00,125.85,Electronics,NetBanking,Desktop,Hyderabad,0,139,283.31,787,0,0,0.4442130528396456,157.46,0,0,2.1561643835616437,0,13,0,0,0,0
T102801,CUST8128,2023-10-23 14:15:00,190.79,Utilities,Credit Card,Desktop,Hyderabad,0,154,181.6,1498,0,0,1.0506057268722466,9.189999999999998,0,0,4.104109589041096,0,14,0,0,0,0
T102802,CUST5233,2023-09-03 22:16:00,230.17,Travel,UPI,Desktop,Pune,0,13,325.21,1693,0,0,0.7077580640201716,95.03999999999999,0,0,4.638356164383562,0,22,6,0,1,0
T102803,CUST6903,2023-03-18 00:05:00,257.78,Health,PayPal,Desktop,Hyderabad,0,164,275.37,1188,1,1,0.9361223081671931,17.590000000000032,0,0,3.254794520547945,0,0,5,1,1,2
T102804,CUST5419,2023-10-24 22:12:00,58.96,Grocery,PayPal,Desktop,Hyderabad,0,128,138.06,887,0,0,0.42706069824713894,79.1,0,0,2.43013698630137,0,22,1,0,0,0
T102805,CUST4709,2023-06-23 10:04:00,302.86,Food,PayPal,POS,Bengaluru,0,64,89.55,1908,0,0,3.3820212171970967,213.31,1,0,5.227397260273973,0,10,4,0,0,1
T102806,CUST8752,2023-05-28 06:36:00,113.28,Fashion,Credit Card,Mobile,Bengaluru,1,51,208.31,1629,0,0,0.5438049061494887,95.03,0,0,4.463013698630137,0,6,6,0,1,1
T102807,CUST4743,2023-06-27 00:23:00,14.11,Utilities,NetBanking,POS,Pune,0,76,493.55,815,0,1,0.028588795461452737,479.44,0,0,2.232876712328767,0,0,1,1,0,1
T102808,CUST3605,2023-10-05 14:19:00,51.84,Electronics,Debit Card,Mobile,Mumbai,0,22,223.49,570,0,0,0.23195668710009398,171.65,0,0,1.5616438356164384,0,14,3,0,0,0
T102809,CUST6803,2023-11-15 19:20:00,101.36,Utilities,NetBanking,Desktop,Delhi,0,60,376.91,516,0,0,0.26892361571727996,275.55,0,0,1.4136986301369863,0,19,2,0,0,0
T102810,CUST8415,2023-10-24 21:28:00,22.73,Travel,Credit Card,POS,Kolkata,0,130,37.92,1935,0,0,0.5994198312236286,15.190000000000001,0,0,5.301369863013699,0,21,1,0,0,0
T102811,CUST9026,2023-05-11 19:19:00,81.87,Utilities,PayPal,Mobile,Kolkata,0,56,195.64,1791,0,0,0.4184727049683092,113.76999999999998,0,0,4.906849315068493,0,19,3,0,0,0
T102812,CUST7222,2023-08-13 09:42:00,87.87,Utilities,NetBanking,Desktop,Hyderabad,1,168,294.36,601,0,1,0.2985120260905014,206.49,0,0,1.6465753424657534,0,9,6,0,1,1
T102813,CUST7677,2023-03-14 00:59:00,14.21,Utilities,Debit Card,Desktop,Chennai,0,156,378.09,1539,0,0,0.03758364410590072,363.88,0,0,4.2164383561643834,0,0,1,1,0,1
T102814,CUST2028,2023-01-19 03:56:00,66.61,Health,PayPal,POS,Kolkata,0,97,268.91,1619,0,0,0.24770369268528503,202.3,0,0,4.435616438356164,0,3,3,1,0,1
T102815,CUST4329,2023-03-19 05:58:00,118.14,Health,Debit Card,POS,Bengaluru,0,3,262.49,869,0,0,0.45007428854432546,144.35000000000002,0,0,2.3808219178082193,1,5,6,0,1,0
T102816,CUST6151,2023-03-18 09:19:00,55.28,Grocery,UPI,POS,Delhi,0,191,384.31,690,0,0,0.14384221071530795,329.03,0,0,1.8904109589041096,0,9,5,0,1,0
T102817,CUST4712,2023-11-14 22:15:00,0.97,Grocery,Debit Card,Desktop,Mumbai,0,151,163.51,434,0,0,0.005932358877132897,162.54,0,0,1.189041095890411,0,22,1,0,0,0
T102818,CUST5195,2023-03-06 01:01:00,0.73,Electronics,PayPal,Mobile,Delhi,0,55,54.4,1623,0,0,0.013419117647058823,53.67,0,0,4.446575342465754,0,1,0,1,0,1
T102819,CUST2128,2023-10-20 04:24:00,35.33,Fashion,UPI,Mobile,Hyderabad,0,160,180.1,1486,0,0,0.19616879511382565,144.76999999999998,0,0,4.071232876712329,0,4,4,1,0,1
T102820,CUST2613,2023-10-12 16:02:00,208.51,Food,PayPal,POS,Delhi,1,84,87.91,1601,0,0,2.3718575816175633,120.6,0,0,4.3863013698630136,0,16,3,0,0,1
T102821,CUST1785,2023-07-19 19:41:00,20.77,Entertainment,PayPal,Mobile,Hyderabad,1,28,483.31,686,0,0,0.042974488423579066,462.54,0,0,1.8794520547945206,0,19,2,0,0,1
T102822,CUST4255,2023-10-15 13:59:00,80.49,Fashion,UPI,Desktop,Pune,1,124,292.98,1303,0,1,0.27472865041982386,212.49,0,0,3.56986301369863,0,13,6,0,1,1
T102823,CUST3050,2023-08-24 02:50:00,20.09,Fashion,Debit Card,Mobile,Bengaluru,0,8,228.83,1133,0,0,0.08779443254817987,208.74,0,0,3.1041095890410957,0,2,3,1,0,1
T102824,CUST4836,2023-12-07 07:21:00,31.05,Fashion,Credit Card,Desktop,Bengaluru,0,3,456.91,978,0,0,0.06795649033726554,425.86,0,0,2.6794520547945204,1,7,3,0,0,0
T102825,CUST8154,2023-04-08 17:58:00,150.73,Entertainment,Credit Card,POS,Hyderabad,0,94,451.18,44,0,0,0.3340795248016313,300.45000000000005,0,0,0.12054794520547946,0,17,5,0,1,0
T102826,CUST8442,2023-05-15 21:35:00,104.41,Electronics,Credit Card,Mobile,Chennai,0,89,213.69,1004,0,0,0.4886049885347934,109.28,0,0,2.750684931506849,0,21,0,0,0,0
T102827,CUST5015,2023-01-10 11:21:00,8.02,Entertainment,Credit Card,Desktop,Bengaluru,0,181,438.62,1093,0,0,0.01828461994437098,430.6,0,0,2.9945205479452053,0,11,1,0,0,0
T102828,CUST6525,2023-07-25 02:49:00,44.79,Electronics,NetBanking,POS,Chennai,0,157,41.37,1134,0,0,1.082668600435098,3.4200000000000017,0,0,3.106849315068493,0,2,1,1,0,1
T102829,CUST1872,2023-06-13 11:17:00,2.37,Entertainment,Credit Card,POS,Hyderabad,0,94,444.0,1563,0,0,0.005337837837837838,441.63,0,0,4.282191780821917,0,11,1,0,0,0
T102830,CUST7393,2023-04-05 04:06:00,52.45,Food,UPI,POS,Pune,0,89,162.19,336,0,0,0.32338615204389914,109.74,0,0,0.9205479452054794,0,4,2,1,0,1
T102831,CUST6789,2023-07-15 16:44:00,86.88,Utilities,Credit Card,POS,Hyderabad,0,59,286.91,734,1,0,0.3028127287302638,200.03000000000003,0,0,2.010958904109589,0,16,5,0,1,1
T102832,CUST1114,2024-01-19 04:48:00,10.09,Fashion,PayPal,Mobile,Pune,0,152,142.15,426,0,0,0.07098135772071755,132.06,0,0,1.167123287671233,0,4,4,1,0,1
T102833,CUST5000,2024-02-01 10:32:00,27.27,Utilities,Credit Card,Desktop,Kolkata,0,166,492.55,707,0,0,0.055364937569789864,465.28000000000003,0,0,1.936986301369863,0,10,3,0,0,0
T102834,CUST2549,2023-01-30 12:11:00,40.58,Electronics,Debit Card,Mobile,Bengaluru,0,28,45.17,999,0,0,0.8983838831082577,4.590000000000003,0,0,2.736986301369863,0,12,0,0,0,0
T102835,CUST5185,2023-10-17 00:35:00,201.59,Entertainment,UPI,Desktop,Chennai,0,62,229.01,894,0,0,0.8802672372385486,27.419999999999987,0,0,2.4493150684931506,0,0,1,1,0,1
T102836,CUST6917,2024-01-07 01:31:00,399.92,Food,UPI,POS,Hyderabad,1,51,314.28,1975,0,1,1.2724958635611558,85.64000000000004,0,0,5.410958904109589,0,1,6,1,1,2
T102837,CUST6244,2023-05-30 23:41:00,3.68,Entertainment,NetBanking,Mobile,Kolkata,0,7,311.65,1257,0,0,0.011808118081180813,307.96999999999997,0,0,3.4438356164383563,0,23,1,0,0,0
T102838,CUST1045,2023-01-12 05:43:00,114.51,Utilities,PayPal,POS,Bengaluru,0,23,371.99,240,0,0,0.30783085566816315,257.48,0,0,0.6575342465753424,0,5,3,0,0,0
T102839,CUST1933,2023-10-15 09:01:00,37.18,Health,UPI,Desktop,Kolkata,0,46,364.96,428,0,0,0.10187417799210872,327.78,0,0,1.1726027397260275,0,9,6,0,1,0
T102840,CUST1928,2023-06-22 04:10:00,39.87,Food,Debit Card,POS,Pune,0,78,398.64,1426,0,0,0.10001505117399156,358.77,0,0,3.9068493150684933,0,4,3,1,0,1
T102841,CUST9842,2023-11-30 09:53:00,112.28,Fashion,Credit Card,Mobile,Hyderabad,0,106,124.8,1442,0,0,0.8996794871794872,12.519999999999996,0,0,3.9506849315068493,0,9,3,0,0,0
T102842,CUST7206,2023-10-25 19:56:00,200.5,Travel,UPI,Mobile,Kolkata,0,28,191.55,287,0,0,1.0467240929261288,8.949999999999989,0,0,0.7863013698630137,0,19,2,0,0,0
T102843,CUST3222,2024-01-10 21:53:00,241.16,Fashion,Debit Card,Desktop,Kolkata,0,24,197.2,144,0,0,1.222920892494929,43.96000000000001,0,0,0.39452054794520547,0,21,2,0,0,0
T102844,CUST4991,2023-01-21 09:27:00,68.85,Travel,Credit Card,Desktop,Pune,0,7,478.36,363,0,0,0.14392925829918887,409.51,0,0,0.9945205479452055,0,9,5,0,1,0
T102845,CUST5976,2023-02-12 12:57:00,35.34,Food,NetBanking,Mobile,Delhi,0,112,210.56,378,0,0,0.16783814589665655,175.22,0,0,1.0356164383561643,0,12,6,0,1,0
T102846,CUST3189,2023-11-02 16:06:00,123.92,Health,UPI,Mobile,Pune,0,79,118.72,262,0,0,1.043800539083558,5.200000000000003,0,0,0.7178082191780822,0,16,3,0,0,0
T102847,CUST1411,2023-06-07 17:31:00,23.12,Utilities,UPI,Mobile,Delhi,0,177,319.85,1562,0,0,0.07228388307018915,296.73,0,0,4.279452054794521,0,17,2,0,0,0
T102848,CUST6711,2023-12-11 18:07:00,66.42,Health,Debit Card,Mobile,Bengaluru,0,3,219.36,478,0,0,0.30278993435448576,152.94,0,0,1.3095890410958904,1,18,0,0,0,0
T102849,CUST4522,2024-02-21 13:38:00,35.53,Electronics,PayPal,Desktop,Hyderabad,0,2,132.54,1130,0,0,0.2680700165987627,97.00999999999999,0,0,3.095890410958904,1,13,2,0,0,0
T102850,CUST7231,2023-03-25 12:44:00,85.52,Health,NetBanking,Mobile,Kolkata,0,7,360.42,857,0,0,0.23727873037012373,274.90000000000003,0,0,2.347945205479452,0,12,5,0,1,0
T102851,CUST6598,2023-08-26 22:23:00,22.0,Grocery,PayPal,Desktop,Bengaluru,0,121,104.04,637,0,0,0.21145713187235676,82.04,0,0,1.7452054794520548,0,22,5,0,1,0
T102852,CUST5882,2023-10-27 13:59:00,17.02,Food,UPI,Mobile,Mumbai,0,21,320.34,127,0,0,0.053131048261222454,303.32,0,0,0.34794520547945207,0,13,4,0,0,0
T102853,CUST2397,2023-02-13 12:26:00,200.32,Utilities,PayPal,Mobile,Pune,0,137,220.96,597,0,0,0.9065894279507603,20.640000000000015,0,0,1.6356164383561644,0,12,0,0,0,0
T102854,CUST5690,2023-11-13 03:14:00,8.59,Utilities,Credit Card,POS,Bengaluru,0,140,166.39,1683,0,1,0.05162569865977523,157.79999999999998,0,0,4.610958904109589,0,3,0,1,0,1
T102855,CUST6624,2023-01-01 19:42:00,56.41,Electronics,NetBanking,POS,Bengaluru,0,24,473.53,491,0,0,0.1191265600912297,417.12,0,0,1.3452054794520547,0,19,6,0,1,0
T102856,CUST7894,2023-10-02 17:19:00,19.96,Utilities,PayPal,Mobile,Kolkata,0,33,168.96,529,0,0,0.1181344696969697,149.0,0,0,1.4493150684931506,0,17,0,0,0,0
T102857,CUST1270,2024-02-01 20:04:00,3.18,Health,Credit Card,Desktop,Delhi,0,43,180.28,660,0,0,0.017639227867761263,177.1,0,0,1.8082191780821917,0,20,3,0,0,0
T102858,CUST9091,2023-05-28 14:16:00,2.93,Food,Debit Card,Mobile,Pune,0,82,436.61,1091,0,0,0.006710794530587939,433.68,0,0,2.989041095890411,0,14,6,0,1,0
T102859,CUST6562,2023-10-31 05:26:00,15.41,Fashion,PayPal,POS,Delhi,0,118,73.23,1750,0,0,0.21043288269834767,57.82000000000001,0,0,4.794520547945205,0,5,1,0,0,0
T102860,CUST5726,2023-12-27 04:39:00,161.25,Health,NetBanking,Mobile,Hyderabad,0,5,62.95,1411,0,0,2.5615567911040507,98.3,0,0,3.8657534246575342,0,4,2,1,0,1
T102861,CUST4135,2023-11-10 00:32:00,26.56,Entertainment,Credit Card,POS,Bengaluru,0,123,148.53,1295,0,1,0.17881909378576719,121.97,0,0,3.547945205479452,0,0,4,1,0,1
T102862,CUST8646,2023-03-26 01:05:00,240.4,Travel,PayPal,Mobile,Pune,0,71,299.9,1104,0,0,0.8016005335111704,59.49999999999997,0,0,3.0246575342465754,0,1,6,1,1,1
T102863,CUST8065,2023-08-25 21:59:00,69.71,Food,Debit Card,Mobile,Bengaluru,0,89,198.31,1478,1,0,0.35152034693157175,128.60000000000002,0,0,4.049315068493151,0,21,4,0,0,1
T102864,CUST1828,2023-12-30 22:01:00,45.9,Utilities,PayPal,Desktop,Hyderabad,0,142,308.19,156,0,0,0.1489340990947143,262.29,0,0,0.4273972602739726,0,22,5,0,1,0
T102865,CUST5126,2023-09-16 19:06:00,69.42,Electronics,Credit Card,POS,Chennai,0,116,88.28,1156,0,0,0.7863615768010874,18.86,0,0,3.1671232876712327,0,19,5,0,1,0
T102866,CUST3702,2023-08-16 06:20:00,58.17,Fashion,PayPal,POS,Hyderabad,0,164,138.11,506,0,0,0.42118601115053217,79.94000000000001,0,0,1.3863013698630138,0,6,2,0,0,0
T102867,CUST7569,2023-02-06 07:05:00,113.76,Grocery,NetBanking,POS,Delhi,0,35,286.93,1282,0,0,0.39647300735371,173.17000000000002,0,0,3.5123287671232877,0,7,0,0,0,0
T102868,CUST3642,2023-08-04 16:44:00,26.56,Fashion,UPI,Desktop,Delhi,1,108,116.4,752,0,1,0.22817869415807557,89.84,0,0,2.0602739726027397,0,16,4,0,0,1
T102869,CUST7530,2023-05-27 08:55:00,34.84,Health,Credit Card,Mobile,Bengaluru,0,178,217.17,465,0,0,0.1604273150066768,182.32999999999998,0,0,1.273972602739726,0,8,5,0,1,0
T102870,CUST2017,2023-08-24 05:33:00,179.62,Travel,Credit Card,Desktop,Delhi,0,79,290.6,1438,0,1,0.6181004817618719,110.98000000000002,0,0,3.9397260273972603,0,5,3,0,0,0
T102871,CUST6608,2023-06-08 20:35:00,234.18,Fashion,Credit Card,Mobile,Pune,0,11,487.09,114,0,0,0.4807735736722167,252.90999999999997,0,0,0.31232876712328766,0,20,3,0,0,0
T102872,CUST8876,2023-02-25 09:03:00,178.46,Grocery,Credit Card,Desktop,Hyderabad,0,152,49.14,1412,0,0,3.631664631664632,129.32,1,0,3.8684931506849316,0,9,5,0,1,1
T102873,CUST7832,2023-04-05 00:52:00,43.5,Entertainment,PayPal,Desktop,Bengaluru,0,75,235.6,815,0,1,0.18463497453310695,192.1,0,0,2.232876712328767,0,0,2,1,0,1
T102874,CUST9618,2023-10-20 06:32:00,121.26,Electronics,NetBanking,POS,Hyderabad,0,44,204.17,56,0,0,0.5939168340108734,82.90999999999998,0,0,0.15342465753424658,0,6,4,0,0,0
T102875,CUST3304,2023-09-30 09:05:00,51.75,Food,Debit Card,Desktop,Hyderabad,0,179,413.88,889,0,0,0.1250362423890983,362.13,0,0,2.4356164383561643,0,9,5,0,1,0
T102876,CUST7688,2023-06-08 18:20:00,55.06,Travel,NetBanking,Mobile,Bengaluru,0,145,451.15,101,0,0,0.12204366618641252,396.09,0,0,0.27671232876712326,0,18,3,0,0,0
T102877,CUST9343,2023-09-11 08:58:00,18.32,Grocery,Credit Card,Desktop,Kolkata,0,125,454.44,1148,0,0,0.0403133526978259,436.12,0,0,3.1452054794520548,0,8,0,0,0,0
T102878,CUST2538,2023-12-01 14:51:00,71.55,Utilities,PayPal,Desktop,Chennai,0,198,193.82,617,0,0,0.3691569497471881,122.27,0,0,1.6904109589041096,0,14,4,0,0,0
T102879,CUST5709,2023-05-20 12:11:00,16.48,Health,PayPal,Mobile,Kolkata,0,85,159.28,1479,1,0,0.10346559517830237,142.8,0,0,4.052054794520548,0,12,5,0,1,1
T102880,CUST5743,2023-09-21 01:51:00,32.23,Health,Credit Card,POS,Delhi,0,8,230.08,1059,0,0,0.14008171070931846,197.85000000000002,0,0,2.9013698630136986,0,1,3,1,0,1
T102881,CUST5996,2023-01-04 06:30:00,154.5,Health,PayPal,Mobile,Mumbai,0,79,178.55,1143,0,0,0.8653038364603752,24.05000000000001,0,0,3.1315068493150684,0,6,2,0,0,0
T102882,CUST4623,2023-09-27 11:17:00,18.56,Utilities,Credit Card,Mobile,Kolkata,0,118,362.24,1645,0,0,0.05123674911660777,343.68,0,0,4.506849315068493,0,11,2,0,0,0
T102883,CUST8283,2023-10-12 01:52:00,5.91,Utilities,NetBanking,Mobile,Mumbai,0,122,114.65,1275,0,0,0.05154819014391627,108.74000000000001,0,0,3.493150684931507,0,1,3,1,0,1
T102884,CUST5187,2023-06-14 22:41:00,5.72,Travel,UPI,Desktop,Mumbai,0,74,332.76,1648,0,0,0.017189566053612212,327.03999999999996,0,0,4.515068493150685,0,22,2,0,0,0
T102885,CUST5265,2023-02-25 15:44:00,226.13,Fashion,PayPal,Desktop,Delhi,0,28,464.22,1647,0,0,0.48711817672655205,238.09000000000003,0,0,4.512328767123288,0,15,5,0,1,0
T102886,CUST9762,2023-09-11 23:13:00,56.57,Travel,Credit Card,Mobile,Chennai,0,140,147.16,181,1,1,0.38441152487088887,90.59,0,0,0.4958904109589041,0,23,0,0,0,1
T102887,CUST7822,2023-08-30 13:07:00,42.13,Health,Credit Card,Mobile,Hyderabad,0,171,341.68,1610,0,0,0.1233025052680871,299.55,0,0,4.410958904109589,0,13,2,0,0,0
T102888,CUST5915,2023-12-31 17:27:00,133.23,Entertainment,PayPal,POS,Bengaluru,0,120,80.34,1265,0,0,1.6583271097834202,52.889999999999986,0,0,3.4657534246575343,0,17,6,0,1,0
T102889,CUST8972,2023-11-12 06:17:00,144.55,Grocery,Debit Card,Desktop,Chennai,0,165,69.48,612,1,0,2.080454807138745,75.07000000000001,0,0,1.6767123287671233,0,6,6,0,1,1
T102890,CUST4128,2024-02-12 03:55:00,32.3,Food,Credit Card,Desktop,Mumbai,0,108,66.67,1316,0,0,0.48447577621118937,34.370000000000005,0,0,3.6054794520547944,0,3,0,1,0,1
T102891,CUST4693,2023-01-31 07:47:00,94.63,Food,PayPal,Desktop,Pune,0,127,77.88,1965,0,0,1.2150744735490497,16.75,0,0,5.383561643835616,0,7,1,0,0,0
T102892,CUST5070,2023-04-04 23:43:00,117.97,Travel,Credit Card,Desktop,Delhi,1,63,115.92,1435,0,0,1.0176846100759145,2.049999999999997,0,0,3.9315068493150687,0,23,1,0,0,1
T102893,CUST8585,2024-01-15 00:49:00,85.06,Health,Debit Card,Mobile,Kolkata,1,101,285.79,1623,0,1,0.2976311277511459,200.73000000000002,0,0,4.446575342465754,0,0,0,1,0,2
T102894,CUST9840,2024-02-15 07:39:00,13.15,Utilities,UPI,Mobile,Delhi,0,93,385.82,86,0,0,0.03408325125706288,372.67,0,0,0.2356164383561644,0,7,3,0,0,0
T102895,CUST2305,2023-03-11 00:33:00,166.92,Electronics,Debit Card,POS,Kolkata,0,63,72.16,455,0,0,2.313192904656319,94.75999999999999,0,0,1.2465753424657535,0,0,5,1,1,1
T102896,CUST6480,2023-08-26 05:56:00,61.96,Entertainment,NetBanking,Desktop,Bengaluru,1,10,436.31,1676,0,1,0.14200912195457358,374.35,0,0,4.5917808219178085,0,5,5,0,1,1
T102897,CUST5464,2023-05-02 08:00:00,26.56,Travel,PayPal,Desktop,Pune,0,80,422.93,171,0,0,0.0627999905421701,396.37,0,0,0.4684931506849315,0,8,1,0,0,0
T102898,CUST7103,2024-02-10 04:53:00,44.3,Health,Debit Card,Mobile,Hyderabad,0,37,366.42,597,1,1,0.12089951421865618,322.12,0,0,1.6356164383561644,0,4,5,1,1,2
T102899,CUST6726,2023-06-20 22:15:00,3.06,Fashion,UPI,POS,Chennai,0,11,218.72,1577,0,0,0.013990490124359913,215.66,0,0,4.32054794520548,0,22,1,0,0,0
T102900,CUST8227,2023-10-27 15:42:00,10.95,Food,Credit Card,Mobile,Pune,0,115,10.76,1914,0,0,1.0176579925650557,0.1899999999999995,0,0,5.243835616438356,0,15,4,0,0,0
T102901,CUST6713,2024-02-04 01:27:00,116.04,Food,PayPal,Desktop,Chennai,0,90,370.03,1068,0,1,0.313596194903116,253.98999999999995,0,0,2.926027397260274,0,1,6,1,1,1
T102902,CUST7140,2023-06-26 05:24:00,0.0,Entertainment,Debit Card,Desktop,Chennai,0,19,440.7,1061,1,1,0.0,440.7,0,0,2.9068493150684933,0,5,0,0,0,1
T102903,CUST8204,2023-11-20 02:32:00,43.11,Food,UPI,POS,Hyderabad,0,52,174.29,1284,0,0,0.24734637672844112,131.18,0,0,3.5178082191780824,0,2,0,1,0,1
T102904,CUST9118,2023-11-09 08:34:00,59.14,Electronics,Debit Card,Mobile,Hyderabad,0,118,361.81,1239,0,0,0.1634559575467787,302.67,0,0,3.3945205479452056,0,8,3,0,0,0
T102905,CUST9240,2024-01-11 03:21:00,4.49,Health,NetBanking,Desktop,Kolkata,0,18,40.4,1106,0,0,0.11113861386138615,35.91,0,0,3.03013698630137,0,3,3,1,0,1
T102906,CUST4096,2023-11-24 03:03:00,289.19,Health,PayPal,Desktop,Hyderabad,0,94,357.65,166,0,0,0.8085838109883965,68.45999999999998,0,0,0.4547945205479452,0,3,4,1,0,1
T102907,CUST1335,2023-02-12 17:02:00,20.51,Entertainment,Credit Card,POS,Bengaluru,0,32,43.47,203,0,0,0.47181964573268925,22.959999999999997,0,0,0.5561643835616439,0,17,6,0,1,0
T102908,CUST6003,2023-10-24 07:00:00,29.02,Health,UPI,Desktop,Delhi,0,151,297.72,889,0,0,0.09747413677280665,268.70000000000005,0,0,2.4356164383561643,0,7,1,0,0,0
T102909,CUST3650,2023-12-06 02:16:00,28.99,Utilities,Debit Card,Desktop,Mumbai,0,140,302.8,248,0,0,0.09573976221928665,273.81,0,0,0.6794520547945205,0,2,2,1,0,1
T102910,CUST9191,2023-01-19 19:54:00,20.95,Entertainment,PayPal,Mobile,Hyderabad,0,58,158.06,1316,0,0,0.13254460331519674,137.11,0,0,3.6054794520547944,0,19,3,0,0,0
T102911,CUST3563,2023-07-28 09:05:00,0.12,Health,Debit Card,POS,Delhi,1,21,48.77,284,0,0,0.0024605290137379534,48.650000000000006,0,0,0.7780821917808219,0,9,4,0,0,1
T102912,CUST3089,2024-01-17 00:33:00,104.55,Electronics,PayPal,POS,Kolkata,0,149,475.17,841,0,0,0.22002651682555716,370.62,0,0,2.304109589041096,0,0,2,1,0,1
T102913,CUST8239,2023-04-02 10:36:00,272.53,Grocery,NetBanking,POS,Hyderabad,0,29,272.43,299,0,0,1.0003670667694453,0.0999999999999659,0,0,0.8191780821917808,0,10,6,0,1,0
T102914,CUST9503,2024-01-10 19:46:00,20.32,Travel,Debit Card,Mobile,Mumbai,0,47,294.08,1640,0,0,0.0690968443960827,273.76,0,0,4.493150684931507,0,19,2,0,0,0
T102915,CUST2888,2024-02-09 22:57:00,87.02,Travel,NetBanking,POS,Pune,0,140,311.36,253,0,0,0.279483556012333,224.34000000000003,0,0,0.6931506849315069,0,22,4,0,0,0
T102916,CUST8751,2023-10-21 05:10:00,108.35,Health,UPI,Desktop,Hyderabad,0,58,446.61,912,0,1,0.2426054051633416,338.26,0,0,2.4986301369863013,0,5,5,0,1,0
T102917,CUST7923,2023-01-27 17:36:00,150.93,Fashion,NetBanking,POS,Delhi,0,169,39.53,633,0,0,3.8181128257019985,111.4,1,0,1.7342465753424658,0,17,4,0,0,1
T102918,CUST8372,2023-12-20 12:32:00,43.94,Food,PayPal,Desktop,Kolkata,0,19,447.71,1187,0,0,0.09814388778450336,403.77,0,0,3.252054794520548,0,12,2,0,0,0
T102919,CUST3480,2023-08-08 08:54:00,28.87,Electronics,UPI,POS,Kolkata,0,140,127.44,1216,0,0,0.22653797865662273,98.57,0,0,3.3315068493150686,0,8,1,0,0,0
T102920,CUST1411,2023-05-10 01:20:00,31.48,Fashion,Debit Card,POS,Bengaluru,1,23,48.2,1763,0,1,0.6531120331950208,16.720000000000002,0,0,4.83013698630137,0,1,2,1,0,2
T102921,CUST7798,2023-03-12 03:00:00,99.76,Utilities,Debit Card,Mobile,Kolkata,1,133,332.06,730,0,1,0.30042763356019997,232.3,0,0,2.0,0,3,6,1,1,2
T102922,CUST6605,2023-10-15 17:08:00,135.77,Fashion,PayPal,POS,Pune,1,122,488.72,949,0,0,0.27780733344246195,352.95000000000005,0,0,2.6,0,17,6,0,1,1
T102923,CUST3840,2023-12-03 15:46:00,16.03,Health,Credit Card,POS,Kolkata,1,154,38.05,102,0,1,0.421287779237845,22.019999999999996,0,0,0.27945205479452057,0,15,6,0,1,1
T102924,CUST9094,2023-09-26 07:23:00,37.08,Electronics,Credit Card,Mobile,Kolkata,0,117,218.8,927,0,0,0.16946983546617914,181.72000000000003,0,0,2.5397260273972604,0,7,1,0,0,0
T102925,CUST2095,2023-10-26 17:32:00,185.77,Travel,Debit Card,Desktop,Pune,0,63,269.59,1771,0,0,0.6890834229756297,83.81999999999996,0,0,4.852054794520548,0,17,3,0,0,0
T102926,CUST9710,2023-06-20 11:05:00,131.48,Food,PayPal,POS,Pune,0,52,133.54,976,0,0,0.9845739104388198,2.0600000000000023,0,0,2.673972602739726,0,11,1,0,0,0
T102927,CUST3701,2023-04-10 18:34:00,335.22,Travel,Credit Card,POS,Mumbai,0,10,491.61,572,0,0,0.6818819796179899,156.39,0,0,1.5671232876712329,0,18,0,0,0,0
T102928,CUST4344,2023-06-18 04:02:00,112.27,Fashion,NetBanking,Desktop,Delhi,0,86,324.07,1947,0,0,0.34643749807140434,211.8,0,0,5.3342465753424655,0,4,6,1,1,1
T102929,CUST9540,2023-09-10 23:39:00,39.96,Utilities,Debit Card,Mobile,Chennai,0,167,423.73,660,0,0,0.09430533594505935,383.77000000000004,0,0,1.8082191780821917,0,23,6,0,1,0
T102930,CUST3021,2023-08-16 12:29:00,71.45,Food,NetBanking,POS,Kolkata,1,151,213.73,824,0,0,0.3343002854068217,142.27999999999997,0,0,2.2575342465753425,0,12,2,0,0,1
T102931,CUST9237,2024-01-01 02:24:00,86.54,Grocery,PayPal,Mobile,Chennai,0,11,183.44,1537,0,0,0.4717618839947667,96.89999999999999,0,0,4.210958904109589,0,2,0,1,0,1
T102932,CUST8876,2023-09-21 17:18:00,6.54,Fashion,NetBanking,Desktop,Chennai,0,95,281.05,907,0,0,0.02326988080412738,274.51,0,0,2.484931506849315,0,17,3,0,0,0
T102933,CUST1592,2023-02-08 12:46:00,62.91,Travel,Credit Card,Desktop,Bengaluru,0,72,223.29,1724,0,0,0.28174123337363965,160.38,0,0,4.723287671232876,0,12,2,0,0,0
T102934,CUST2497,2023-01-17 16:29:00,98.84,Travel,Credit Card,Mobile,Hyderabad,0,128,360.32,1308,0,0,0.2743117229129663,261.48,0,0,3.5835616438356164,0,16,1,0,0,0
T102935,CUST6465,2023-04-16 14:23:00,14.65,Health,UPI,Desktop,Kolkata,0,48,140.25,786,0,0,0.10445632798573976,125.6,0,0,2.1534246575342464,0,14,6,0,1,0
T102936,CUST2943,2024-01-03 20:17:00,121.36,Travel,Debit Card,Desktop,Hyderabad,0,92,230.3,647,0,0,0.5269648284845853,108.94000000000001,0,0,1.7726027397260273,0,20,2,0,0,0
T102937,CUST1343,2023-01-15 00:46:00,70.12,Electronics,PayPal,POS,Hyderabad,0,16,448.62,227,0,1,0.15630154696625206,378.5,0,0,0.6219178082191781,0,0,6,1,1,1
T102938,CUST5642,2023-06-11 08:12:00,243.29,Fashion,Debit Card,Mobile,Bengaluru,0,174,380.49,1480,0,0,0.6394123367236983,137.20000000000002,0,0,4.054794520547945,0,8,6,0,1,0
T102939,CUST1076,2023-06-15 13:42:00,3.47,Entertainment,NetBanking,POS,Chennai,0,175,92.35,522,0,0,0.03757444504602058,88.88,0,0,1.4301369863013698,0,13,3,0,0,0
T102940,CUST3999,2023-01-25 20:17:00,24.67,Entertainment,PayPal,Mobile,Pune,0,95,444.56,1685,0,0,0.05549307180133166,419.89,0,0,4.616438356164384,0,20,2,0,0,0
T102941,CUST8944,2023-07-28 07:31:00,73.61,Utilities,PayPal,POS,Hyderabad,0,48,298.62,111,0,0,0.24650056928537942,225.01,0,0,0.3041095890410959,0,7,4,0,0,0
T102942,CUST6666,2023-11-17 13:14:00,28.14,Food,Credit Card,Desktop,Pune,0,197,342.85,1361,0,0,0.0820767099314569,314.71000000000004,0,0,3.728767123287671,0,13,4,0,0,0
T102943,CUST7883,2023-09-14 01:08:00,100.26,Travel,NetBanking,Mobile,Pune,0,153,154.19,1835,0,0,0.6502367209287243,53.92999999999999,0,0,5.027397260273973,0,1,3,1,0,1
T102944,CUST7722,2023-03-05 20:34:00,113.84,Health,Credit Card,Mobile,Bengaluru,0,77,226.36,1752,0,0,0.5029157094893091,112.52000000000001,0,0,4.8,0,20,6,0,1,0
T102945,CUST9198,2023-03-08 13:29:00,8.65,Health,Credit Card,Mobile,Bengaluru,0,93,405.34,1841,0,0,0.02134010953767208,396.69,0,0,5.043835616438356,0,13,2,0,0,0
T102946,CUST4618,2023-02-09 13:11:00,57.7,Travel,UPI,Mobile,Delhi,0,104,172.03,403,0,0,0.33540661512526887,114.33,0,0,1.104109589041096,0,13,3,0,0,0
T102947,CUST7938,2024-01-25 00:18:00,56.89,Electronics,Credit Card,Desktop,Kolkata,0,81,90.88,1617,0,0,0.6259903169014085,33.989999999999995,0,0,4.4301369863013695,0,0,3,1,0,1
T102948,CUST5788,2023-09-13 23:57:00,36.87,Health,Debit Card,Desktop,Hyderabad,0,37,195.37,1512,0,0,0.1887188411731586,158.5,0,0,4.142465753424657,0,23,2,0,0,0
T102949,CUST6007,2023-03-30 15:35:00,216.16,Entertainment,PayPal,Desktop,Chennai,0,102,43.92,530,0,0,4.9216757741347905,172.24,1,0,1.452054794520548,0,15,3,0,0,1
T102950,CUST1305,2023-08-22 02:04:00,140.59,Food,Credit Card,POS,Mumbai,0,191,361.75,386,0,0,0.38863856254319284,221.16,0,0,1.0575342465753426,0,2,1,1,0,1
T102951,CUST8749,2023-05-15 18:50:00,95.58,Fashion,Debit Card,Desktop,Bengaluru,0,29,82.4,1349,0,0,1.1599514563106794,13.179999999999993,0,0,3.695890410958904,0,18,0,0,0,0
T102952,CUST8475,2023-12-06 13:02:00,100.23,Grocery,NetBanking,POS,Pune,0,58,149.71,609,0,0,0.6694943557544586,49.480000000000004,0,0,1.6684931506849314,0,13,2,0,0,0
T102953,CUST8161,2023-06-05 11:38:00,49.55,Electronics,PayPal,POS,Delhi,0,94,441.73,329,0,0,0.11217259411857922,392.18,0,0,0.9013698630136986,0,11,0,0,0,0
T102954,CUST1120,2023-11-21 20:57:00,203.06,Utilities,NetBanking,Desktop,Mumbai,0,159,274.84,675,0,0,0.7388298646485228,71.77999999999997,0,0,1.8493150684931507,0,20,1,0,0,0
T102955,CUST3663,2023-03-17 07:22:00,94.89,Utilities,Debit Card,Desktop,Bengaluru,0,86,167.46,1396,0,0,0.5666427803654603,72.57000000000001,0,0,3.824657534246575,0,7,4,0,0,0
T102956,CUST6238,2023-06-08 08:53:00,104.45,Health,NetBanking,Desktop,Delhi,0,110,278.36,149,0,0,0.3752335105618623,173.91000000000003,0,0,0.40821917808219177,0,8,3,0,0,0
T102957,CUST4199,2023-07-12 21:33:00,158.26,Fashion,NetBanking,POS,Pune,0,196,116.96,1622,0,0,1.3531121751025992,41.3,0,0,4.443835616438356,0,21,2,0,0,0
T102958,CUST7519,2023-08-10 13:37:00,25.62,Grocery,NetBanking,Mobile,Hyderabad,1,41,22.33,215,0,0,1.1473354231974924,3.2900000000000027,0,0,0.589041095890411,0,13,3,0,0,1
T102959,CUST8032,2024-01-06 23:53:00,131.63,Utilities,Credit Card,Desktop,Kolkata,0,178,305.83,613,0,0,0.43040251119903217,174.2,0,0,1.6794520547945206,0,23,5,0,1,0
T102960,CUST2479,2023-03-01 18:10:00,17.38,Travel,Credit Card,POS,Kolkata,0,44,359.92,1211,0,0,0.048288508557457206,342.54,0,0,3.317808219178082,0,18,2,0,0,0
T102961,CUST6474,2023-08-27 15:15:00,33.89,Travel,Credit Card,POS,Delhi,0,137,441.09,1281,0,0,0.07683239248225986,407.2,0,0,3.5095890410958903,0,15,6,0,1,0
T102962,CUST1327,2023-07-30 15:10:00,32.71,Food,PayPal,Desktop,Bengaluru,0,187,388.22,337,0,0,0.08425634949255577,355.51000000000005,0,0,0.9232876712328767,0,15,6,0,1,0
T102963,CUST9861,2023-09-09 02:38:00,307.27,Grocery,Debit Card,POS,Kolkata,0,90,464.07,263,0,0,0.6621199388023358,156.8,0,0,0.7205479452054795,0,2,5,1,1,1
T102964,CUST5930,2023-09-15 04:28:00,155.33,Travel,Credit Card,Desktop,Kolkata,0,155,493.12,1064,0,0,0.3149943218689163,337.78999999999996,0,0,2.915068493150685,0,4,4,1,0,1
T102965,CUST7030,2023-09-11 16:13:00,96.63,Utilities,NetBanking,POS,Hyderabad,0,109,375.02,204,0,0,0.257666257799584,278.39,0,0,0.5589041095890411,0,16,0,0,0,0
T102966,CUST4698,2023-05-20 03:36:00,103.88,Travel,NetBanking,Mobile,Pune,0,59,435.28,802,0,0,0.23865098327513326,331.4,0,0,2.197260273972603,0,3,5,1,1,1
T102967,CUST7854,2023-02-22 15:07:00,66.06,Entertainment,NetBanking,POS,Chennai,0,110,340.13,672,0,0,0.19421985711345663,274.07,0,0,1.841095890410959,0,15,2,0,0,0
T102968,CUST5904,2023-10-26 21:37:00,235.13,Health,NetBanking,Desktop,Kolkata,0,106,93.76,940,0,0,2.507785836177474,141.37,0,0,2.5753424657534247,0,21,3,0,0,0
T102969,CUST5383,2023-03-17 18:34:00,54.86,Utilities,UPI,Mobile,Delhi,0,131,99.03,1951,0,0,0.5539735433706957,44.17,0,0,5.345205479452055,0,18,4,0,0,0
T102970,CUST8678,2023-02-25 00:21:00,38.31,Utilities,PayPal,Desktop,Mumbai,0,7,64.03,1055,0,0,0.5983132906450102,25.72,0,0,2.8904109589041096,0,0,5,1,1,1
T102971,CUST1470,2023-01-01 09:06:00,14.24,Utilities,Debit Card,POS,Pune,0,82,472.06,790,0,0,0.03016565690802017,457.82,0,0,2.164383561643836,0,9,6,0,1,0
T102972,CUST5837,2024-01-06 12:15:00,123.42,Food,Debit Card,Mobile,Hyderabad,0,16,339.65,1765,0,0,0.36337406153393204,216.22999999999996,0,0,4.835616438356165,0,12,5,0,1,0
T102973,CUST9939,2023-03-04 18:10:00,106.07,Fashion,Credit Card,Mobile,Pune,0,49,397.06,211,0,0,0.26713846773787336,290.99,0,0,0.5780821917808219,0,18,5,0,1,0
T102974,CUST4387,2023-07-26 04:32:00,38.81,Utilities,UPI,POS,Hyderabad,0,121,172.27,971,0,0,0.2252858884309514,133.46,0,0,2.66027397260274,0,4,2,1,0,1
T102975,CUST8911,2023-09-05 20:57:00,2.04,Travel,Debit Card,Mobile,Pune,0,32,235.61,379,0,0,0.008658376130045414,233.57000000000002,0,0,1.0383561643835617,0,20,1,0,0,0
T102976,CUST1091,2023-02-16 18:35:00,146.11,Entertainment,PayPal,Mobile,Chennai,0,89,29.49,668,0,0,4.954560868090879,116.62000000000002,1,0,1.83013698630137,0,18,3,0,0,1
T102977,CUST2250,2023-06-26 11:08:00,0.92,Utilities,NetBanking,Mobile,Delhi,0,172,445.61,1435,0,0,0.002064585624200534,444.69,0,0,3.9315068493150687,0,11,0,0,0,0
T102978,CUST3972,2023-12-12 16:03:00,97.31,Electronics,Credit Card,Desktop,Mumbai,0,19,427.97,1350,0,0,0.22737575063672685,330.66,0,0,3.6986301369863015,0,16,1,0,0,0
T102979,CUST1935,2023-10-19 05:07:00,281.21,Electronics,PayPal,Desktop,Kolkata,0,3,394.56,1250,0,0,0.7127179643146796,113.35000000000002,0,0,3.4246575342465753,1,5,3,0,0,0
T102980,CUST9595,2023-08-24 16:03:00,46.05,Fashion,Debit Card,Mobile,Chennai,0,122,38.57,1339,0,0,1.193933108633653,7.479999999999997,0,0,3.6684931506849314,0,16,3,0,0,0
T102981,CUST6688,2024-01-02 05:33:00,21.43,Grocery,UPI,POS,Delhi,0,60,95.38,1609,0,1,0.22468022646257077,73.94999999999999,0,0,4.4082191780821915,0,5,1,0,0,0
T102982,CUST2892,2023-07-19 14:54:00,97.63,Food,Credit Card,POS,Mumbai,0,163,173.74,1575,1,1,0.5619316219638539,76.11000000000001,0,0,4.315068493150685,0,14,2,0,0,1
T102983,CUST5021,2023-07-11 10:24:00,135.92,Entertainment,Debit Card,Desktop,Pune,0,29,138.9,254,0,0,0.9785457163426925,2.980000000000018,0,0,0.6958904109589041,0,10,1,0,0,0
T102984,CUST1953,2023-05-07 05:44:00,63.25,Health,Credit Card,POS,Kolkata,0,75,420.85,1781,0,0,0.1502910775810859,357.6,0,0,4.879452054794521,0,5,6,0,1,0
T102985,CUST2791,2023-10-14 21:08:00,272.99,Entertainment,Debit Card,Mobile,Mumbai,1,70,105.47,1776,0,1,2.5883189532568505,167.52,0,0,4.865753424657535,0,21,5,0,1,1
T102986,CUST2367,2024-01-03 06:59:00,4.24,Electronics,NetBanking,POS,Bengaluru,0,83,270.74,315,0,0,0.01566078156164586,266.5,0,0,0.863013698630137,0,6,2,0,0,0
T102987,CUST9522,2024-02-10 10:03:00,56.22,Electronics,UPI,Desktop,Mumbai,1,101,289.98,1782,0,0,0.19387543968549553,233.76000000000002,0,0,4.882191780821918,0,10,5,0,1,1
T102988,CUST9288,2023-09-02 08:23:00,101.4,Fashion,NetBanking,Desktop,Delhi,0,173,218.26,1384,0,0,0.4645835242371484,116.85999999999999,0,0,3.791780821917808,0,8,5,0,1,0
T102989,CUST5683,2023-12-25 16:30:00,158.81,Grocery,Debit Card,Mobile,Chennai,0,155,127.94,1614,0,0,1.241284977333125,30.870000000000005,0,0,4.421917808219178,0,16,0,0,0,0
T102990,CUST9769,2023-02-26 05:12:00,15.8,Grocery,PayPal,Desktop,Kolkata,0,197,480.54,1216,0,0,0.03287967703000791,464.74,0,0,3.3315068493150686,0,5,6,0,1,0
T102991,CUST8591,2023-02-25 22:11:00,128.76,Fashion,NetBanking,Desktop,Chennai,0,90,212.57,222,0,0,0.6057298772169167,83.81,0,0,0.6082191780821918,0,22,5,0,1,0
T102992,CUST2905,2023-04-22 08:43:00,64.36,Utilities,PayPal,Desktop,Kolkata,1,163,366.38,1198,0,0,0.17566461051367432,302.02,0,0,3.282191780821918,0,8,5,0,1,1
T102993,CUST1904,2023-03-24 21:28:00,40.41,Entertainment,Debit Card,POS,Bengaluru,0,147,100.18,700,0,0,0.4033739269315232,59.77000000000001,0,0,1.917808219178082,0,21,4,0,0,0
T102994,CUST8348,2023-11-11 02:57:00,11.3,Electronics,UPI,Desktop,Delhi,0,17,413.18,1891,0,0,0.02734885522048502,401.88,0,0,5.1808219178082195,0,2,5,1,1,1
T102995,CUST9618,2023-08-28 18:40:00,160.37,Entertainment,PayPal,POS,Mumbai,0,35,115.79,721,0,0,1.3850073408757233,44.58,0,0,1.9753424657534246,0,18,0,0,0,0
T102996,CUST6190,2023-07-04 15:06:00,13.69,Entertainment,Debit Card,Desktop,Bengaluru,0,113,340.9,567,0,0,0.04015840422411265,327.21,0,0,1.5534246575342465,0,15,1,0,0,0
T102997,CUST4151,2024-01-06 13:26:00,29.66,Food,PayPal,Desktop,Pune,0,158,258.18,641,0,0,0.11488109071190641,228.52,0,0,1.7561643835616438,0,13,5,0,1,0
T102998,CUST2428,2023-11-14 23:54:00,27.4,Electronics,NetBanking,POS,Hyderabad,0,122,81.81,930,0,0,0.33492238112700157,54.410000000000004,0,0,2.547945205479452,0,23,1,0,0,0
T102999,CUST1393,2024-01-27 06:17:00,164.09,Grocery,Debit Card,POS,Pune,1,48,22.23,1676,0,0,7.381466486729645,141.86,1,0,4.5917808219178085,0,6,5,0,1,2
T103000,CUST2200,2023-01-30 10:54:00,89.35,Health,NetBanking,Mobile,Delhi,0,185,466.07,1323,0,0,0.19170939987555516,376.72,0,0,3.6246575342465754,0,10,0,0,0,0
T103001,CUST3460,2023-11-06 17:33:00,127.44,Entertainment,Credit Card,Mobile,Bengaluru,0,17,71.59,80,0,0,1.7801368906271824,55.849999999999994,0,0,0.2191780821917808,0,17,0,0,0,0
T103002,CUST5908,2023-02-02 05:16:00,23.06,Electronics,Debit Card,POS,Chennai,0,101,355.43,1580,0,0,0.06487916045353515,332.37,0,0,4.328767123287672,0,5,3,0,0,0
T103003,CUST2371,2023-12-14 08:26:00,78.44,Entertainment,PayPal,Desktop,Bengaluru,0,15,329.82,157,0,0,0.23782669334788673,251.38,0,0,0.4301369863013699,0,8,3,0,0,0
T103004,CUST4709,2023-05-04 15:31:00,67.84,Food,Credit Card,Mobile,Hyderabad,0,128,177.44,1705,0,0,0.3823264201983769,109.6,0,0,4.671232876712328,0,15,3,0,0,0
T103005,CUST6584,2023-10-12 21:56:00,143.1,Utilities,NetBanking,POS,Delhi,0,112,100.84,1807,1,0,1.4190797302657674,42.25999999999999,0,0,4.950684931506849,0,21,3,0,0,1
T103006,CUST1265,2023-09-29 21:05:00,189.23,Travel,NetBanking,POS,Bengaluru,0,14,97.38,1099,0,0,1.9432121585541178,91.85,0,0,3.010958904109589,0,21,4,0,0,0
T103007,CUST1747,2023-01-22 08:20:00,0.98,Electronics,PayPal,Desktop,Kolkata,0,142,296.81,263,0,0,0.0033017755466460026,295.83,0,0,0.7205479452054795,0,8,6,0,1,0
T103008,CUST9732,2024-01-01 20:34:00,89.67,Fashion,Credit Card,POS,Pune,0,173,277.99,477,0,0,0.3225655599122271,188.32,0,0,1.3068493150684932,0,20,0,0,0,0
T103009,CUST7598,2023-12-10 19:43:00,4.26,Travel,UPI,Mobile,Mumbai,0,97,439.21,613,0,0,0.009699232713280662,434.95,0,0,1.6794520547945206,0,19,6,0,1,0
T103010,CUST7430,2023-11-16 23:26:00,63.68,Entertainment,PayPal,Desktop,Pune,0,166,323.6,1496,0,0,0.1967861557478368,259.92,0,0,4.098630136986301,0,23,3,0,0,0
T103011,CUST3883,2023-12-04 10:19:00,27.13,Fashion,NetBanking,POS,Delhi,0,191,411.44,532,0,0,0.06593914057942835,384.31,0,0,1.4575342465753425,0,10,0,0,0,0
T103012,CUST7050,2023-02-07 01:24:00,29.31,Fashion,Debit Card,POS,Bengaluru,0,119,25.88,636,0,0,1.1325347758887172,3.4299999999999997,0,0,1.7424657534246575,0,1,1,1,0,1
T103013,CUST8306,2024-01-15 17:17:00,34.83,Fashion,Credit Card,Desktop,Pune,0,11,338.79,951,0,0,0.10280704861418577,303.96000000000004,0,0,2.6054794520547944,0,17,0,0,0,0
T103014,CUST6042,2023-05-13 20:58:00,77.68,Electronics,UPI,Desktop,Bengaluru,0,48,124.52,314,0,0,0.6238355284291681,46.83999999999999,0,0,0.8602739726027397,0,20,5,0,1,0
T103015,CUST4638,2023-10-02 21:02:00,32.52,Grocery,Debit Card,Desktop,Pune,0,154,133.89,1185,0,0,0.24288595115393238,101.36999999999998,0,0,3.2465753424657535,0,21,0,0,0,0
T103016,CUST2532,2023-12-11 08:38:00,105.55,Entertainment,Credit Card,Mobile,Delhi,1,67,363.08,1999,0,0,0.2907072821416768,257.53,0,0,5.476712328767123,0,8,0,0,0,1
T103017,CUST6045,2023-07-17 13:03:00,41.47,Travel,PayPal,Mobile,Chennai,0,25,398.78,1529,0,0,0.10399217613721852,357.30999999999995,0,0,4.189041095890411,0,13,0,0,0,0
T103018,CUST3072,2024-01-18 08:38:00,5.66,Food,PayPal,POS,Pune,0,189,192.15,1846,0,0,0.02945615404631798,186.49,0,0,5.057534246575343,0,8,3,0,0,0
T103019,CUST6474,2023-07-05 11:05:00,122.51,Grocery,Credit Card,POS,Mumbai,0,86,397.14,965,0,0,0.3084806365513421,274.63,0,0,2.643835616438356,0,11,2,0,0,0
T103020,CUST8136,2023-04-03 18:43:00,26.92,Entertainment,UPI,Desktop,Pune,0,110,227.43,573,0,0,0.11836609066525965,200.51,0,0,1.5698630136986302,0,18,0,0,0,0
T103021,CUST4737,2023-02-18 11:15:00,45.36,Utilities,Credit Card,POS,Delhi,0,154,430.25,385,0,0,0.10542707728065079,384.89,0,0,1.0547945205479452,0,11,5,0,1,0
T103022,CUST1943,2024-02-14 14:08:00,92.53,Utilities,Debit Card,POS,Pune,1,162,22.2,1090,0,1,4.168018018018018,70.33,1,0,2.9863013698630136,0,14,2,0,0,2
T103023,CUST1377,2023-01-23 07:27:00,32.33,Electronics,Debit Card,Desktop,Mumbai,0,90,50.91,1691,0,0,0.6350422313887252,18.58,0,0,4.632876712328767,0,7,0,0,0,0
T103024,CUST7480,2023-12-17 06:14:00,4.66,Fashion,PayPal,Mobile,Kolkata,1,9,390.41,167,0,0,0.011936169667785148,385.75,0,0,0.4575342465753425,0,6,6,0,1,1
T103025,CUST8059,2023-09-28 19:33:00,37.46,Food,Credit Card,Mobile,Mumbai,0,40,315.8,1475,0,0,0.11861937935402153,278.34000000000003,0,0,4.041095890410959,0,19,3,0,0,0
T103026,CUST9485,2023-07-13 05:25:00,231.24,Entertainment,PayPal,Mobile,Delhi,0,7,283.92,1498,0,1,0.8144547759932376,52.68000000000001,0,0,4.104109589041096,0,5,3,0,0,0
T103027,CUST2177,2023-04-23 13:23:00,82.12,Travel,UPI,POS,Bengaluru,0,158,310.85,641,1,1,0.2641788644040534,228.73000000000002,0,0,1.7561643835616438,0,13,6,0,1,1
T103028,CUST2619,2023-06-20 20:53:00,89.05,Entertainment,Debit Card,Desktop,Pune,0,118,465.79,1295,0,0,0.19118057493720345,376.74,0,0,3.547945205479452,0,20,1,0,0,0
T103029,CUST1867,2023-09-14 15:00:00,80.04,Grocery,NetBanking,Mobile,Chennai,0,194,331.21,1298,0,0,0.24165937018809822,251.16999999999996,0,0,3.5561643835616437,0,15,3,0,0,0
T103030,CUST9615,2023-11-23 09:55:00,17.75,Utilities,NetBanking,POS,Mumbai,0,158,327.26,1592,0,0,0.05423822037523682,309.51,0,0,4.361643835616438,0,9,3,0,0,0
T103031,CUST5222,2023-07-28 12:47:00,43.35,Health,Credit Card,Desktop,Kolkata,0,196,382.14,1262,0,0,0.11344010048673261,338.78999999999996,0,0,3.4575342465753423,0,12,4,0,0,0
T103032,CUST6122,2023-11-15 03:28:00,111.2,Grocery,Credit Card,Mobile,Mumbai,0,58,434.64,1956,0,0,0.25584391680471197,323.44,0,0,5.358904109589041,0,3,2,1,0,1
T103033,CUST3753,2023-06-25 12:36:00,8.55,Entertainment,NetBanking,Mobile,Pune,0,55,138.34,486,0,0,0.0618042503975712,129.79,0,0,1.3315068493150686,0,12,6,0,1,0
T103034,CUST1596,2024-02-12 15:28:00,26.04,Food,Credit Card,Desktop,Bengaluru,0,14,312.21,128,0,0,0.08340540021139618,286.16999999999996,0,0,0.3506849315068493,0,15,0,0,0,0
T103035,CUST7786,2023-01-03 12:59:00,25.87,Entertainment,Debit Card,POS,Pune,0,118,296.15,1555,0,0,0.08735438122573022,270.28,0,0,4.260273972602739,0,12,1,0,0,0
T103036,CUST8075,2023-03-02 15:40:00,45.25,Entertainment,UPI,POS,Kolkata,0,77,76.08,1190,0,0,0.5947686645636172,30.83,0,0,3.26027397260274,0,15,3,0,0,0
T103037,CUST6024,2023-05-07 20:37:00,314.45,Electronics,UPI,Mobile,Kolkata,1,165,264.96,1240,0,0,1.1867829106280194,49.49000000000001,0,0,3.3972602739726026,0,20,6,0,1,1
T103038,CUST9579,2023-10-28 14:19:00,5.59,Travel,PayPal,Desktop,Delhi,0,124,44.08,65,0,0,0.12681488203266789,38.489999999999995,0,0,0.1780821917808219,0,14,5,0,1,0
T103039,CUST9741,2023-11-02 16:49:00,58.5,Food,Debit Card,POS,Chennai,1,172,100.63,659,0,0,0.5813375732882838,42.129999999999995,0,0,1.8054794520547945,0,16,3,0,0,1
T103040,CUST9239,2023-06-14 13:36:00,15.81,Entertainment,Credit Card,Desktop,Pune,0,134,457.35,699,0,0,0.0345687110528042,441.54,0,0,1.915068493150685,0,13,2,0,0,0
T103041,CUST1937,2023-01-25 09:35:00,282.35,Fashion,Credit Card,Desktop,Mumbai,0,26,68.43,1532,0,0,4.12611427736373,213.92000000000002,1,0,4.197260273972603,0,9,2,0,0,1
T103042,CUST6555,2023-08-03 10:30:00,9.62,Travel,PayPal,Mobile,Mumbai,0,128,293.67,816,0,0,0.03275785745905267,284.05,0,0,2.2356164383561645,0,10,3,0,0,0
T103043,CUST1638,2023-06-02 06:55:00,41.35,Grocery,PayPal,Desktop,Delhi,0,118,168.51,710,0,0,0.24538603050264082,127.16,0,0,1.9452054794520548,0,6,4,0,0,0
T103044,CUST5174,2023-08-03 08:58:00,107.12,Food,Credit Card,Desktop,Bengaluru,0,142,282.1,84,0,0,0.3797235023041475,174.98000000000002,0,0,0.23013698630136986,0,8,3,0,0,0
T103045,CUST9117,2023-11-05 01:05:00,97.54,Grocery,Credit Card,Desktop,Pune,0,136,125.14,1524,0,0,0.7794470193383412,27.599999999999994,0,0,4.175342465753425,0,1,6,1,1,1
T103046,CUST4407,2023-06-22 10:47:00,43.96,Utilities,Debit Card,POS,Hyderabad,0,24,227.75,1137,0,0,0.19301866081229418,183.79,0,0,3.115068493150685,0,10,3,0,0,0
T103047,CUST2416,2023-03-24 07:55:00,34.04,Entertainment,PayPal,Mobile,Bengaluru,0,167,434.99,1059,0,0,0.07825467252120738,400.95,0,0,2.9013698630136986,0,7,4,0,0,0
T103048,CUST7206,2023-12-09 07:15:00,40.55,Grocery,Debit Card,Mobile,Mumbai,0,177,194.35,920,0,0,0.20864419861075378,153.8,0,0,2.5205479452054793,0,7,5,0,1,0
T103049,CUST6367,2023-05-17 17:28:00,24.55,Grocery,Credit Card,Desktop,Kolkata,0,85,182.99,1416,0,0,0.13416033663041696,158.44,0,0,3.8794520547945206,0,17,2,0,0,0
T103050,CUST5066,2023-01-13 08:04:00,18.39,Electronics,NetBanking,Desktop,Pune,0,63,228.6,1909,0,0,0.08044619422572179,210.20999999999998,0,0,5.23013698630137,0,8,4,0,0,0
T103051,CUST5617,2023-10-08 01:11:00,52.78,Grocery,NetBanking,POS,Kolkata,0,26,59.24,1036,0,0,0.8909520594193112,6.460000000000001,0,0,2.8383561643835615,0,1,6,1,1,1
T103052,CUST2978,2023-12-18 09:36:00,25.02,Fashion,Credit Card,Mobile,Mumbai,0,10,199.8,797,0,0,0.12522522522522522,174.78,0,0,2.1835616438356165,0,9,0,0,0,0
T103053,CUST9336,2023-09-02 02:38:00,27.11,Fashion,PayPal,POS,Chennai,0,106,13.38,947,0,0,2.0261584454409567,13.729999999999999,0,0,2.5945205479452054,0,2,5,1,1,1
T103054,CUST3310,2023-04-01 00:32:00,85.55,Travel,NetBanking,Mobile,Bengaluru,0,117,256.66,1763,0,0,0.3333203459830125,171.11,0,0,4.83013698630137,0,0,5,1,1,1
T103055,CUST3697,2023-06-27 06:53:00,276.72,Entertainment,PayPal,POS,Hyderabad,0,58,425.49,693,0,0,0.6503560600719172,148.76999999999998,0,0,1.8986301369863015,0,6,1,0,0,0
T103056,CUST1372,2023-06-30 21:16:00,74.03,Health,NetBanking,Desktop,Chennai,0,14,280.52,859,0,0,0.2639027520319407,206.48999999999998,0,0,2.3534246575342466,0,21,4,0,0,0
T103057,CUST8210,2023-11-16 15:34:00,6.41,Utilities,PayPal,POS,Hyderabad,0,73,307.79,199,0,0,0.02082588778062965,301.38,0,0,0.5452054794520548,0,15,3,0,0,0
T103058,CUST3438,2023-03-02 05:37:00,6.29,Grocery,NetBanking,Desktop,Chennai,0,199,24.98,1813,0,1,0.25180144115292236,18.69,0,0,4.967123287671233,0,5,3,0,0,0
T103059,CUST7706,2023-12-01 02:53:00,241.97,Grocery,PayPal,Mobile,Bengaluru,0,39,431.16,278,0,0,0.5612069765284349,189.19000000000003,0,0,0.7616438356164383,0,2,4,1,0,1
T103060,CUST9284,2023-09-20 02:14:00,28.22,Food,Debit Card,Mobile,Mumbai,1,122,198.65,691,0,1,0.14205889755852,170.43,0,0,1.893150684931507,0,2,2,1,0,2
T103061,CUST1281,2023-03-25 13:52:00,7.73,Electronics,PayPal,Desktop,Hyderabad,0,159,487.68,239,0,0,0.015850557742782153,479.95,0,0,0.6547945205479452,0,13,5,0,1,0
T103062,CUST1170,2023-02-01 09:24:00,73.11,Health,Debit Card,Mobile,Bengaluru,0,178,69.03,941,0,0,1.0591047370708386,4.079999999999998,0,0,2.578082191780822,0,9,2,0,0,0
T103063,CUST6900,2023-01-19 15:30:00,78.18,Travel,Debit Card,POS,Hyderabad,0,144,472.89,769,0,0,0.16532385967138238,394.71,0,0,2.106849315068493,0,15,3,0,0,0
T103064,CUST3784,2023-06-16 08:26:00,83.64,Utilities,Credit Card,Desktop,Bengaluru,0,72,320.8,1297,0,0,0.2607231920199501,237.16000000000003,0,0,3.5534246575342467,0,8,4,0,0,0
T103065,CUST7168,2024-02-14 12:31:00,24.89,Health,Debit Card,Mobile,Chennai,0,112,35.65,170,0,0,0.6981767180925667,10.759999999999998,0,0,0.4657534246575342,0,12,2,0,0,0
T103066,CUST2525,2023-01-10 09:53:00,1.22,Grocery,UPI,POS,Bengaluru,0,51,486.13,661,0,0,0.002509616769176969,484.90999999999997,0,0,1.810958904109589,0,9,1,0,0,0
T103067,CUST6340,2023-10-02 22:20:00,268.23,Food,Debit Card,POS,Chennai,0,143,16.8,834,0,0,15.966071428571428,251.43,1,0,2.2849315068493152,0,22,0,0,0,1
T103068,CUST4005,2023-11-22 03:21:00,23.11,Entertainment,PayPal,Mobile,Mumbai,0,89,368.04,209,0,0,0.06279208781654168,344.93,0,0,0.5726027397260274,0,3,2,1,0,1
T103069,CUST7718,2023-10-12 05:12:00,90.17,Electronics,Debit Card,Mobile,Chennai,1,38,445.87,949,0,1,0.20223383497431988,355.7,0,0,2.6,0,5,3,0,0,1
T103070,CUST9689,2023-07-25 19:47:00,98.11,Entertainment,PayPal,POS,Delhi,0,105,96.15,666,0,0,1.0203848153926156,1.9599999999999937,0,0,1.8246575342465754,0,19,1,0,0,0
T103071,CUST5531,2023-09-14 15:14:00,75.33,Travel,PayPal,Desktop,Mumbai,0,79,178.25,783,0,0,0.4226086956521739,102.92,0,0,2.1452054794520548,0,15,3,0,0,0
T103072,CUST6581,2023-06-23 21:22:00,30.02,Health,UPI,Mobile,Kolkata,0,89,285.0,1777,0,0,0.10533333333333333,254.98,0,0,4.868493150684931,0,21,4,0,0,0
T103073,CUST1855,2023-05-20 19:08:00,25.3,Travel,Debit Card,Mobile,Kolkata,1,71,343.11,1016,0,0,0.07373728541867039,317.81,0,0,2.7835616438356166,0,19,5,0,1,1
T103074,CUST3260,2023-06-29 13:56:00,72.84,Grocery,Debit Card,Desktop,Kolkata,0,90,437.22,1070,0,0,0.1665980513242761,364.38,0,0,2.9315068493150687,0,13,3,0,0,0
T103075,CUST4521,2023-12-09 23:54:00,160.85,Travel,NetBanking,Desktop,Pune,0,72,382.92,1069,0,0,0.42006163167241195,222.07000000000002,0,0,2.9287671232876713,0,23,5,0,1,0
T103076,CUST2123,2023-03-31 04:48:00,234.6,Entertainment,NetBanking,Mobile,Pune,0,149,188.03,414,0,0,1.2476732436313354,46.56999999999999,0,0,1.1342465753424658,0,4,4,1,0,1
T103077,CUST2952,2023-07-07 05:37:00,8.96,Food,Credit Card,Desktop,Bengaluru,0,16,412.64,1394,0,0,0.021713842574641335,403.68,0,0,3.819178082191781,0,5,4,0,0,0
T103078,CUST4053,2023-02-22 21:25:00,13.46,Travel,PayPal,POS,Bengaluru,0,111,483.38,922,0,0,0.027845587322603338,469.92,0,0,2.526027397260274,0,21,2,0,0,0
T103079,CUST6276,2023-12-25 12:39:00,231.65,Fashion,UPI,POS,Delhi,0,67,121.22,1016,0,0,1.9109882857614255,110.43,0,0,2.7835616438356166,0,12,0,0,0,0
T103080,CUST2256,2023-06-14 21:51:00,106.71,Food,NetBanking,POS,Bengaluru,0,65,46.31,798,0,0,2.304253940833513,60.39999999999999,0,0,2.186301369863014,0,21,2,0,0,0
T103081,CUST7428,2023-01-28 13:07:00,171.64,Health,Debit Card,Mobile,Mumbai,0,13,219.04,1851,0,0,0.7836011687363038,47.400000000000006,0,0,5.071232876712329,0,13,5,0,1,0
T103082,CUST1609,2023-12-25 11:42:00,18.12,Electronics,Credit Card,Desktop,Mumbai,0,118,441.88,821,0,0,0.041006608128903776,423.76,0,0,2.249315068493151,0,11,0,0,0,0
T103083,CUST5047,2023-07-16 14:49:00,70.86,Electronics,UPI,POS,Kolkata,0,192,83.64,75,0,0,0.8472022955523673,12.780000000000001,0,0,0.2054794520547945,0,14,6,0,1,0
T103084,CUST7042,2023-08-22 04:04:00,96.62,Grocery,Debit Card,Desktop,Chennai,0,61,444.04,533,0,0,0.2175930096387713,347.42,0,0,1.4602739726027398,0,4,1,1,0,1
T103085,CUST7919,2023-01-21 00:30:00,91.18,Grocery,Debit Card,POS,Hyderabad,0,32,496.18,1823,0,0,0.18376395662864284,405.0,0,0,4.994520547945205,0,0,5,1,1,1
T103086,CUST5519,2023-08-04 04:44:00,41.96,Fashion,PayPal,Desktop,Bengaluru,0,140,36.46,1196,0,0,1.1508502468458586,5.5,0,0,3.276712328767123,0,4,4,1,0,1
T103087,CUST4445,2023-12-02 03:42:00,1.24,Health,PayPal,POS,Delhi,0,95,252.68,1338,0,0,0.0049073927497229695,251.44,0,0,3.665753424657534,0,3,5,1,1,1
T103088,CUST3442,2023-11-01 06:51:00,69.96,Entertainment,NetBanking,POS,Kolkata,0,41,171.15,1408,0,0,0.4087642418930762,101.19000000000001,0,0,3.8575342465753426,0,6,2,0,0,0
T103089,CUST9905,2023-05-17 22:17:00,23.35,Electronics,NetBanking,POS,Pune,0,194,202.9,859,0,0,0.11508132084770824,179.55,0,0,2.3534246575342466,0,22,2,0,0,0
T103090,CUST4342,2023-04-12 07:28:00,47.86,Electronics,Debit Card,POS,Mumbai,1,136,231.3,554,0,0,0.2069174232598357,183.44,0,0,1.5178082191780822,0,7,2,0,0,1
T103091,CUST2082,2023-11-10 10:01:00,252.81,Electronics,Debit Card,POS,Mumbai,0,187,372.45,1008,0,0,0.6787756745871929,119.63999999999999,0,0,2.7616438356164386,0,10,4,0,0,0
T103092,CUST9668,2023-06-07 19:37:00,40.74,Entertainment,NetBanking,POS,Mumbai,0,25,299.74,1886,0,0,0.1359177954226997,259.0,0,0,5.167123287671233,0,19,2,0,0,0
T103093,CUST6224,2023-09-22 17:41:00,146.51,Electronics,NetBanking,POS,Hyderabad,0,133,480.99,586,0,0,0.30460092725420485,334.48,0,0,1.6054794520547946,0,17,4,0,0,0
T103094,CUST9671,2023-11-05 18:07:00,16.71,Travel,Debit Card,POS,Hyderabad,0,45,173.05,76,0,0,0.09656168737359144,156.34,0,0,0.20821917808219179,0,18,6,0,1,0
T103095,CUST6662,2023-07-10 10:02:00,89.29,Health,UPI,POS,Bengaluru,0,130,275.34,557,0,0,0.3242899687658895,186.04999999999995,0,0,1.526027397260274,0,10,0,0,0,0
T103096,CUST6375,2023-11-09 23:42:00,301.81,Food,Debit Card,Desktop,Pune,0,170,408.53,1947,0,0,0.7387707145130101,106.71999999999997,0,0,5.3342465753424655,0,23,3,0,0,0
T103097,CUST6746,2023-07-02 07:03:00,8.6,Food,UPI,Desktop,Delhi,0,166,192.78,136,0,0,0.04461043676729951,184.18,0,0,0.3726027397260274,0,7,6,0,1,0
T103098,CUST8763,2023-04-24 10:42:00,0.67,Fashion,UPI,Mobile,Hyderabad,0,3,238.0,1056,0,0,0.0028151260504201683,237.33,0,0,2.893150684931507,1,10,0,0,0,0
T103099,CUST1680,2023-10-03 20:54:00,45.47,Travel,Debit Card,POS,Chennai,0,174,345.64,645,0,0,0.13155306098831154,300.16999999999996,0,0,1.7671232876712328,0,20,1,0,0,0
T103100,CUST8885,2023-07-08 08:18:00,7.78,Electronics,Credit Card,Desktop,Hyderabad,0,150,431.76,995,0,0,0.01801926996479526,423.98,0,0,2.7260273972602738,0,8,5,0,1,0
T103101,CUST4246,2023-09-01 05:20:00,110.39,Electronics,NetBanking,Desktop,Mumbai,0,104,213.68,1148,0,0,0.5166136278547361,103.29,0,0,3.1452054794520548,0,5,4,0,0,0
T103102,CUST3404,2023-03-23 08:59:00,196.78,Grocery,PayPal,Desktop,Delhi,0,33,270.66,1186,0,0,0.7270376117638365,73.88000000000002,0,0,3.249315068493151,0,8,3,0,0,0
T103103,CUST1782,2023-02-19 11:19:00,45.54,Grocery,Debit Card,Desktop,Bengaluru,0,32,487.81,1975,0,0,0.0933560197617925,442.27,0,0,5.410958904109589,0,11,6,0,1,0
T103104,CUST8498,2023-10-26 04:08:00,23.95,Fashion,UPI,Desktop,Hyderabad,0,111,30.81,889,1,0,0.777345017851347,6.859999999999999,0,0,2.4356164383561643,0,4,3,1,0,2
T103105,CUST5824,2023-12-01 03:04:00,45.59,Electronics,Debit Card,Desktop,Mumbai,0,17,229.63,1836,0,0,0.19853677655358623,184.04,0,0,5.03013698630137,0,3,4,1,0,1
T103106,CUST6955,2024-01-06 19:34:00,102.83,Fashion,NetBanking,Mobile,Kolkata,0,120,321.63,230,1,0,0.31971520069645243,218.8,0,0,0.6301369863013698,0,19,5,0,1,1
T103107,CUST9986,2023-12-16 19:05:00,0.73,Travel,UPI,Desktop,Chennai,0,82,14.13,283,0,0,0.05166312809624911,13.4,0,0,0.7753424657534247,0,19,5,0,1,0
T103108,CUST2653,2023-06-02 05:08:00,71.22,Food,PayPal,Mobile,Chennai,0,184,302.43,212,0,0,0.23549251066362464,231.21,0,0,0.5808219178082191,0,5,4,0,0,0
T103109,CUST5647,2023-09-29 07:53:00,76.01,Electronics,PayPal,Mobile,Kolkata,0,3,37.54,1203,0,0,2.02477357485349,38.470000000000006,0,0,3.2958904109589042,1,7,4,0,0,0
T103110,CUST7517,2023-07-14 14:45:00,81.22,Health,PayPal,POS,Bengaluru,0,70,430.2,1602,1,0,0.18879590887959088,348.98,0,0,4.389041095890411,0,14,4,0,0,1
T103111,CUST7285,2023-08-30 18:29:00,22.17,Entertainment,Credit Card,POS,Bengaluru,0,177,405.47,1010,0,0,0.05467728808543172,383.3,0,0,2.767123287671233,0,18,2,0,0,0
T103112,CUST3715,2023-02-19 06:58:00,100.16,Travel,UPI,POS,Hyderabad,0,183,25.81,519,0,0,3.880666408368849,74.35,1,0,1.4219178082191781,0,6,6,0,1,1
T103113,CUST8058,2024-02-18 21:26:00,7.67,Electronics,UPI,Desktop,Bengaluru,0,118,33.91,534,0,0,0.2261869654969036,26.239999999999995,0,0,1.463013698630137,0,21,6,0,1,0
T103114,CUST4555,2023-05-15 07:01:00,17.78,Entertainment,Credit Card,POS,Pune,1,31,379.27,442,0,0,0.0468795317320115,361.49,0,0,1.210958904109589,0,7,0,0,0,1
T103115,CUST9899,2024-01-23 19:42:00,167.95,Health,UPI,Desktop,Pune,0,149,191.08,1975,0,0,0.8789512246179609,23.130000000000024,0,0,5.410958904109589,0,19,1,0,0,0
T103116,CUST5571,2023-04-28 17:41:00,107.37,Grocery,Credit Card,Desktop,Mumbai,0,16,291.76,1891,0,0,0.36800795174115714,184.39,0,0,5.1808219178082195,0,17,4,0,0,0
T103117,CUST7391,2023-08-20 04:01:00,1.11,Fashion,Debit Card,POS,Mumbai,0,17,142.46,1561,0,1,0.007791660817071459,141.35,0,0,4.276712328767124,0,4,6,1,1,1
T103118,CUST5141,2023-03-06 15:17:00,22.84,Grocery,NetBanking,POS,Mumbai,0,96,94.75,1704,0,0,0.24105540897097624,71.91,0,0,4.668493150684932,0,15,0,0,0,0
T103119,CUST6521,2023-04-09 13:29:00,19.31,Food,PayPal,Mobile,Pune,0,129,155.08,1665,0,0,0.12451637864328087,135.77,0,0,4.561643835616438,0,13,6,0,1,0
T103120,CUST7173,2024-01-06 11:20:00,25.27,Grocery,Credit Card,Mobile,Hyderabad,1,112,130.89,433,1,0,0.19306287722515092,105.61999999999999,0,0,1.1863013698630136,0,11,5,0,1,2
T103121,CUST4873,2023-01-24 12:48:00,22.75,Electronics,Credit Card,Desktop,Hyderabad,0,102,229.67,265,0,0,0.09905516610789394,206.92,0,0,0.726027397260274,0,12,1,0,0,0
T103122,CUST8440,2023-10-31 10:08:00,5.17,Health,Credit Card,Desktop,Bengaluru,0,72,375.87,1649,0,0,0.013754755633596722,370.7,0,0,4.517808219178082,0,10,1,0,0,0
T103123,CUST7285,2023-11-23 07:01:00,49.14,Grocery,Debit Card,POS,Hyderabad,1,193,281.52,888,0,0,0.1745524296675192,232.38,0,0,2.4328767123287673,0,7,3,0,0,1
T103124,CUST1669,2023-12-29 18:21:00,105.56,Electronics,Credit Card,POS,Mumbai,0,66,308.5,995,0,0,0.3421717990275527,202.94,0,0,2.7260273972602738,0,18,4,0,0,0
T103125,CUST3287,2023-08-05 12:09:00,74.66,Food,NetBanking,Mobile,Delhi,0,111,240.34,1598,0,0,0.31064325538820003,165.68,0,0,4.3780821917808215,0,12,5,0,1,0
T103126,CUST6012,2023-02-07 19:48:00,89.39,Entertainment,NetBanking,POS,Mumbai,1,37,169.12,662,0,0,0.5285596026490066,79.73,0,0,1.8136986301369864,0,19,1,0,0,1
T103127,CUST3595,2023-12-18 18:16:00,6.77,Health,PayPal,Desktop,Pune,0,152,80.32,1595,0,0,0.0842878486055777,73.55,0,0,4.36986301369863,0,18,0,0,0,0
T103128,CUST6490,2023-08-12 23:37:00,242.08,Grocery,Debit Card,POS,Kolkata,0,91,183.74,1487,0,0,1.3175138783063023,58.34,0,0,4.073972602739726,0,23,5,0,1,0
T103129,CUST5147,2023-05-23 02:14:00,145.86,Fashion,NetBanking,Mobile,Delhi,0,84,335.95,1599,0,0,0.4341717517487722,190.08999999999997,0,0,4.380821917808219,0,2,1,1,0,1
T103130,CUST3404,2023-02-21 10:44:00,130.82,Fashion,UPI,Desktop,Bengaluru,0,111,369.55,1698,0,0,0.35399810580435664,238.73000000000002,0,0,4.652054794520548,0,10,1,0,0,0
T103131,CUST4509,2023-09-22 04:10:00,138.52,Health,UPI,Mobile,Chennai,0,62,239.9,237,0,0,0.5774072530220926,101.38,0,0,0.6493150684931507,0,4,4,1,0,1
T103132,CUST7870,2023-07-11 05:23:00,215.9,Fashion,UPI,Mobile,Kolkata,0,21,326.05,169,0,0,0.6621683790829628,110.15,0,0,0.46301369863013697,0,5,1,0,0,0
T103133,CUST3907,2023-03-14 17:04:00,62.87,Grocery,Credit Card,Desktop,Hyderabad,0,106,113.17,617,0,0,0.5555359194132721,50.300000000000004,0,0,1.6904109589041096,0,17,1,0,0,0
T103134,CUST5340,2023-10-07 07:29:00,17.88,Grocery,Credit Card,Mobile,Hyderabad,0,37,431.43,616,0,0,0.04144357137890271,413.55,0,0,1.6876712328767123,0,7,5,0,1,0
T103135,CUST3608,2023-05-05 23:47:00,76.73,Health,UPI,POS,Pune,0,35,434.31,1873,0,0,0.17667104142202575,357.58,0,0,5.131506849315069,0,23,4,0,0,0
T103136,CUST8536,2023-11-06 09:41:00,108.66,Grocery,PayPal,POS,Mumbai,0,166,166.96,1360,0,0,0.6508145663632007,58.30000000000001,0,0,3.7260273972602738,0,9,0,0,0,0
T103137,CUST1387,2023-07-09 13:08:00,107.13,Entertainment,PayPal,Mobile,Mumbai,1,181,278.38,946,1,0,0.38483368058050144,171.25,0,0,2.591780821917808,0,13,6,0,1,2
T103138,CUST6965,2023-06-04 17:42:00,58.96,Electronics,Credit Card,POS,Delhi,1,143,307.26,996,0,1,0.1918896048948773,248.29999999999998,0,0,2.728767123287671,0,17,6,0,1,1
T103139,CUST8441,2023-04-16 18:06:00,5.67,Food,UPI,Mobile,Hyderabad,1,114,241.49,599,0,0,0.023479233094538074,235.82000000000002,0,0,1.641095890410959,0,18,6,0,1,1
T103140,CUST4166,2023-03-13 01:05:00,37.1,Entertainment,PayPal,POS,Kolkata,0,170,456.46,1151,0,0,0.08127765850238795,419.35999999999996,0,0,3.1534246575342464,0,1,0,1,0,1
T103141,CUST9017,2023-07-25 12:30:00,202.83,Entertainment,Credit Card,Mobile,Pune,0,94,372.46,154,0,0,0.5445685442732107,169.62999999999997,0,0,0.42191780821917807,0,12,1,0,0,0
T103142,CUST9910,2023-09-13 02:12:00,70.25,Fashion,UPI,POS,Kolkata,0,4,339.53,1402,0,1,0.20690366094306836,269.28,0,0,3.841095890410959,1,2,2,1,0,1
T103143,CUST5510,2023-12-27 01:41:00,61.83,Electronics,Debit Card,Desktop,Bengaluru,0,107,264.85,163,0,0,0.233452897866717,203.02000000000004,0,0,0.4465753424657534,0,1,2,1,0,1
T103144,CUST8899,2024-01-15 08:05:00,25.05,Health,UPI,Desktop,Mumbai,0,167,51.58,1025,0,0,0.48565335401318344,26.529999999999998,0,0,2.808219178082192,0,8,0,0,0,0
T103145,CUST1274,2023-03-12 05:50:00,36.77,Utilities,UPI,POS,Kolkata,0,79,62.83,1279,0,0,0.5852299856756328,26.059999999999995,0,0,3.504109589041096,0,5,6,0,1,0
T103146,CUST4020,2023-03-13 05:14:00,180.57,Fashion,NetBanking,Mobile,Hyderabad,0,23,156.51,1998,0,0,1.153728196281388,24.060000000000002,0,0,5.473972602739726,0,5,0,0,0,0
T103147,CUST5863,2024-01-30 23:53:00,87.84,Electronics,NetBanking,POS,Chennai,1,105,113.65,1765,0,1,0.7728992520897492,25.810000000000002,0,0,4.835616438356165,0,23,1,0,0,1
T103148,CUST7219,2024-02-10 01:32:00,123.86,Grocery,Debit Card,Mobile,Pune,0,15,476.74,1602,0,0,0.25980618366405167,352.88,0,0,4.389041095890411,0,1,5,1,1,1
T103149,CUST3995,2023-01-06 03:59:00,48.46,Health,Debit Card,POS,Delhi,0,140,210.81,679,0,0,0.2298752431099094,162.35,0,0,1.8602739726027397,0,3,4,1,0,1
T103150,CUST3783,2023-12-07 09:34:00,79.59,Utilities,UPI,POS,Mumbai,0,198,439.54,1773,0,0,0.18107567001865588,359.95000000000005,0,0,4.857534246575343,0,9,3,0,0,0
T103151,CUST3249,2024-02-01 00:13:00,22.84,Health,PayPal,Desktop,Mumbai,0,128,410.86,735,0,0,0.05559071216472764,388.02000000000004,0,0,2.0136986301369864,0,0,3,1,0,1
T103152,CUST3195,2023-02-03 10:00:00,97.79,Utilities,Debit Card,Mobile,Bengaluru,0,82,408.16,597,0,0,0.2395874166993336,310.37,0,0,1.6356164383561644,0,10,4,0,0,0
T103153,CUST1488,2023-02-23 09:39:00,44.63,Utilities,UPI,Mobile,Mumbai,0,121,115.7,368,0,0,0.3857389801210026,71.07,0,0,1.0082191780821919,0,9,3,0,0,0
T103154,CUST4658,2023-01-27 07:47:00,46.75,Fashion,Credit Card,Mobile,Pune,0,182,229.19,868,0,0,0.20397923120554998,182.44,0,0,2.378082191780822,0,7,4,0,0,0
T103155,CUST4279,2023-04-26 22:32:00,83.83,Grocery,NetBanking,Mobile,Hyderabad,0,88,165.8,351,0,0,0.5056091676718938,81.97000000000001,0,0,0.9616438356164384,0,22,2,0,0,0
T103156,CUST3171,2023-02-03 03:19:00,220.26,Fashion,PayPal,Mobile,Hyderabad,0,166,485.5,1866,0,0,0.4536766220391349,265.24,0,0,5.112328767123287,0,3,4,1,0,1
T103157,CUST5527,2023-06-08 07:45:00,5.29,Utilities,UPI,Desktop,Hyderabad,1,156,439.6,1140,1,1,0.012033666969972701,434.31,0,0,3.1232876712328768,0,7,3,0,0,2
T103158,CUST8481,2023-11-25 04:44:00,139.32,Utilities,Credit Card,POS,Chennai,0,79,132.46,124,0,0,1.0517892193869847,6.859999999999985,0,0,0.33972602739726027,0,4,5,1,1,1
T103159,CUST7757,2023-11-24 05:21:00,27.67,Travel,NetBanking,Mobile,Chennai,0,19,163.62,225,0,0,0.16911135558000245,135.95,0,0,0.6164383561643836,0,5,4,0,0,0
T103160,CUST4345,2024-01-06 17:25:00,46.95,Electronics,Credit Card,Mobile,Mumbai,0,69,269.17,221,0,0,0.17442508451907715,222.22000000000003,0,0,0.6054794520547945,0,17,5,0,1,0
T103161,CUST8031,2023-09-27 17:22:00,1.77,Travel,UPI,POS,Kolkata,0,192,146.52,685,0,0,0.01208026208026208,144.75,0,0,1.8767123287671232,0,17,2,0,0,0
T103162,CUST3710,2023-11-08 07:43:00,28.65,Electronics,Debit Card,Desktop,Chennai,0,132,414.02,551,0,0,0.06919955557702527,385.37,0,0,1.5095890410958903,0,7,2,0,0,0
T103163,CUST7518,2023-09-19 20:41:00,55.87,Food,NetBanking,Desktop,Kolkata,0,10,411.42,782,0,0,0.1357979680132225,355.55,0,0,2.1424657534246574,0,20,1,0,0,0
T103164,CUST4087,2023-02-08 05:24:00,4.63,Entertainment,Credit Card,Desktop,Kolkata,0,140,364.93,1714,0,0,0.012687364700079466,360.3,0,0,4.695890410958904,0,5,2,0,0,0
T103165,CUST5258,2023-06-02 03:06:00,54.04,Health,Debit Card,POS,Chennai,0,197,347.76,1017,0,0,0.15539452495974235,293.71999999999997,0,0,2.786301369863014,0,3,4,1,0,1
T103166,CUST5979,2023-04-29 12:21:00,209.5,Fashion,PayPal,POS,Bengaluru,0,135,278.18,1035,0,0,0.7531094974476957,68.68,0,0,2.835616438356164,0,12,5,0,1,0
T103167,CUST2225,2023-06-22 00:26:00,8.91,Food,UPI,Desktop,Chennai,0,44,180.09,1705,0,1,0.049475262368815595,171.18,0,0,4.671232876712328,0,0,3,1,0,1
T103168,CUST3222,2023-01-19 15:43:00,115.66,Food,UPI,Desktop,Delhi,0,151,420.1,42,0,0,0.2753154010949774,304.44000000000005,0,0,0.11506849315068493,0,15,3,0,0,0
T103169,CUST8900,2024-01-17 15:26:00,42.17,Health,NetBanking,POS,Delhi,0,2,430.83,283,0,0,0.09788083466796649,388.65999999999997,0,0,0.7753424657534247,1,15,2,0,0,0
T103170,CUST4130,2023-04-16 17:46:00,85.18,Health,Credit Card,Desktop,Kolkata,1,94,34.26,110,0,0,2.486281377699942,50.92000000000001,0,0,0.3013698630136986,0,17,6,0,1,1
T103171,CUST9111,2023-10-23 16:45:00,24.11,Electronics,PayPal,Mobile,Delhi,0,116,205.32,1775,0,0,0.11742645626339372,181.20999999999998,0,0,4.863013698630137,0,16,0,0,0,0
T103172,CUST7962,2024-01-11 03:02:00,13.9,Travel,NetBanking,POS,Mumbai,1,165,23.05,402,0,1,0.6030368763557483,9.15,0,0,1.1013698630136985,0,3,3,1,0,2
T103173,CUST1553,2023-10-16 06:02:00,13.99,Grocery,NetBanking,Desktop,Hyderabad,0,69,421.34,423,0,0,0.033203588550814074,407.34999999999997,0,0,1.158904109589041,0,6,0,0,0,0
T103174,CUST8474,2023-10-21 19:59:00,5.85,Electronics,Credit Card,Mobile,Bengaluru,0,148,96.78,1943,0,0,0.06044637321760694,90.93,0,0,5.323287671232877,0,19,5,0,1,0
T103175,CUST4317,2023-03-24 20:14:00,16.43,Grocery,PayPal,POS,Mumbai,0,172,340.19,1785,0,0,0.04829654016872924,323.76,0,0,4.890410958904109,0,20,4,0,0,0
T103176,CUST3314,2023-04-23 12:53:00,87.3,Food,Credit Card,POS,Hyderabad,0,108,185.11,1962,0,0,0.47161147425854894,97.81000000000002,0,0,5.375342465753425,0,12,6,0,1,0
T103177,CUST7286,2023-08-09 04:18:00,170.76,Grocery,UPI,Mobile,Bengaluru,0,70,409.87,447,0,0,0.41661990387195935,239.11,0,0,1.2246575342465753,0,4,2,1,0,1
T103178,CUST9829,2023-06-11 20:17:00,134.61,Travel,Debit Card,POS,Kolkata,0,74,259.75,1112,0,0,0.5182290664100097,125.13999999999999,0,0,3.0465753424657533,0,20,6,0,1,0
T103179,CUST3170,2023-06-29 02:56:00,92.45,Electronics,UPI,Desktop,Bengaluru,0,179,168.96,157,0,0,0.547170928030303,76.51,0,0,0.4301369863013699,0,2,3,1,0,1
T103180,CUST6311,2023-10-15 22:29:00,9.36,Utilities,UPI,POS,Bengaluru,1,80,168.7,846,0,0,0.05548310610551274,159.33999999999997,0,0,2.317808219178082,0,22,6,0,1,1
T103181,CUST1703,2023-11-22 09:00:00,27.31,Health,NetBanking,Desktop,Delhi,0,98,170.19,803,0,0,0.16046771255655443,142.88,0,0,2.2,0,9,2,0,0,0
T103182,CUST4948,2023-07-13 18:06:00,29.66,Utilities,UPI,Mobile,Delhi,0,159,396.4,1833,0,0,0.0748234106962664,366.73999999999995,0,0,5.021917808219178,0,18,3,0,0,0
T103183,CUST5030,2023-04-11 07:32:00,23.01,Travel,PayPal,Mobile,Delhi,0,100,358.45,1594,0,0,0.06419305342446646,335.44,0,0,4.367123287671233,0,7,1,0,0,0
T103184,CUST6942,2023-01-22 06:47:00,57.89,Entertainment,UPI,POS,Bengaluru,0,169,166.41,1386,0,0,0.347875728622078,108.52,0,0,3.797260273972603,0,6,6,0,1,0
T103185,CUST8574,2023-12-06 00:00:00,61.35,Travel,PayPal,Mobile,Pune,0,58,250.2,921,0,0,0.24520383693045567,188.85,0,0,2.5232876712328767,0,0,2,1,0,1
T103186,CUST2397,2023-04-12 09:44:00,35.31,Entertainment,Credit Card,Mobile,Bengaluru,0,133,47.32,311,0,0,0.746196111580727,12.009999999999998,0,0,0.852054794520548,0,9,2,0,0,0
T103187,CUST6586,2024-02-07 21:37:00,34.93,Electronics,NetBanking,POS,Delhi,0,161,415.48,1633,0,0,0.08407143544815635,380.55,0,0,4.473972602739726,0,21,2,0,0,0
T103188,CUST1075,2023-08-19 10:01:00,141.08,Health,PayPal,Desktop,Bengaluru,0,171,140.32,236,0,0,1.0054161915621438,0.7600000000000193,0,0,0.6465753424657534,0,10,5,0,1,0
T103189,CUST7366,2023-09-20 22:17:00,124.58,Travel,UPI,POS,Delhi,0,147,445.72,1325,0,0,0.27950282688683475,321.14000000000004,0,0,3.6301369863013697,0,22,2,0,0,0
T103190,CUST1213,2023-05-07 22:28:00,29.43,Utilities,NetBanking,POS,Delhi,0,32,302.43,1362,0,0,0.09731177462553318,273.0,0,0,3.7315068493150685,0,22,6,0,1,0
T103191,CUST1652,2023-05-12 16:38:00,196.08,Entertainment,NetBanking,Desktop,Delhi,0,121,288.23,432,0,0,0.6802900461437047,92.15,0,0,1.1835616438356165,0,16,4,0,0,0
T103192,CUST9340,2024-01-08 01:27:00,244.29,Health,PayPal,Desktop,Kolkata,0,3,89.73,1228,0,0,2.722500835840856,154.56,0,0,3.3643835616438356,1,1,0,1,0,1
T103193,CUST6536,2023-05-11 15:34:00,31.65,Fashion,PayPal,Desktop,Kolkata,0,129,44.07,247,0,0,0.7181756296800544,12.420000000000002,0,0,0.6767123287671233,0,15,3,0,0,0
T103194,CUST2614,2024-01-03 09:01:00,35.01,Fashion,Debit Card,POS,Pune,0,169,280.78,1725,0,0,0.12468836811738729,245.76999999999998,0,0,4.726027397260274,0,9,2,0,0,0
T103195,CUST6633,2023-12-26 17:59:00,56.36,Fashion,Debit Card,Desktop,Hyderabad,0,48,239.31,355,0,0,0.23551042580752998,182.95,0,0,0.9726027397260274,0,17,1,0,0,0
T103196,CUST1412,2024-02-09 10:32:00,226.58,Grocery,NetBanking,Mobile,Bengaluru,0,167,68.64,785,0,0,3.300990675990676,157.94,1,0,2.1506849315068495,0,10,4,0,0,1
T103197,CUST7680,2023-01-13 05:12:00,167.2,Travel,Debit Card,Desktop,Mumbai,0,133,419.44,1306,0,0,0.39862674041579244,252.24,0,0,3.578082191780822,0,5,4,0,0,0
T103198,CUST3187,2023-03-13 01:39:00,8.66,Electronics,UPI,Mobile,Delhi,0,77,214.45,1507,0,0,0.04038237351363955,205.79,0,0,4.1287671232876715,0,1,0,1,0,1
T103199,CUST3953,2023-01-06 17:17:00,39.9,Utilities,Credit Card,Desktop,Pune,1,11,137.62,1242,0,0,0.2899287894201424,97.72,0,0,3.4027397260273973,0,17,4,0,0,1
T103200,CUST7975,2023-04-22 08:01:00,64.48,Electronics,NetBanking,Mobile,Mumbai,0,22,396.25,1826,0,0,0.1627255520504732,331.77,0,0,5.002739726027397,0,8,5,0,1,0
T103201,CUST1618,2024-01-02 03:43:00,55.95,Grocery,Credit Card,Mobile,Kolkata,0,192,457.4,1496,0,1,0.12232181897682555,401.45,0,0,4.098630136986301,0,3,1,1,0,1
T103202,CUST8147,2023-10-13 05:33:00,17.24,Electronics,Debit Card,Mobile,Hyderabad,0,12,159.92,1951,0,0,0.10780390195097549,142.67999999999998,0,0,5.345205479452055,0,5,4,0,0,0
T103203,CUST1648,2023-03-28 16:13:00,156.62,Entertainment,PayPal,Mobile,Bengaluru,0,53,390.22,1041,1,1,0.40136333350417713,233.60000000000002,0,0,2.852054794520548,0,16,1,0,0,1
T103204,CUST6138,2023-09-14 17:58:00,90.39,Fashion,NetBanking,Mobile,Kolkata,0,55,329.73,159,0,0,0.2741333818578837,239.34000000000003,0,0,0.43561643835616437,0,17,3,0,0,0
T103205,CUST9184,2023-01-21 10:04:00,145.57,Utilities,Debit Card,Desktop,Pune,1,53,494.97,1538,0,0,0.2940986322403378,349.40000000000003,0,0,4.213698630136986,0,10,5,0,1,1
T103206,CUST6430,2023-06-21 16:00:00,156.59,Travel,UPI,POS,Delhi,0,21,109.96,32,0,0,1.424063295743907,46.63000000000001,0,0,0.08767123287671233,0,16,2,0,0,0
T103207,CUST9310,2023-05-18 06:56:00,110.38,Electronics,NetBanking,POS,Delhi,0,19,480.73,1404,0,0,0.22960913610550618,370.35,0,0,3.8465753424657536,0,6,3,0,0,0
T103208,CUST1196,2023-02-22 18:39:00,46.27,Electronics,NetBanking,POS,Delhi,0,197,164.48,584,0,0,0.2813107976653697,118.20999999999998,0,0,1.6,0,18,2,0,0,0
T103209,CUST1050,2023-04-06 21:19:00,75.44,Food,PayPal,POS,Pune,0,88,211.86,1186,0,0,0.35608420655149625,136.42000000000002,0,0,3.249315068493151,0,21,3,0,0,0
T103210,CUST4668,2023-06-28 12:45:00,13.98,Food,NetBanking,POS,Kolkata,0,94,185.82,1743,0,0,0.07523409751372297,171.84,0,0,4.7753424657534245,0,12,2,0,0,0
T103211,CUST9144,2023-09-10 11:04:00,89.58,Food,PayPal,Mobile,Mumbai,0,66,141.54,1547,0,0,0.6328952946163628,51.959999999999994,0,0,4.238356164383561,0,11,6,0,1,0
T103212,CUST3323,2023-07-16 02:36:00,15.8,Travel,Debit Card,Desktop,Hyderabad,0,59,349.68,295,0,0,0.045184168382521164,333.88,0,0,0.8082191780821918,0,2,6,1,1,1
T103213,CUST7848,2024-01-01 17:05:00,94.72,Fashion,UPI,Mobile,Bengaluru,0,177,298.68,952,0,0,0.3171286996116245,203.96,0,0,2.6082191780821917,0,17,0,0,0,0
T103214,CUST4570,2024-01-22 01:10:00,20.87,Health,UPI,Desktop,Hyderabad,1,59,159.79,53,0,0,0.1306089242130296,138.92,0,0,0.14520547945205478,0,1,0,1,0,2
T103215,CUST6123,2023-02-07 13:11:00,10.0,Fashion,NetBanking,Desktop,Kolkata,0,151,74.78,563,0,0,0.1337255950788981,64.78,0,0,1.5424657534246575,0,13,1,0,0,0
T103216,CUST5541,2023-06-12 10:15:00,14.45,Utilities,NetBanking,Desktop,Delhi,0,3,165.51,1910,0,0,0.08730590296658812,151.06,0,0,5.232876712328767,1,10,0,0,0,0
T103217,CUST9184,2023-08-08 10:08:00,0.16,Fashion,Debit Card,Desktop,Hyderabad,0,184,196.8,32,0,0,0.0008130081300813008,196.64000000000001,0,0,0.08767123287671233,0,10,1,0,0,0
T103218,CUST5969,2023-05-06 09:41:00,101.48,Travel,PayPal,POS,Mumbai,1,116,196.52,1965,0,0,0.516385100753104,95.04,0,0,5.383561643835616,0,9,5,0,1,1
T103219,CUST2867,2023-04-25 15:12:00,105.46,Entertainment,UPI,Desktop,Chennai,0,58,185.06,1723,0,0,0.5698692316005619,79.60000000000001,0,0,4.720547945205479,0,15,1,0,0,0
T103220,CUST3448,2023-03-26 11:16:00,57.88,Entertainment,PayPal,Desktop,Kolkata,0,62,33.87,909,0,0,1.7088869205786834,24.010000000000005,0,0,2.4904109589041097,0,11,6,0,1,0
T103221,CUST3310,2023-04-24 02:53:00,14.08,Travel,Debit Card,POS,Chennai,0,146,237.38,456,0,0,0.05931417979610751,223.29999999999998,0,0,1.2493150684931507,0,2,0,1,0,1
T103222,CUST1294,2023-12-25 05:43:00,6.98,Food,UPI,Mobile,Bengaluru,0,189,419.74,33,0,0,0.016629341973602708,412.76,0,0,0.09041095890410959,0,5,0,0,0,0
T103223,CUST9678,2023-07-11 05:01:00,1.55,Electronics,UPI,Mobile,Bengaluru,0,126,98.38,1672,0,1,0.015755234803821915,96.83,0,0,4.580821917808219,0,5,1,0,0,0
T103224,CUST9899,2023-07-07 18:53:00,14.5,Grocery,Credit Card,Mobile,Hyderabad,0,37,81.37,837,0,0,0.17819835320142557,66.87,0,0,2.293150684931507,0,18,4,0,0,0
T103225,CUST2716,2023-02-26 06:20:00,177.21,Grocery,Debit Card,Mobile,Bengaluru,0,182,241.21,813,0,0,0.7346710335392397,64.0,0,0,2.2273972602739724,0,6,6,0,1,0
T103226,CUST7988,2023-03-11 08:19:00,22.12,Health,Debit Card,Desktop,Kolkata,0,113,191.6,532,0,0,0.11544885177453028,169.48,0,0,1.4575342465753425,0,8,5,0,1,0
T103227,CUST9702,2023-08-08 07:58:00,34.99,Electronics,Credit Card,POS,Pune,0,95,285.03,261,0,0,0.12275900782373787,250.03999999999996,0,0,0.7150684931506849,0,7,1,0,0,0
T103228,CUST4199,2023-05-24 23:37:00,8.91,Health,PayPal,POS,Mumbai,0,78,474.07,902,0,0,0.018794692766890966,465.15999999999997,0,0,2.4712328767123286,0,23,2,0,0,0
T103229,CUST8454,2024-01-31 13:27:00,20.12,Food,Credit Card,Mobile,Delhi,0,193,382.83,779,0,0,0.052555964788548445,362.71,0,0,2.1342465753424658,0,13,2,0,0,0
T103230,CUST2115,2024-01-18 17:59:00,58.59,Health,Debit Card,POS,Delhi,0,142,346.66,101,0,0,0.16901286563203138,288.07000000000005,0,0,0.27671232876712326,0,17,3,0,0,0
T103231,CUST3591,2023-07-05 18:54:00,74.87,Electronics,PayPal,Desktop,Hyderabad,0,105,213.81,117,0,0,0.35017071231467195,138.94,0,0,0.32054794520547947,0,18,2,0,0,0
T103232,CUST4754,2023-03-26 07:26:00,22.52,Utilities,UPI,Mobile,Delhi,0,5,150.81,557,0,0,0.14932696770771167,128.29,0,0,1.526027397260274,0,7,6,0,1,0
T103233,CUST3204,2023-03-05 22:37:00,4.76,Electronics,Credit Card,Desktop,Hyderabad,0,95,274.73,915,0,0,0.017326101991045752,269.97,0,0,2.506849315068493,0,22,6,0,1,0
T103234,CUST3579,2023-05-18 12:50:00,39.68,Grocery,PayPal,Desktop,Bengaluru,0,190,443.87,632,0,0,0.08939554374028431,404.19,0,0,1.7315068493150685,0,12,3,0,0,0
T103235,CUST6483,2023-08-30 19:33:00,21.35,Entertainment,PayPal,Desktop,Bengaluru,0,129,439.6,479,0,0,0.04856687898089172,418.25,0,0,1.3123287671232877,0,19,2,0,0,0
T103236,CUST5868,2023-10-27 03:52:00,19.83,Food,PayPal,Desktop,Pune,0,63,228.3,468,0,0,0.08685939553219447,208.47000000000003,0,0,1.2821917808219179,0,3,4,1,0,1
T103237,CUST6795,2024-01-25 06:16:00,257.24,Utilities,Credit Card,Desktop,Pune,0,195,130.65,1585,0,0,1.9689246077305778,126.59,0,0,4.342465753424658,0,6,3,0,0,0
T103238,CUST1198,2023-06-24 16:07:00,76.63,Travel,UPI,Mobile,Mumbai,0,20,120.42,1488,0,0,0.6363560870287327,43.790000000000006,0,0,4.076712328767123,0,16,5,0,1,0
T103239,CUST4253,2023-05-04 21:48:00,65.11,Utilities,PayPal,Desktop,Delhi,0,43,26.65,1777,0,0,2.4431519699812383,38.46,0,0,4.868493150684931,0,21,3,0,0,0
T103240,CUST5015,2023-06-02 12:14:00,43.0,Utilities,Credit Card,Mobile,Kolkata,1,85,422.91,1137,0,0,0.10167647962923552,379.91,0,0,3.115068493150685,0,12,4,0,0,1
T103241,CUST1244,2023-06-10 05:07:00,44.82,Health,Debit Card,POS,Pune,0,94,139.77,1392,0,0,0.32066967160334836,94.95000000000002,0,0,3.813698630136986,0,5,5,0,1,0
T103242,CUST8047,2024-02-13 11:09:00,62.28,Grocery,Credit Card,Desktop,Mumbai,0,42,185.91,155,0,0,0.3350008068420203,123.63,0,0,0.4246575342465753,0,11,1,0,0,0
T103243,CUST2956,2023-08-24 03:50:00,95.37,Health,Credit Card,Desktop,Chennai,0,108,406.52,592,0,0,0.2346010036406573,311.15,0,0,1.621917808219178,0,3,3,1,0,1
T103244,CUST7857,2023-04-13 11:21:00,96.89,Health,Credit Card,POS,Pune,1,94,68.81,1071,0,0,1.4080802208981251,28.08,0,0,2.9342465753424656,0,11,3,0,0,1
T103245,CUST7857,2023-12-15 04:21:00,15.07,Travel,PayPal,Mobile,Mumbai,1,197,236.0,878,0,1,0.06385593220338984,220.93,0,0,2.4054794520547946,0,4,4,1,0,2
T103246,CUST9156,2023-03-08 05:21:00,55.47,Food,Credit Card,Desktop,Hyderabad,0,74,69.95,894,0,0,0.7929949964260186,14.480000000000004,0,0,2.4493150684931506,0,5,2,0,0,0
T103247,CUST5781,2023-04-09 14:49:00,42.48,Electronics,Debit Card,POS,Hyderabad,0,109,226.51,1682,0,0,0.18754138890115227,184.03,0,0,4.608219178082192,0,14,6,0,1,0
T103248,CUST1497,2023-05-26 23:54:00,163.54,Fashion,PayPal,POS,Mumbai,0,115,33.1,1689,0,0,4.940785498489426,130.44,1,0,4.627397260273972,0,23,4,0,0,1
T103249,CUST7079,2023-05-10 06:29:00,79.85,Health,Debit Card,Desktop,Bengaluru,1,167,263.64,1593,0,1,0.30287513275678957,183.79,0,0,4.364383561643836,0,6,2,0,0,1
T103250,CUST6531,2023-09-09 07:51:00,60.83,Fashion,NetBanking,Mobile,Chennai,0,190,399.9,953,0,0,0.15211302825706427,339.07,0,0,2.610958904109589,0,7,5,0,1,0
T103251,CUST8438,2023-02-27 06:51:00,9.81,Food,Credit Card,Mobile,Mumbai,1,176,341.39,374,0,0,0.028735463839011103,331.58,0,0,1.0246575342465754,0,6,0,0,0,1
T103252,CUST6708,2023-06-24 23:46:00,74.44,Fashion,PayPal,Desktop,Pune,0,125,259.49,497,0,0,0.2868703996300435,185.05,0,0,1.3616438356164384,0,23,5,0,1,0
T103253,CUST6268,2023-10-28 20:30:00,9.97,Health,PayPal,POS,Bengaluru,0,6,416.09,1010,0,0,0.023961162248552,406.11999999999995,0,0,2.767123287671233,0,20,5,0,1,0
T103254,CUST7295,2023-09-10 23:44:00,32.9,Travel,Credit Card,Desktop,Mumbai,0,123,121.62,170,0,0,0.2705147179740174,88.72,0,0,0.4657534246575342,0,23,6,0,1,0
T103255,CUST8857,2023-09-13 09:24:00,12.33,Fashion,UPI,Mobile,Delhi,0,42,417.09,1059,0,0,0.02956196504351579,404.76,0,0,2.9013698630136986,0,9,2,0,0,0
T103256,CUST3376,2023-05-06 13:38:00,94.23,Food,UPI,POS,Pune,1,58,145.42,698,0,1,0.6479851464722872,51.18999999999998,0,0,1.9123287671232876,0,13,5,0,1,1
T103257,CUST6908,2023-10-07 12:00:00,18.48,Food,Debit Card,Desktop,Pune,0,171,187.62,1671,0,0,0.09849696194435562,169.14000000000001,0,0,4.578082191780822,0,12,5,0,1,0
T103258,CUST6815,2023-07-01 20:03:00,39.79,Entertainment,Credit Card,POS,Hyderabad,1,10,72.93,660,0,1,0.545591663238722,33.14000000000001,0,0,1.8082191780821917,0,20,5,0,1,1
T103259,CUST9268,2023-02-05 03:52:00,180.82,Entertainment,Credit Card,Mobile,Delhi,0,89,59.86,1702,1,1,3.0207150016705646,120.96,1,0,4.663013698630137,0,3,6,1,1,3
T103260,CUST1778,2024-01-31 10:31:00,18.28,Travel,NetBanking,Mobile,Delhi,0,78,466.73,1594,1,0,0.039166113170355454,448.45000000000005,0,0,4.367123287671233,0,10,2,0,0,1
T103261,CUST3758,2023-07-16 08:47:00,56.71,Fashion,UPI,Mobile,Pune,0,111,103.09,1731,0,0,0.5501018527500242,46.38,0,0,4.742465753424658,0,8,6,0,1,0
T103262,CUST6461,2023-03-30 22:17:00,43.48,Fashion,UPI,Desktop,Chennai,0,39,173.32,1118,0,0,0.25086545118855297,129.84,0,0,3.063013698630137,0,22,3,0,0,0
T103263,CUST9813,2023-08-07 03:28:00,1.46,Entertainment,Credit Card,POS,Kolkata,0,141,269.28,1109,0,0,0.005421865715983363,267.82,0,0,3.0383561643835617,0,3,0,1,0,1
T103264,CUST9409,2024-01-25 06:01:00,125.91,Electronics,Debit Card,Desktop,Bengaluru,1,167,180.45,827,0,0,0.6977556109725686,54.53999999999999,0,0,2.265753424657534,0,6,3,0,0,1
T103265,CUST9134,2023-11-27 19:25:00,5.72,Grocery,Credit Card,Desktop,Hyderabad,0,11,436.37,1935,0,0,0.013108142172926645,430.65,0,0,5.301369863013699,0,19,0,0,0,0
T103266,CUST8882,2023-07-16 11:09:00,51.44,Food,Debit Card,Desktop,Delhi,0,110,451.35,1149,0,0,0.11396920350060927,399.91,0,0,3.147945205479452,0,11,6,0,1,0
T103267,CUST4370,2023-10-17 02:23:00,65.8,Electronics,UPI,Desktop,Hyderabad,0,16,169.74,1942,0,1,0.3876517026039825,103.94000000000001,0,0,5.32054794520548,0,2,1,1,0,1
T103268,CUST2566,2023-08-23 21:02:00,79.2,Food,NetBanking,POS,Pune,0,33,55.09,984,0,0,1.4376474859321111,24.11,0,0,2.695890410958904,0,21,2,0,0,0
T103269,CUST6771,2023-11-07 15:27:00,93.34,Utilities,PayPal,POS,Bengaluru,0,188,112.98,244,0,0,0.826163922818198,19.64,0,0,0.6684931506849315,0,15,1,0,0,0
T103270,CUST4548,2023-01-11 10:59:00,23.36,Utilities,UPI,Desktop,Mumbai,0,59,242.45,772,0,0,0.0963497628376985,219.08999999999997,0,0,2.115068493150685,0,10,2,0,0,0
T103271,CUST7263,2023-05-12 07:14:00,0.8,Electronics,Debit Card,Desktop,Delhi,0,51,151.36,87,0,0,0.005285412262156448,150.56,0,0,0.23835616438356164,0,7,4,0,0,0
T103272,CUST1130,2023-10-27 13:56:00,102.83,Utilities,Credit Card,Mobile,Bengaluru,0,15,232.2,935,0,0,0.44285099052540916,129.37,0,0,2.5616438356164384,0,13,4,0,0,0
T103273,CUST2027,2023-11-01 06:25:00,61.37,Entertainment,UPI,Mobile,Kolkata,0,43,381.76,1545,0,0,0.16075544844928752,320.39,0,0,4.232876712328767,0,6,2,0,0,0
T103274,CUST1811,2023-01-16 07:03:00,144.69,Entertainment,NetBanking,POS,Hyderabad,1,27,216.11,434,0,0,0.6695201517745591,71.42000000000002,0,0,1.189041095890411,0,7,0,0,0,1
T103275,CUST6990,2023-07-08 15:04:00,137.8,Grocery,Debit Card,Mobile,Pune,0,56,106.53,1237,0,0,1.2935323383084578,31.27000000000001,0,0,3.389041095890411,0,15,5,0,1,0
T103276,CUST2747,2023-04-02 20:41:00,148.29,Electronics,Credit Card,POS,Bengaluru,0,121,185.4,1335,0,0,0.7998381877022653,37.110000000000014,0,0,3.6575342465753424,0,20,6,0,1,0
T103277,CUST8063,2023-10-05 18:30:00,53.1,Food,PayPal,POS,Mumbai,0,113,374.06,1836,0,0,0.14195583596214512,320.96,0,0,5.03013698630137,0,18,3,0,0,0
T103278,CUST3573,2024-02-08 01:49:00,32.47,Fashion,Debit Card,POS,Bengaluru,0,60,217.79,750,0,0,0.1490885715597594,185.32,0,0,2.0547945205479454,0,1,3,1,0,1
T103279,CUST6679,2023-06-22 22:31:00,125.45,Food,Credit Card,Mobile,Pune,0,115,132.27,1216,1,0,0.9484387994254176,6.820000000000007,0,0,3.3315068493150686,0,22,3,0,0,1
T103280,CUST6877,2023-10-26 09:17:00,48.02,Health,PayPal,Mobile,Hyderabad,0,109,219.43,1142,0,0,0.2188397210955658,171.41,0,0,3.128767123287671,0,9,3,0,0,0
T103281,CUST9228,2023-07-14 04:08:00,16.21,Entertainment,Credit Card,POS,Delhi,0,198,232.86,812,1,1,0.06961264278965902,216.65,0,0,2.2246575342465755,0,4,4,1,0,2
T103282,CUST6092,2023-09-14 06:10:00,154.47,Travel,PayPal,POS,Kolkata,0,175,155.22,126,0,0,0.9951681484344801,0.75,0,0,0.3452054794520548,0,6,3,0,0,0
T103283,CUST7798,2023-10-19 01:29:00,171.35,Travel,PayPal,Desktop,Kolkata,0,112,497.89,616,0,0,0.3441523228022254,326.53999999999996,0,0,1.6876712328767123,0,1,3,1,0,1
T103284,CUST3417,2023-10-23 17:23:00,50.24,Entertainment,PayPal,POS,Delhi,0,100,386.14,1141,0,0,0.13010825089345834,335.9,0,0,3.126027397260274,0,17,0,0,0,0
T103285,CUST3578,2024-01-31 16:43:00,6.3,Health,Credit Card,POS,Chennai,0,8,349.3,547,0,0,0.018036072144288574,343.0,0,0,1.4986301369863013,0,16,2,0,0,0
T103286,CUST6947,2023-04-07 22:52:00,39.26,Travel,PayPal,Desktop,Hyderabad,0,191,428.88,697,0,0,0.09154075732139526,389.62,0,0,1.9095890410958904,0,22,4,0,0,0
T103287,CUST1958,2023-03-17 10:19:00,130.18,Utilities,Debit Card,POS,Kolkata,0,135,336.55,1116,0,0,0.38680730946367553,206.37,0,0,3.0575342465753423,0,10,4,0,0,0
T103288,CUST1422,2023-11-14 07:46:00,185.64,Entertainment,NetBanking,POS,Chennai,0,81,397.58,570,0,0,0.4669248956184919,211.94,0,0,1.5616438356164384,0,7,1,0,0,0
T103289,CUST6268,2024-02-09 14:00:00,18.2,Travel,NetBanking,POS,Chennai,0,130,212.14,845,0,0,0.0857924012444612,193.94,0,0,2.315068493150685,0,14,4,0,0,0
T103290,CUST6471,2023-12-05 21:37:00,5.55,Entertainment,PayPal,Desktop,Pune,0,145,255.18,220,0,0,0.02174935339760169,249.63,0,0,0.6027397260273972,0,21,1,0,0,0
T103291,CUST6006,2023-11-17 21:35:00,167.87,Grocery,NetBanking,Mobile,Pune,0,121,33.03,946,0,0,5.082349379352104,134.84,1,0,2.591780821917808,0,21,4,0,0,1
T103292,CUST7305,2023-04-04 05:59:00,39.47,Fashion,NetBanking,POS,Pune,0,4,147.52,745,0,1,0.26755694143167025,108.05000000000001,0,0,2.041095890410959,1,5,1,0,0,0
T103293,CUST2536,2023-05-05 01:03:00,62.43,Fashion,PayPal,Desktop,Mumbai,0,26,190.33,1331,0,1,0.328009247097147,127.9,0,0,3.6465753424657534,0,1,4,1,0,1
T103294,CUST1346,2023-10-28 14:36:00,275.53,Food,PayPal,POS,Hyderabad,0,78,316.48,568,0,0,0.8706079373104144,40.950000000000045,0,0,1.5561643835616439,0,14,5,0,1,0
T103295,CUST5989,2023-08-14 16:50:00,5.51,Health,Debit Card,Desktop,Delhi,0,72,237.46,114,0,0,0.023203908026615008,231.95000000000002,0,0,0.31232876712328766,0,16,0,0,0,0
T103296,CUST1536,2024-02-13 17:50:00,83.6,Entertainment,UPI,POS,Hyderabad,0,197,307.84,1388,0,0,0.27156964656964655,224.23999999999998,0,0,3.802739726027397,0,17,1,0,0,0
T103297,CUST4113,2024-01-12 04:02:00,6.16,Electronics,Credit Card,Desktop,Pune,0,133,359.53,470,0,1,0.01713347982087726,353.36999999999995,0,0,1.2876712328767124,0,4,4,1,0,1
T103298,CUST4301,2023-04-10 00:38:00,37.66,Food,PayPal,Mobile,Mumbai,0,128,30.93,1775,0,0,1.2175881021661816,6.729999999999997,0,0,4.863013698630137,0,0,0,1,0,1
T103299,CUST9797,2023-07-08 01:02:00,130.3,Food,PayPal,Mobile,Hyderabad,0,5,136.56,1703,0,0,0.9541593438781488,6.259999999999991,0,0,4.6657534246575345,0,1,5,1,1,1
T103300,CUST4765,2023-01-07 12:28:00,45.46,Entertainment,NetBanking,Mobile,Hyderabad,1,91,93.74,819,0,1,0.48495839556219333,48.279999999999994,0,0,2.243835616438356,0,12,5,0,1,1
T103301,CUST5200,2023-09-10 20:08:00,469.75,Entertainment,Debit Card,POS,Chennai,0,69,101.85,1225,0,0,4.612174766813943,367.9,1,0,3.356164383561644,0,20,6,0,1,1
T103302,CUST9547,2023-05-04 16:31:00,65.51,Food,NetBanking,Desktop,Hyderabad,0,3,256.53,1905,0,0,0.2553697423303318,191.01999999999998,0,0,5.219178082191781,1,16,3,0,0,0
T103303,CUST5226,2023-02-19 22:59:00,30.99,Food,PayPal,POS,Chennai,0,166,372.59,368,0,0,0.08317453501167503,341.59999999999997,0,0,1.0082191780821919,0,22,6,0,1,0
T103304,CUST3754,2023-01-30 15:03:00,19.89,Fashion,PayPal,POS,Chennai,0,94,143.66,1721,0,0,0.1384519003202005,123.77,0,0,4.715068493150685,0,15,0,0,0,0
T103305,CUST9439,2023-01-12 02:28:00,34.53,Electronics,NetBanking,Desktop,Bengaluru,0,1,413.98,1282,1,0,0.08340982656166965,379.45000000000005,0,0,3.5123287671232877,1,2,3,1,0,2
T103306,CUST5638,2023-10-18 17:00:00,37.29,Utilities,PayPal,POS,Pune,0,136,447.3,1871,0,0,0.08336686787391012,410.01,0,0,5.126027397260274,0,17,2,0,0,0
T103307,CUST1466,2023-03-12 05:26:00,5.7,Food,UPI,Desktop,Kolkata,0,13,181.76,1232,0,0,0.03136003521126761,176.06,0,0,3.3753424657534246,0,5,6,0,1,0
T103308,CUST1164,2023-01-15 09:36:00,36.91,Utilities,Credit Card,Desktop,Mumbai,0,198,343.86,1300,1,1,0.10734019659163611,306.95000000000005,0,0,3.5616438356164384,0,9,6,0,1,1
T103309,CUST5788,2023-06-03 20:56:00,49.93,Fashion,Credit Card,Mobile,Chennai,0,178,67.35,1033,0,0,0.741351150705271,17.419999999999995,0,0,2.83013698630137,0,20,5,0,1,0
T103310,CUST4645,2023-03-07 17:19:00,102.62,Food,Credit Card,Mobile,Hyderabad,0,112,374.57,1950,0,0,0.2739674827135115,271.95,0,0,5.342465753424658,0,17,1,0,0,0
T103311,CUST7377,2023-04-09 11:19:00,85.54,Travel,UPI,Mobile,Chennai,0,8,90.86,703,0,0,0.9414483821263483,5.319999999999993,0,0,1.926027397260274,0,11,6,0,1,0
T103312,CUST7021,2023-05-28 09:26:00,98.69,Food,PayPal,Desktop,Chennai,0,158,346.83,1728,0,0,0.2845486261280743,248.14,0,0,4.734246575342466,0,9,6,0,1,0
T103313,CUST1601,2023-01-25 12:38:00,0.67,Entertainment,NetBanking,Mobile,Chennai,1,113,216.73,759,0,0,0.003091404051123518,216.06,0,0,2.0794520547945203,0,12,2,0,0,1
T103314,CUST6897,2023-06-12 19:43:00,19.64,Health,Debit Card,Desktop,Delhi,0,168,464.94,346,0,0,0.04224200972168452,445.3,0,0,0.947945205479452,0,19,0,0,0,0
T103315,CUST2673,2023-05-21 13:01:00,86.7,Health,PayPal,POS,Kolkata,0,79,237.59,1339,0,0,0.3649143482469801,150.89,0,0,3.6684931506849314,0,13,6,0,1,0
T103316,CUST4438,2023-07-20 12:43:00,52.93,Food,UPI,Mobile,Kolkata,0,122,25.14,105,0,0,2.105409705648369,27.79,0,0,0.2876712328767123,0,12,3,0,0,0
T103317,CUST3426,2024-01-26 18:14:00,0.43,Grocery,UPI,Desktop,Delhi,0,74,245.53,1003,0,0,0.0017513134851138354,245.1,0,0,2.747945205479452,0,18,4,0,0,0
T103318,CUST4655,2024-02-08 08:45:00,130.57,Travel,Credit Card,Desktop,Delhi,0,127,399.79,1028,0,0,0.3265964631431501,269.22,0,0,2.8164383561643835,0,8,3,0,0,0
T103319,CUST2070,2023-06-03 09:20:00,118.56,Electronics,PayPal,Desktop,Delhi,0,161,327.07,1505,0,0,0.3624912098327575,208.51,0,0,4.123287671232877,0,9,5,0,1,0
T103320,CUST8835,2023-07-15 15:48:00,63.6,Food,Credit Card,Desktop,Kolkata,0,113,483.49,233,0,0,0.13154356863637304,419.89,0,0,0.6383561643835617,0,15,5,0,1,0
T103321,CUST4201,2023-10-11 03:03:00,5.5,Utilities,Debit Card,Mobile,Bengaluru,0,52,423.2,1781,0,0,0.012996219281663517,417.7,0,0,4.879452054794521,0,3,2,1,0,1
T103322,CUST2230,2023-12-28 15:06:00,116.37,Electronics,Credit Card,Mobile,Chennai,0,121,268.01,453,0,0,0.43420021640983547,151.64,0,0,1.2410958904109588,0,15,3,0,0,0
T103323,CUST8040,2024-01-28 12:35:00,70.11,Travel,Debit Card,Mobile,Bengaluru,0,33,111.2,1788,0,0,0.6304856115107913,41.09,0,0,4.898630136986301,0,12,6,0,1,0
T103324,CUST2344,2023-12-24 11:26:00,121.85,Food,UPI,Desktop,Hyderabad,0,73,11.85,222,1,0,10.282700421940929,110.0,1,0,0.6082191780821918,0,11,6,0,1,2
T103325,CUST4171,2023-06-13 03:49:00,111.46,Grocery,Credit Card,POS,Kolkata,0,96,490.45,1346,0,0,0.2272606789682944,378.99,0,0,3.6876712328767125,0,3,1,1,0,1
T103326,CUST6199,2023-02-28 23:20:00,129.96,Fashion,Credit Card,Desktop,Pune,0,37,469.78,1757,0,0,0.2766401294222828,339.81999999999994,0,0,4.813698630136987,0,23,1,0,0,0
T103327,CUST9685,2023-02-14 17:20:00,58.39,Grocery,NetBanking,POS,Kolkata,0,198,144.33,926,0,0,0.4045589967435737,85.94000000000001,0,0,2.536986301369863,0,17,1,0,0,0
T103328,CUST2472,2024-02-13 03:30:00,12.1,Entertainment,UPI,Mobile,Mumbai,0,69,322.73,1964,0,0,0.037492640907259935,310.63,0,0,5.380821917808219,0,3,1,1,0,1
T103329,CUST9084,2023-04-08 14:33:00,88.97,Grocery,NetBanking,Desktop,Bengaluru,0,132,367.33,810,0,0,0.24220727955789073,278.36,0,0,2.219178082191781,0,14,5,0,1,0
T103330,CUST9939,2023-02-17 04:45:00,77.51,Utilities,Debit Card,Desktop,Delhi,0,60,293.23,1466,0,0,0.2643317532312519,215.72000000000003,0,0,4.016438356164383,0,4,4,1,0,1
T103331,CUST4942,2023-09-23 19:59:00,108.46,Fashion,Debit Card,Mobile,Delhi,0,74,423.05,1492,0,0,0.25637631485639994,314.59000000000003,0,0,4.087671232876712,0,19,5,0,1,0
T103332,CUST5872,2023-07-04 12:11:00,14.89,Entertainment,UPI,Desktop,Hyderabad,0,31,48.13,330,0,0,0.3093704550176605,33.24,0,0,0.9041095890410958,0,12,1,0,0,0
T103333,CUST8250,2023-03-03 04:26:00,17.35,Fashion,Debit Card,POS,Chennai,0,14,449.28,289,0,0,0.03861734330484331,431.92999999999995,0,0,0.7917808219178082,0,4,4,1,0,1
T103334,CUST7167,2023-10-17 06:38:00,176.88,Health,UPI,POS,Mumbai,0,60,202.09,1245,0,0,0.875253599881241,25.210000000000008,0,0,3.410958904109589,0,6,1,0,0,0
T103335,CUST8574,2023-10-11 18:16:00,110.9,Fashion,Debit Card,POS,Bengaluru,0,68,245.54,1324,1,0,0.4516575710678505,134.64,0,0,3.627397260273973,0,18,2,0,0,1
T103336,CUST6054,2023-11-13 14:41:00,191.08,Food,PayPal,Desktop,Chennai,1,128,227.92,1033,0,1,0.8383643383643384,36.839999999999975,0,0,2.83013698630137,0,14,0,0,0,1
T103337,CUST5353,2023-06-22 04:49:00,113.74,Electronics,Credit Card,Desktop,Chennai,1,26,270.33,645,0,0,0.4207450153516073,156.58999999999997,0,0,1.7671232876712328,0,4,3,1,0,2
T103338,CUST3987,2023-05-11 10:23:00,72.74,Health,PayPal,POS,Pune,0,152,303.1,461,0,0,0.23998680303530184,230.36,0,0,1.263013698630137,0,10,3,0,0,0
T103339,CUST1015,2023-07-11 19:26:00,84.94,Health,UPI,Desktop,Pune,0,184,358.07,745,0,0,0.2372161867791214,273.13,0,0,2.041095890410959,0,19,1,0,0,0
T103340,CUST5152,2023-04-08 13:30:00,175.95,Electronics,UPI,POS,Bengaluru,0,137,267.22,725,0,0,0.6584462240850235,91.27000000000004,0,0,1.9863013698630136,0,13,5,0,1,0
T103341,CUST9838,2023-03-28 16:44:00,69.17,Utilities,PayPal,Mobile,Bengaluru,0,35,345.54,1270,1,0,0.20017942929906812,276.37,0,0,3.4794520547945207,0,16,1,0,0,1
T103342,CUST1166,2023-04-09 16:56:00,80.06,Health,Credit Card,POS,Bengaluru,1,106,175.77,1144,0,0,0.4554815952665415,95.71000000000001,0,0,3.1342465753424658,0,16,6,0,1,1
T103343,CUST1824,2023-01-30 04:48:00,13.61,Fashion,Credit Card,Mobile,Bengaluru,0,24,468.97,227,0,0,0.02902104612235324,455.36,0,0,0.6219178082191781,0,4,0,1,0,1
T103344,CUST4379,2023-06-07 00:19:00,51.38,Grocery,NetBanking,Mobile,Delhi,0,159,41.62,1012,0,1,1.2345026429601154,9.760000000000005,0,0,2.7726027397260276,0,0,2,1,0,1
T103345,CUST8684,2023-06-30 09:21:00,100.81,Travel,Debit Card,Mobile,Kolkata,0,83,277.31,1452,0,0,0.36352818145757454,176.5,0,0,3.978082191780822,0,9,4,0,0,0
T103346,CUST8995,2023-08-04 04:44:00,25.28,Utilities,NetBanking,POS,Kolkata,0,194,52.82,68,0,0,0.47860658841347975,27.54,0,0,0.1863013698630137,0,4,4,1,0,1
T103347,CUST9338,2023-02-28 10:12:00,18.08,Fashion,Credit Card,POS,Chennai,0,194,226.96,738,0,0,0.07966161438138879,208.88,0,0,2.021917808219178,0,10,1,0,0,0
T103348,CUST3622,2023-01-17 13:15:00,30.13,Entertainment,PayPal,Desktop,Kolkata,0,169,136.22,500,0,0,0.22118631625311994,106.09,0,0,1.36986301369863,0,13,1,0,0,0
T103349,CUST5869,2023-09-04 03:33:00,22.11,Entertainment,Debit Card,Desktop,Chennai,0,36,469.08,108,0,0,0.04713481708876951,446.96999999999997,0,0,0.2958904109589041,0,3,0,1,0,1
T103350,CUST9083,2023-10-02 02:56:00,19.36,Grocery,PayPal,Mobile,Delhi,1,101,16.41,758,0,1,1.1797684338817793,2.9499999999999993,0,0,2.0767123287671234,0,2,0,1,0,2
T103351,CUST5475,2023-03-18 19:21:00,44.25,Utilities,NetBanking,POS,Kolkata,0,34,201.69,1881,0,0,0.21939610293023948,157.44,0,0,5.153424657534247,0,19,5,0,1,0
T103352,CUST3943,2023-09-29 08:35:00,190.74,Utilities,UPI,Desktop,Chennai,0,121,393.2,1147,1,1,0.48509664292980675,202.45999999999998,0,0,3.1424657534246574,0,8,4,0,0,1
T103353,CUST8771,2023-08-03 12:01:00,56.59,Grocery,PayPal,Desktop,Bengaluru,0,39,102.35,713,0,0,0.5529066927210553,45.75999999999999,0,0,1.9534246575342467,0,12,3,0,0,0
T103354,CUST2756,2023-12-04 02:09:00,16.65,Utilities,NetBanking,Desktop,Mumbai,0,23,409.64,72,0,0,0.04064544478078312,392.99,0,0,0.19726027397260273,0,2,0,1,0,1
T103355,CUST1581,2023-05-01 03:15:00,6.41,Health,NetBanking,POS,Kolkata,0,80,431.27,161,0,1,0.014863078813736176,424.85999999999996,0,0,0.4410958904109589,0,3,0,1,0,1
T103356,CUST1566,2023-04-18 11:12:00,95.3,Food,NetBanking,Desktop,Pune,0,172,356.92,106,0,0,0.2670066121259666,261.62,0,0,0.29041095890410956,0,11,1,0,0,0
T103357,CUST9330,2023-04-22 15:30:00,38.6,Food,UPI,Mobile,Pune,0,70,112.44,1999,0,0,0.3432942013518321,73.84,0,0,5.476712328767123,0,15,5,0,1,0
T103358,CUST3251,2023-06-21 16:02:00,138.0,Utilities,UPI,POS,Chennai,0,186,143.3,1285,0,0,0.9630146545708304,5.300000000000011,0,0,3.5205479452054793,0,16,2,0,0,0
T103359,CUST6302,2023-05-03 08:37:00,86.19,Health,UPI,Desktop,Mumbai,0,59,91.8,68,0,0,0.9388888888888889,5.609999999999999,0,0,0.1863013698630137,0,8,2,0,0,0
T103360,CUST9114,2023-12-11 15:47:00,127.27,Health,Debit Card,Desktop,Pune,0,154,100.19,1619,0,0,1.2702864557341051,27.08,0,0,4.435616438356164,0,15,0,0,0,0
T103361,CUST3572,2024-01-08 05:34:00,25.39,Electronics,UPI,POS,Kolkata,0,22,27.88,180,0,1,0.9106886657101866,2.4899999999999984,0,0,0.4931506849315068,0,5,0,0,0,0
T103362,CUST5416,2023-09-20 23:36:00,94.31,Electronics,UPI,Desktop,Mumbai,0,109,430.08,1753,0,0,0.2192847842261905,335.77,0,0,4.802739726027397,0,23,2,0,0,0
T103363,CUST5491,2023-05-23 16:08:00,24.53,Travel,UPI,Desktop,Delhi,0,111,268.97,1005,0,0,0.0911997620552478,244.44000000000003,0,0,2.7534246575342465,0,16,1,0,0,0
T103364,CUST2600,2023-12-14 08:14:00,223.84,Travel,PayPal,Mobile,Hyderabad,0,88,170.6,1472,0,0,1.3120750293083236,53.24000000000001,0,0,4.032876712328767,0,8,3,0,0,0
T103365,CUST2679,2023-05-28 21:29:00,80.93,Travel,UPI,POS,Chennai,0,40,151.89,1875,0,0,0.5328198038053855,70.95999999999998,0,0,5.136986301369863,0,21,6,0,1,0
T103366,CUST9796,2023-01-07 05:55:00,31.39,Travel,Debit Card,Desktop,Delhi,0,85,276.9,1239,0,1,0.11336222462983027,245.51,0,0,3.3945205479452056,0,5,5,0,1,0
T103367,CUST2317,2023-03-16 10:05:00,25.12,Grocery,NetBanking,POS,Delhi,0,94,170.08,347,0,0,0.14769520225776106,144.96,0,0,0.9506849315068493,0,10,3,0,0,0
T103368,CUST4683,2023-11-13 22:21:00,16.95,Grocery,PayPal,POS,Mumbai,0,11,433.22,1517,0,0,0.03912561746918424,416.27000000000004,0,0,4.156164383561644,0,22,0,0,0,0
T103369,CUST9680,2023-03-20 20:06:00,94.9,Electronics,Credit Card,Mobile,Chennai,0,117,113.37,1485,0,0,0.8370821204904296,18.47,0,0,4.068493150684931,0,20,0,0,0,0
T103370,CUST4871,2024-02-05 23:01:00,19.75,Food,UPI,Mobile,Delhi,0,9,442.33,1188,0,0,0.044649922003933716,422.58,0,0,3.254794520547945,0,23,0,0,0,0
T103371,CUST3484,2023-01-09 14:09:00,72.37,Health,NetBanking,POS,Bengaluru,0,12,335.41,1556,0,0,0.21576577919561135,263.04,0,0,4.263013698630137,0,14,0,0,0,0
T103372,CUST3067,2023-12-11 05:15:00,24.59,Entertainment,NetBanking,Mobile,Delhi,0,154,478.75,1738,0,0,0.051362924281984336,454.16,0,0,4.761643835616439,0,5,0,0,0,0
T103373,CUST8775,2024-02-10 11:06:00,86.77,Food,PayPal,Mobile,Bengaluru,0,38,17.4,1322,0,0,4.986781609195402,69.37,1,0,3.621917808219178,0,11,5,0,1,1
T103374,CUST3886,2023-01-27 05:16:00,134.97,Fashion,Credit Card,Desktop,Hyderabad,0,131,38.96,466,0,0,3.4643223819301845,96.00999999999999,1,0,1.2767123287671234,0,5,4,0,0,1
T103375,CUST7490,2024-02-19 21:13:00,120.42,Grocery,Debit Card,Mobile,Bengaluru,0,126,255.44,656,0,0,0.4714218603194488,135.01999999999998,0,0,1.7972602739726027,0,21,0,0,0,0
T103376,CUST4644,2023-08-28 13:23:00,114.45,Travel,NetBanking,Mobile,Bengaluru,0,143,457.07,1551,0,0,0.2503992823856302,342.62,0,0,4.249315068493151,0,13,0,0,0,0
T103377,CUST5108,2023-07-23 00:09:00,16.63,Travel,NetBanking,Desktop,Mumbai,1,175,368.09,1786,0,1,0.04517916813822707,351.46,0,0,4.8931506849315065,0,0,6,1,1,2
T103378,CUST6771,2023-01-14 11:13:00,7.4,Fashion,NetBanking,Desktop,Delhi,0,133,314.85,580,0,0,0.02350325551850087,307.45000000000005,0,0,1.5890410958904109,0,11,5,0,1,0
T103379,CUST6958,2024-01-08 02:29:00,96.04,Food,NetBanking,POS,Hyderabad,0,54,25.49,369,1,1,3.7677520596312286,70.55000000000001,1,0,1.010958904109589,0,2,0,1,0,3
T103380,CUST7336,2023-05-13 06:56:00,36.75,Travel,PayPal,Mobile,Delhi,1,24,183.54,1295,0,0,0.2002288329519451,146.79,0,0,3.547945205479452,0,6,5,0,1,1
T103381,CUST6900,2023-07-29 14:48:00,45.3,Food,Credit Card,Desktop,Kolkata,0,139,179.47,1274,0,0,0.25240987351646516,134.17000000000002,0,0,3.4904109589041097,0,14,5,0,1,0
T103382,CUST5875,2023-06-06 13:36:00,2.53,Health,NetBanking,Mobile,Kolkata,0,121,275.62,687,0,0,0.009179304839997097,273.09000000000003,0,0,1.8821917808219177,0,13,1,0,0,0
T103383,CUST8499,2023-07-04 18:16:00,24.04,Fashion,Debit Card,POS,Bengaluru,0,119,136.34,947,0,0,0.17632389614199795,112.30000000000001,0,0,2.5945205479452054,0,18,1,0,0,0
T103384,CUST3653,2023-04-25 08:56:00,2.74,Entertainment,Debit Card,Mobile,Pune,0,161,140.91,1729,0,0,0.019445035838478463,138.17,0,0,4.736986301369863,0,8,1,0,0,0
T103385,CUST6194,2023-06-10 16:03:00,169.08,Food,UPI,Mobile,Bengaluru,0,74,314.22,390,0,0,0.5380943288142066,145.14000000000001,0,0,1.0684931506849316,0,16,5,0,1,0
T103386,CUST6071,2023-11-01 09:08:00,22.31,Health,NetBanking,Mobile,Delhi,0,185,472.84,1933,0,0,0.047182979443363506,450.53,0,0,5.295890410958904,0,9,2,0,0,0
T103387,CUST2280,2023-07-02 16:48:00,65.2,Utilities,NetBanking,Desktop,Hyderabad,0,180,333.49,1025,0,0,0.19550811118774175,268.29,0,0,2.808219178082192,0,16,6,0,1,0
T103388,CUST1378,2023-03-22 08:33:00,3.18,Utilities,NetBanking,Desktop,Pune,0,192,337.38,1893,0,0,0.009425573537257693,334.2,0,0,5.186301369863013,0,8,2,0,0,0
T103389,CUST7508,2024-01-13 14:27:00,87.93,Food,NetBanking,POS,Hyderabad,0,171,493.25,800,0,0,0.17826659908768375,405.32,0,0,2.191780821917808,0,14,5,0,1,0
T103390,CUST5799,2024-01-31 17:28:00,31.21,Utilities,NetBanking,Mobile,Mumbai,0,121,85.2,219,1,0,0.3663145539906103,53.99,0,0,0.6,0,17,2,0,0,1
T103391,CUST2104,2023-04-05 12:34:00,182.56,Food,Debit Card,POS,Bengaluru,0,128,26.58,442,0,0,6.868322046651619,155.98000000000002,1,0,1.210958904109589,0,12,2,0,0,1
T103392,CUST4778,2023-08-03 05:30:00,175.22,Travel,Credit Card,POS,Bengaluru,0,44,375.3,358,0,0,0.46687982946975753,200.08,0,0,0.9808219178082191,0,5,3,0,0,0
T103393,CUST4316,2023-07-24 05:40:00,31.48,Electronics,Credit Card,Desktop,Kolkata,0,90,225.01,1829,0,0,0.13990489311586152,193.53,0,0,5.010958904109589,0,5,0,0,0,0
T103394,CUST7746,2023-03-15 09:55:00,184.98,Utilities,UPI,Mobile,Mumbai,0,164,220.12,1275,0,0,0.8403598037434126,35.140000000000015,0,0,3.493150684931507,0,9,2,0,0,0
T103395,CUST8267,2023-04-21 10:02:00,444.93,Grocery,Debit Card,Mobile,Kolkata,0,12,120.4,1897,0,0,3.6954318936877075,324.53,1,0,5.197260273972603,0,10,4,0,0,1
T103396,CUST7243,2023-12-17 02:16:00,139.63,Food,NetBanking,POS,Delhi,0,184,258.36,1739,0,0,0.540447437683852,118.73000000000002,0,0,4.764383561643836,0,2,6,1,1,1
T103397,CUST5932,2023-10-29 19:09:00,149.08,Food,Credit Card,Mobile,Bengaluru,0,3,226.66,121,0,0,0.6577252272125651,77.57999999999998,0,0,0.3315068493150685,1,19,6,0,1,0
T103398,CUST1321,2023-01-11 05:48:00,22.91,Food,PayPal,Desktop,Delhi,0,50,179.27,469,0,0,0.12779606180621408,156.36,0,0,1.284931506849315,0,5,2,0,0,0
T103399,CUST6978,2024-01-12 11:43:00,68.77,Electronics,PayPal,POS,Hyderabad,0,157,226.95,1159,0,0,0.30301828596607183,158.18,0,0,3.175342465753425,0,11,4,0,0,0
T103400,CUST7522,2023-08-08 06:12:00,5.57,Health,PayPal,POS,Pune,0,108,198.08,274,0,0,0.028119951534733442,192.51000000000002,0,0,0.7506849315068493,0,6,1,0,0,0
T103401,CUST4160,2023-06-03 21:43:00,7.98,Utilities,NetBanking,Desktop,Pune,0,16,470.55,1358,0,0,0.01695887790883009,462.57,0,0,3.7205479452054795,0,21,5,0,1,0
T103402,CUST9922,2023-03-12 17:32:00,544.46,Entertainment,NetBanking,Desktop,Pune,0,168,490.32,1608,0,0,1.110417686408876,54.14000000000004,0,0,4.405479452054794,0,17,6,0,1,0
T103403,CUST5638,2023-03-25 00:14:00,31.64,Entertainment,UPI,Desktop,Kolkata,0,27,421.55,1959,0,0,0.07505633969873088,389.91,0,0,5.367123287671233,0,0,5,1,1,1
T103404,CUST1837,2023-11-15 02:48:00,110.32,Fashion,UPI,Desktop,Chennai,0,123,495.3,938,0,1,0.22273369674944477,384.98,0,0,2.56986301369863,0,2,2,1,0,1
T103405,CUST2777,2023-06-22 18:58:00,131.47,Travel,UPI,Desktop,Mumbai,0,70,140.2,1823,1,0,0.9377318116975749,8.72999999999999,0,0,4.994520547945205,0,18,3,0,0,1
T103406,CUST3049,2023-12-24 22:40:00,156.17,Electronics,PayPal,Desktop,Pune,0,42,423.03,862,0,0,0.36917003522208824,266.86,0,0,2.361643835616438,0,22,6,0,1,0
T103407,CUST6145,2023-11-29 16:26:00,483.53,Health,NetBanking,POS,Bengaluru,0,185,209.25,1651,0,0,2.3107765830346474,274.28,0,0,4.523287671232877,0,16,2,0,0,0
T103408,CUST2246,2023-10-01 10:24:00,22.11,Food,PayPal,Mobile,Mumbai,0,138,375.61,126,0,0,0.05886424749074838,353.5,0,0,0.3452054794520548,0,10,6,0,1,0
T103409,CUST8529,2023-03-10 16:01:00,3.3,Health,UPI,Mobile,Hyderabad,0,125,108.68,967,0,0,0.030364372469635623,105.38000000000001,0,0,2.649315068493151,0,16,4,0,0,0
T103410,CUST2321,2023-07-27 16:44:00,42.37,Electronics,NetBanking,POS,Hyderabad,0,166,407.86,983,0,0,0.10388368557838473,365.49,0,0,2.6931506849315068,0,16,3,0,0,0
T103411,CUST4006,2023-03-15 05:27:00,11.15,Electronics,Debit Card,Mobile,Kolkata,0,136,50.9,1530,0,0,0.21905697445972497,39.75,0,0,4.191780821917808,0,5,2,0,0,0
T103412,CUST1153,2023-07-04 15:40:00,1.81,Electronics,Credit Card,Mobile,Hyderabad,0,146,142.57,1319,0,0,0.012695517991162237,140.76,0,0,3.6136986301369864,0,15,1,0,0,0
T103413,CUST1274,2023-11-02 19:04:00,35.76,Fashion,Credit Card,POS,Hyderabad,0,145,412.76,604,0,0,0.08663630196724488,377.0,0,0,1.6547945205479453,0,19,3,0,0,0
T103414,CUST5073,2023-06-06 21:46:00,122.5,Grocery,UPI,Mobile,Chennai,0,58,376.11,132,0,0,0.32570258700911964,253.61,0,0,0.36164383561643837,0,21,1,0,0,0
T103415,CUST9813,2023-02-03 09:46:00,66.81,Travel,PayPal,Mobile,Delhi,0,106,255.61,1307,0,0,0.261374750596612,188.8,0,0,3.580821917808219,0,9,4,0,0,0
T103416,CUST1769,2023-06-09 23:32:00,30.01,Fashion,Debit Card,POS,Delhi,0,66,339.67,1508,0,0,0.08835045779727382,309.66,0,0,4.131506849315069,0,23,4,0,0,0
T103417,CUST3051,2023-10-09 11:32:00,84.98,Fashion,NetBanking,Mobile,Pune,0,172,100.93,858,0,0,0.8419696819577925,15.950000000000003,0,0,2.350684931506849,0,11,0,0,0,0
T103418,CUST8749,2023-03-20 20:20:00,21.12,Utilities,PayPal,Desktop,Chennai,0,84,337.2,542,0,0,0.06263345195729537,316.08,0,0,1.484931506849315,0,20,0,0,0,0
T103419,CUST4657,2024-02-14 02:36:00,1.16,Grocery,UPI,POS,Kolkata,0,9,13.91,695,0,0,0.08339324227174694,12.75,0,0,1.904109589041096,0,2,2,1,0,1
T103420,CUST4848,2024-01-18 03:51:00,115.63,Fashion,PayPal,Mobile,Delhi,0,176,418.28,1546,0,0,0.2764416180548915,302.65,0,0,4.235616438356164,0,3,3,1,0,1
T103421,CUST4025,2023-10-03 19:12:00,78.2,Electronics,UPI,Mobile,Kolkata,0,167,262.98,1314,0,0,0.29736101604684767,184.78000000000003,0,0,3.6,0,19,1,0,0,0
T103422,CUST4997,2023-06-11 12:21:00,114.94,Electronics,Credit Card,Desktop,Kolkata,0,105,472.5,64,0,0,0.24325925925925926,357.56,0,0,0.17534246575342466,0,12,6,0,1,0
T103423,CUST5599,2024-02-04 04:19:00,3.18,Utilities,Credit Card,POS,Hyderabad,0,89,244.3,1434,0,0,0.013016782644289808,241.12,0,0,3.9287671232876713,0,4,6,1,1,1
T103424,CUST2612,2024-01-13 05:41:00,145.18,Health,PayPal,POS,Delhi,1,89,222.21,426,0,1,0.6533459340263714,77.03,0,0,1.167123287671233,0,5,5,0,1,1
T103425,CUST8528,2023-09-12 04:37:00,77.31,Food,Debit Card,Mobile,Mumbai,0,88,230.53,56,0,1,0.3353576541014185,153.22,0,0,0.15342465753424658,0,4,1,1,0,1
T103426,CUST5666,2023-02-09 22:39:00,66.3,Fashion,NetBanking,Desktop,Pune,0,6,186.27,1961,0,0,0.3559349331615397,119.97000000000001,0,0,5.372602739726028,0,22,3,0,0,0
T103427,CUST2262,2023-03-09 01:40:00,78.38,Food,UPI,Desktop,Delhi,0,158,91.67,1915,0,0,0.8550234536925929,13.290000000000006,0,0,5.2465753424657535,0,1,3,1,0,1
T103428,CUST4325,2023-05-14 18:31:00,159.86,Travel,NetBanking,Desktop,Mumbai,0,123,422.61,335,0,0,0.3782683798301034,262.75,0,0,0.9178082191780822,0,18,6,0,1,0
T103429,CUST1541,2023-05-19 09:59:00,70.73,Entertainment,Credit Card,Desktop,Bengaluru,0,74,200.65,1789,0,0,0.35250436082731124,129.92000000000002,0,0,4.901369863013699,0,9,4,0,0,0
T103430,CUST4257,2023-06-24 19:34:00,69.58,Electronics,Debit Card,Desktop,Mumbai,1,103,269.26,728,0,0,0.2584119438460967,199.68,0,0,1.9945205479452055,0,19,5,0,1,1
T103431,CUST2647,2023-12-03 04:24:00,374.04,Health,Debit Card,Desktop,Mumbai,0,146,19.74,1724,0,0,18.948328267477205,354.3,1,0,4.723287671232876,0,4,6,1,1,2
T103432,CUST4844,2023-02-26 20:03:00,113.09,Travel,NetBanking,POS,Hyderabad,0,171,39.52,610,0,0,2.8615890688259107,73.57,0,0,1.6712328767123288,0,20,6,0,1,0
T103433,CUST3671,2023-08-24 12:24:00,46.71,Utilities,Credit Card,Mobile,Hyderabad,0,33,302.62,194,0,0,0.15435199259797766,255.91,0,0,0.5315068493150685,0,12,3,0,0,0
T103434,CUST8879,2023-05-27 18:52:00,98.32,Health,NetBanking,Mobile,Pune,0,181,440.82,1311,0,0,0.22303888208339004,342.5,0,0,3.591780821917808,0,18,5,0,1,0
T103435,CUST9653,2023-03-04 20:08:00,39.44,Entertainment,PayPal,Desktop,Hyderabad,0,184,251.76,131,0,0,0.15665713377820145,212.32,0,0,0.3589041095890411,0,20,5,0,1,0
T103436,CUST4920,2023-12-14 19:59:00,20.79,Entertainment,Debit Card,POS,Mumbai,0,147,90.84,484,0,0,0.22886393659180976,70.05000000000001,0,0,1.326027397260274,0,19,3,0,0,0
T103437,CUST8597,2023-02-15 04:46:00,72.68,Utilities,Debit Card,POS,Chennai,0,87,66.9,222,0,0,1.0863976083707025,5.780000000000001,0,0,0.6082191780821918,0,4,2,1,0,1
T103438,CUST3131,2023-01-01 02:16:00,210.69,Grocery,PayPal,Desktop,Hyderabad,0,69,450.9,1824,1,0,0.46726546906187627,240.20999999999998,0,0,4.997260273972603,0,2,6,1,1,2
T103439,CUST2928,2024-01-06 22:59:00,211.76,Utilities,Credit Card,Mobile,Hyderabad,0,124,353.8,945,0,0,0.5985302430751837,142.04000000000002,0,0,2.589041095890411,0,22,5,0,1,0
T103440,CUST8739,2023-12-29 19:21:00,33.47,Electronics,Debit Card,Desktop,Mumbai,0,26,483.44,927,0,0,0.06923299685586629,449.97,0,0,2.5397260273972604,0,19,4,0,0,0
T103441,CUST5240,2023-12-25 20:33:00,60.01,Travel,UPI,POS,Bengaluru,0,157,50.35,839,0,0,1.1918570009930485,9.659999999999997,0,0,2.2986301369863016,0,20,0,0,0,0
T103442,CUST1230,2023-04-05 16:07:00,19.02,Grocery,UPI,Desktop,Bengaluru,1,152,452.28,328,0,1,0.04205359511806846,433.26,0,0,0.8986301369863013,0,16,2,0,0,1
T103443,CUST6504,2023-05-15 12:39:00,434.66,Entertainment,Credit Card,Mobile,Delhi,0,6,424.36,50,0,0,1.0242718446601942,10.300000000000011,0,0,0.136986301369863,0,12,0,0,0,0
T103444,CUST7251,2023-12-31 20:00:00,317.56,Travel,PayPal,Mobile,Pune,0,182,447.66,74,0,0,0.7093776526828396,130.10000000000002,0,0,0.20273972602739726,0,20,6,0,1,0
T103445,CUST8849,2023-07-14 03:29:00,83.87,Health,NetBanking,POS,Bengaluru,1,39,12.82,1533,0,1,6.542121684867395,71.05000000000001,1,0,4.2,0,3,4,1,0,3
T103446,CUST5391,2024-02-09 21:47:00,130.54,Grocery,Credit Card,Desktop,Hyderabad,0,4,373.53,525,0,0,0.3494766149974567,242.98999999999998,0,0,1.4383561643835616,1,21,4,0,0,0
T103447,CUST4357,2024-01-16 00:13:00,100.45,Grocery,NetBanking,Desktop,Chennai,0,128,278.98,1841,0,0,0.3600616531651014,178.53000000000003,0,0,5.043835616438356,0,0,1,1,0,1
T103448,CUST2141,2023-03-05 08:46:00,71.95,Electronics,Credit Card,POS,Delhi,0,58,290.86,712,0,0,0.24736986866533728,218.91000000000003,0,0,1.9506849315068493,0,8,6,0,1,0
T103449,CUST6854,2023-06-11 15:24:00,4.39,Utilities,UPI,Desktop,Pune,0,48,239.91,1743,0,0,0.018298528614897253,235.52,0,0,4.7753424657534245,0,15,6,0,1,0
T103450,CUST7490,2024-01-10 01:24:00,48.52,Food,PayPal,POS,Chennai,0,60,373.91,252,0,1,0.12976384691503304,325.39000000000004,0,0,0.6904109589041096,0,1,2,1,0,1
T103451,CUST8608,2023-03-17 15:04:00,89.86,Health,UPI,Desktop,Chennai,0,26,499.92,328,0,0,0.17974875980156824,410.06,0,0,0.8986301369863013,0,15,4,0,0,0
T103452,CUST2944,2023-08-09 15:26:00,90.54,Health,PayPal,Mobile,Hyderabad,1,77,358.16,1534,0,0,0.2527920482465937,267.62,0,0,4.2027397260273975,0,15,2,0,0,1
T103453,CUST6361,2023-06-17 02:25:00,37.36,Utilities,NetBanking,POS,Mumbai,0,168,342.24,1077,0,0,0.10916316035530621,304.88,0,0,2.9506849315068493,0,2,5,1,1,1
T103454,CUST7847,2023-01-26 12:55:00,227.36,Grocery,Credit Card,Desktop,Mumbai,0,86,330.67,1391,0,0,0.6875737139746575,103.31,0,0,3.8109589041095893,0,12,3,0,0,0
T103455,CUST5160,2023-04-07 06:09:00,14.65,Grocery,Debit Card,Desktop,Mumbai,0,123,350.65,1137,0,0,0.041779552260088414,336.0,0,0,3.115068493150685,0,6,4,0,0,0
T103456,CUST5690,2023-04-11 12:01:00,55.51,Electronics,Debit Card,Desktop,Bengaluru,0,56,177.64,1113,0,0,0.3124859265931097,122.13,0,0,3.0493150684931507,0,12,1,0,0,0
T103457,CUST2255,2023-02-27 10:15:00,93.92,Food,PayPal,POS,Mumbai,0,39,166.91,317,0,0,0.5626984602480379,72.99,0,0,0.8684931506849315,0,10,0,0,0,0
T103458,CUST1303,2023-02-22 07:15:00,95.56,Health,PayPal,Mobile,Pune,0,81,394.33,1687,0,0,0.24233510004311112,298.77,0,0,4.6219178082191785,0,7,2,0,0,0
T103459,CUST1442,2023-10-30 18:00:00,83.68,Entertainment,UPI,Desktop,Hyderabad,0,167,36.01,546,0,0,2.323798944737573,47.67000000000001,0,0,1.4958904109589042,0,18,0,0,0,0
T103460,CUST8255,2023-05-27 15:25:00,25.76,Fashion,Debit Card,POS,Bengaluru,0,176,382.03,927,0,0,0.06742925948223963,356.27,0,0,2.5397260273972604,0,15,5,0,1,0
T103461,CUST7757,2023-01-25 18:37:00,13.59,Fashion,UPI,Desktop,Pune,0,25,408.78,183,0,0,0.033245266402465876,395.19,0,0,0.5013698630136987,0,18,2,0,0,0
T103462,CUST6923,2023-07-09 18:42:00,80.83,Food,NetBanking,Mobile,Mumbai,0,162,265.58,310,0,0,0.3043527374049251,184.75,0,0,0.8493150684931506,0,18,6,0,1,0
T103463,CUST3347,2024-01-10 21:49:00,73.16,Travel,Debit Card,Mobile,Pune,0,127,455.97,463,0,0,0.16044915235651466,382.81000000000006,0,0,1.2684931506849315,0,21,2,0,0,0
T103464,CUST6242,2023-12-12 22:54:00,15.81,Electronics,NetBanking,Mobile,Chennai,1,149,241.81,371,0,0,0.0653819114180555,226.0,0,0,1.0164383561643835,0,22,1,0,0,1
T103465,CUST1713,2023-03-18 06:45:00,97.7,Food,Credit Card,POS,Hyderabad,0,25,97.26,1988,0,0,1.004523956405511,0.4399999999999977,0,0,5.446575342465754,0,6,5,0,1,0
T103466,CUST9559,2023-06-09 13:53:00,48.58,Utilities,UPI,Desktop,Hyderabad,0,89,187.09,115,1,0,0.25966112566144633,138.51,0,0,0.3150684931506849,0,13,4,0,0,1
T103467,CUST6053,2023-09-08 10:26:00,88.15,Utilities,PayPal,POS,Pune,0,22,453.88,1640,0,0,0.19421432977879619,365.73,0,0,4.493150684931507,0,10,4,0,0,0
T103468,CUST5533,2023-12-19 22:51:00,145.3,Fashion,Debit Card,Desktop,Delhi,1,23,496.93,808,0,0,0.29239530718612283,351.63,0,0,2.213698630136986,0,22,1,0,0,1
T103469,CUST2839,2023-03-02 05:10:00,14.88,Grocery,UPI,POS,Hyderabad,0,153,216.71,220,0,0,0.06866319043883531,201.83,0,0,0.6027397260273972,0,5,3,0,0,0
T103470,CUST3856,2023-01-20 14:55:00,1.55,Fashion,PayPal,Desktop,Chennai,0,154,91.75,1305,0,0,0.016893732970027248,90.2,0,0,3.5753424657534247,0,14,4,0,0,0
T103471,CUST9391,2024-01-24 17:25:00,120.8,Grocery,Credit Card,POS,Hyderabad,0,30,150.3,1121,0,0,0.8037258815701929,29.500000000000014,0,0,3.0712328767123287,0,17,2,0,0,0
T103472,CUST9721,2024-01-09 08:52:00,75.27,Electronics,Debit Card,Desktop,Delhi,0,166,281.12,1918,0,0,0.26775042686397266,205.85000000000002,0,0,5.254794520547946,0,8,1,0,0,0
T103473,CUST2018,2024-02-17 12:50:00,96.22,Grocery,NetBanking,POS,Hyderabad,0,103,290.33,1199,0,0,0.3314159749250853,194.10999999999999,0,0,3.2849315068493152,0,12,5,0,1,0
T103474,CUST5231,2023-10-27 22:24:00,145.69,Food,Credit Card,Mobile,Kolkata,0,162,318.73,1020,0,0,0.4570953471590374,173.04000000000002,0,0,2.7945205479452055,0,22,4,0,0,0
T103475,CUST3079,2023-08-14 08:55:00,129.89,Grocery,PayPal,POS,Hyderabad,0,77,419.32,905,0,0,0.3097634265000477,289.43,0,0,2.4794520547945207,0,8,0,0,0,0
T103476,CUST1835,2024-02-01 05:12:00,259.37,Travel,Debit Card,Mobile,Delhi,0,73,358.49,1687,0,0,0.7235069318530503,99.12,0,0,4.6219178082191785,0,5,3,0,0,0
T103477,CUST7512,2023-05-07 02:50:00,61.42,Utilities,Debit Card,Mobile,Kolkata,0,143,137.81,1977,0,0,0.44568608954357447,76.39,0,0,5.416438356164384,0,2,6,1,1,1
T103478,CUST4543,2024-01-04 07:12:00,53.63,Food,Credit Card,Desktop,Kolkata,0,95,203.57,1607,0,0,0.26344746278921255,149.94,0,0,4.402739726027397,0,7,3,0,0,0
T103479,CUST8827,2023-09-10 13:51:00,41.12,Utilities,Debit Card,Mobile,Hyderabad,0,172,421.51,1881,0,0,0.09755403193281298,380.39,0,0,5.153424657534247,0,13,6,0,1,0
T103480,CUST1419,2023-04-19 23:46:00,13.35,Electronics,PayPal,Mobile,Pune,0,95,320.36,691,0,0,0.041671869147209384,307.01,0,0,1.893150684931507,0,23,2,0,0,0
T103481,CUST7173,2023-05-02 15:27:00,68.0,Food,Credit Card,Desktop,Bengaluru,0,138,91.54,1989,0,0,0.7428446580729735,23.540000000000006,0,0,5.449315068493151,0,15,1,0,0,0
T103482,CUST2377,2023-10-12 06:30:00,25.95,Travel,NetBanking,POS,Kolkata,0,117,169.51,603,0,0,0.15308831337384227,143.56,0,0,1.652054794520548,0,6,3,0,0,0
T103483,CUST7068,2023-01-11 23:17:00,203.38,Electronics,Credit Card,POS,Pune,1,37,397.63,1308,0,0,0.5114805220934034,194.25,0,0,3.5835616438356164,0,23,2,0,0,1
T103484,CUST5581,2023-02-04 17:14:00,70.01,Fashion,Credit Card,Mobile,Hyderabad,0,7,94.33,160,0,0,0.7421817025336584,24.319999999999993,0,0,0.4383561643835616,0,17,5,0,1,0
T103485,CUST4257,2023-03-28 21:42:00,71.88,Travel,NetBanking,POS,Mumbai,0,124,348.61,868,0,0,0.20619029861449756,276.73,0,0,2.378082191780822,0,21,1,0,0,0
T103486,CUST9417,2024-01-19 19:14:00,35.07,Electronics,PayPal,Mobile,Mumbai,0,32,286.13,988,0,0,0.12256666550169504,251.06,0,0,2.706849315068493,0,19,4,0,0,0
T103487,CUST6724,2023-08-03 21:04:00,4.27,Entertainment,UPI,POS,Bengaluru,0,11,82.26,1430,0,0,0.05190858254315584,77.99000000000001,0,0,3.9178082191780823,0,21,3,0,0,0
T103488,CUST9488,2024-02-12 17:37:00,2.58,Grocery,UPI,POS,Kolkata,0,176,347.55,1585,0,0,0.007423392317652136,344.97,0,0,4.342465753424658,0,17,0,0,0,0
T103489,CUST4628,2023-07-12 00:00:00,44.04,Food,NetBanking,POS,Hyderabad,0,109,79.75,1252,0,0,0.5522257053291536,35.71,0,0,3.43013698630137,0,0,2,1,0,1
T103490,CUST6517,2023-08-28 03:02:00,7.07,Electronics,PayPal,Mobile,Chennai,0,92,205.23,868,0,0,0.034449154607026265,198.16,0,0,2.378082191780822,0,3,0,1,0,1
T103491,CUST1973,2023-12-14 05:29:00,74.68,Food,Debit Card,Desktop,Kolkata,0,196,161.19,250,0,1,0.4633041751969726,86.50999999999999,0,0,0.684931506849315,0,5,3,0,0,0
T103492,CUST6192,2023-11-21 12:10:00,170.27,Grocery,NetBanking,POS,Hyderabad,0,48,348.1,1463,0,0,0.48914105142200515,177.83,0,0,4.008219178082192,0,12,1,0,0,0
T103493,CUST1522,2023-07-05 22:10:00,171.59,Electronics,UPI,POS,Mumbai,0,45,393.36,1990,0,0,0.43621618873296725,221.77,0,0,5.4520547945205475,0,22,2,0,0,0
T103494,CUST4482,2023-11-21 10:18:00,86.08,Fashion,PayPal,POS,Delhi,0,95,92.48,672,0,0,0.930795847750865,6.400000000000006,0,0,1.841095890410959,0,10,1,0,0,0
T103495,CUST6680,2023-01-23 04:43:00,18.98,Entertainment,Credit Card,Mobile,Bengaluru,0,33,407.88,1224,0,0,0.046533294106109645,388.9,0,0,3.3534246575342466,0,4,0,1,0,1
T103496,CUST9759,2023-11-15 22:50:00,159.02,Entertainment,PayPal,Desktop,Delhi,0,118,13.53,1198,0,0,11.753141167775315,145.49,1,0,3.282191780821918,0,22,2,0,0,1
T103497,CUST8237,2023-07-12 14:25:00,173.79,Travel,PayPal,Mobile,Chennai,0,132,269.73,517,0,0,0.6443109776443109,95.94000000000003,0,0,1.4164383561643836,0,14,2,0,0,0
T103498,CUST5829,2024-01-25 18:07:00,17.52,Electronics,UPI,POS,Hyderabad,0,47,263.23,881,0,0,0.06655776317289062,245.71,0,0,2.4136986301369863,0,18,3,0,0,0
T103499,CUST6910,2023-02-02 08:21:00,106.98,Grocery,UPI,Mobile,Chennai,0,122,315.67,383,1,0,0.3388982164919061,208.69,0,0,1.0493150684931507,0,8,3,0,0,1
T103500,CUST4672,2023-01-26 03:09:00,27.01,Electronics,Debit Card,POS,Delhi,0,53,127.45,1234,0,0,0.21192624558650452,100.44,0,0,3.3808219178082193,0,3,3,1,0,1
T103501,CUST2246,2024-02-08 00:09:00,129.82,Food,Debit Card,POS,Hyderabad,0,126,14.83,977,0,0,8.753877275792313,114.99,1,0,2.6767123287671235,0,0,3,1,0,2
T103502,CUST8712,2023-05-03 06:56:00,471.34,Health,NetBanking,Mobile,Kolkata,0,159,232.83,190,0,0,2.0243954816819136,238.50999999999996,0,0,0.5205479452054794,0,6,2,0,0,0
T103503,CUST6488,2024-02-09 06:28:00,2.44,Utilities,Credit Card,POS,Pune,0,159,44.99,493,0,0,0.05423427428317403,42.550000000000004,0,0,1.3506849315068492,0,6,4,0,0,0
T103504,CUST6941,2023-07-12 06:20:00,182.13,Electronics,Debit Card,POS,Pune,0,27,447.18,1113,0,0,0.40728565678250367,265.05,0,0,3.0493150684931507,0,6,2,0,0,0
T103505,CUST7772,2023-02-14 12:01:00,77.96,Entertainment,UPI,Desktop,Kolkata,0,89,95.1,244,0,0,0.8197686645636172,17.14,0,0,0.6684931506849315,0,12,1,0,0,0
T103506,CUST4991,2024-02-20 14:33:00,290.1,Entertainment,PayPal,Mobile,Chennai,0,176,218.36,609,0,0,1.3285400256457227,71.74000000000001,0,0,1.6684931506849314,0,14,1,0,0,0
T103507,CUST8282,2023-09-10 04:12:00,50.04,Utilities,NetBanking,Mobile,Pune,0,36,222.66,1926,0,0,0.22473726758286175,172.62,0,0,5.276712328767124,0,4,6,1,1,1
T103508,CUST8226,2023-08-02 07:55:00,150.39,Entertainment,Debit Card,POS,Pune,0,177,280.9,1245,0,0,0.5353862584549661,130.51,0,0,3.410958904109589,0,7,2,0,0,0
T103509,CUST2115,2023-08-30 06:59:00,5.15,Fashion,PayPal,POS,Mumbai,0,159,393.44,517,0,0,0.013089670597803986,388.29,0,0,1.4164383561643836,0,6,2,0,0,0
T103510,CUST3675,2023-06-06 14:52:00,32.67,Electronics,PayPal,Mobile,Pune,0,101,241.35,254,0,0,0.13536357986326913,208.68,0,0,0.6958904109589041,0,14,1,0,0,0
T103511,CUST5100,2023-01-11 09:09:00,5.55,Travel,Debit Card,Mobile,Mumbai,1,122,22.62,1445,0,1,0.24535809018567636,17.07,0,0,3.958904109589041,0,9,2,0,0,1
T103512,CUST9568,2023-10-18 05:11:00,296.22,Electronics,Credit Card,Mobile,Bengaluru,0,172,387.84,738,0,0,0.7637685643564358,91.61999999999995,0,0,2.021917808219178,0,5,2,0,0,0
T103513,CUST6882,2023-08-09 07:39:00,135.85,Health,Credit Card,POS,Mumbai,0,125,50.26,190,0,0,2.7029446876243535,85.59,0,0,0.5205479452054794,0,7,2,0,0,0
T103514,CUST5147,2023-08-11 16:06:00,153.14,Entertainment,NetBanking,Desktop,Mumbai,0,59,324.36,1814,0,0,0.472129732396103,171.22000000000003,0,0,4.96986301369863,0,16,4,0,0,0
T103515,CUST3853,2023-05-10 05:49:00,222.4,Food,Credit Card,Desktop,Delhi,0,23,403.68,1974,0,0,0.550931430836306,181.28,0,0,5.4082191780821915,0,5,2,0,0,0
T103516,CUST7697,2024-01-27 20:02:00,7.12,Entertainment,NetBanking,POS,Mumbai,0,99,148.52,484,0,0,0.04793967142472394,141.4,0,0,1.326027397260274,0,20,5,0,1,0
T103517,CUST7084,2024-01-31 09:28:00,38.97,Electronics,UPI,POS,Mumbai,0,68,230.06,1164,0,0,0.16939059375815005,191.09,0,0,3.1890410958904107,0,9,2,0,0,0
T103518,CUST3812,2023-07-03 06:45:00,5.89,Fashion,Debit Card,POS,Delhi,0,92,17.02,1956,0,0,0.34606345475910694,11.129999999999999,0,0,5.358904109589041,0,6,0,0,0,0
T103519,CUST4596,2023-07-11 05:35:00,18.94,Grocery,PayPal,Mobile,Mumbai,1,170,403.9,1112,0,0,0.04689279524634811,384.96,0,0,3.0465753424657533,0,5,1,0,0,1
T103520,CUST3628,2024-01-15 13:50:00,20.84,Electronics,NetBanking,POS,Pune,0,105,354.6,574,0,0,0.05877044557247602,333.76000000000005,0,0,1.5726027397260274,0,13,0,0,0,0
T103521,CUST9655,2023-12-18 10:13:00,50.66,Electronics,Credit Card,Mobile,Kolkata,0,42,123.38,1606,0,0,0.4106013940671097,72.72,0,0,4.4,0,10,0,0,0,0
T103522,CUST3647,2023-05-31 17:52:00,25.02,Travel,NetBanking,Desktop,Mumbai,0,141,201.21,1726,0,0,0.12434769643655881,176.19,0,0,4.728767123287671,0,17,2,0,0,0
T103523,CUST4659,2023-12-05 17:00:00,8.52,Fashion,NetBanking,POS,Bengaluru,0,129,350.71,58,0,0,0.024293575888911068,342.19,0,0,0.1589041095890411,0,17,1,0,0,0
T103524,CUST3787,2023-04-14 10:25:00,14.66,Health,Credit Card,POS,Mumbai,0,53,185.5,796,0,0,0.07902964959568733,170.84,0,0,2.180821917808219,0,10,4,0,0,0
T103525,CUST5419,2023-02-24 22:13:00,12.75,Grocery,Credit Card,Mobile,Mumbai,0,168,89.58,1988,0,0,0.14233087742799733,76.83,0,0,5.446575342465754,0,22,4,0,0,0
T103526,CUST1717,2023-07-13 01:14:00,289.18,Entertainment,Debit Card,Mobile,Bengaluru,0,90,264.07,214,0,0,1.0950884235240657,25.110000000000014,0,0,0.5863013698630137,0,1,3,1,0,1
T103527,CUST1439,2023-02-15 22:00:00,113.93,Food,PayPal,Mobile,Kolkata,0,174,364.55,1926,0,0,0.31252228775202306,250.62,0,0,5.276712328767124,0,22,2,0,0,0
T103528,CUST1274,2023-07-18 17:18:00,274.77,Electronics,Debit Card,Desktop,Delhi,0,116,167.2,1277,0,0,1.6433612440191387,107.57,0,0,3.4986301369863013,0,17,1,0,0,0
T103529,CUST8031,2023-06-20 01:45:00,46.35,Health,Debit Card,Desktop,Pune,0,87,69.67,386,1,1,0.6652791732452993,23.32,0,0,1.0575342465753426,0,1,1,1,0,2
T103530,CUST1041,2023-08-13 18:58:00,26.1,Grocery,Credit Card,POS,Kolkata,0,113,416.48,521,0,0,0.06266807529773338,390.38,0,0,1.4273972602739726,0,18,6,0,1,0
T103531,CUST8337,2023-05-23 17:20:00,128.08,Food,Credit Card,POS,Mumbai,0,150,133.87,762,0,0,0.9567490849331441,5.789999999999992,0,0,2.0876712328767124,0,17,1,0,0,0
T103532,CUST9398,2023-07-17 18:41:00,31.59,Health,PayPal,Mobile,Pune,0,115,261.28,1885,0,0,0.12090477648499695,229.68999999999997,0,0,5.164383561643835,0,18,0,0,0,0
T103533,CUST7124,2023-06-22 18:47:00,28.46,Fashion,NetBanking,Desktop,Chennai,0,180,348.76,1651,0,0,0.08160339488473449,320.3,0,0,4.523287671232877,0,18,3,0,0,0
T103534,CUST2803,2024-02-01 20:39:00,21.17,Fashion,Debit Card,POS,Pune,0,120,165.37,607,0,0,0.1280159642014876,144.2,0,0,1.663013698630137,0,20,3,0,0,0
T103535,CUST8372,2023-12-16 13:10:00,11.11,Grocery,PayPal,Mobile,Delhi,0,28,327.83,143,0,0,0.03388951590763505,316.71999999999997,0,0,0.3917808219178082,0,13,5,0,1,0
T103536,CUST5050,2023-03-12 05:34:00,23.71,Entertainment,Debit Card,Mobile,Delhi,0,53,235.26,407,0,0,0.10078211340644394,211.54999999999998,0,0,1.115068493150685,0,5,6,0,1,0
T103537,CUST7170,2023-08-11 14:07:00,35.12,Utilities,NetBanking,Desktop,Kolkata,0,117,289.51,1830,0,0,0.12130841767123761,254.39,0,0,5.013698630136986,0,14,4,0,0,0
T103538,CUST7172,2023-10-17 22:14:00,89.67,Food,Debit Card,Desktop,Mumbai,0,191,299.38,1338,0,0,0.299519005945621,209.70999999999998,0,0,3.665753424657534,0,22,1,0,0,0
T103539,CUST1368,2023-07-24 11:58:00,5.17,Fashion,UPI,POS,Bengaluru,1,145,413.83,126,0,1,0.012493052702800668,408.65999999999997,0,0,0.3452054794520548,0,11,0,0,0,1
T103540,CUST8435,2023-01-04 08:53:00,18.91,Utilities,PayPal,POS,Delhi,1,64,331.6,871,0,0,0.05702653799758745,312.69,0,0,2.3863013698630136,0,8,2,0,0,1
T103541,CUST8937,2023-07-30 11:29:00,132.45,Grocery,Credit Card,Mobile,Bengaluru,0,6,139.51,153,0,0,0.9493943086517095,7.060000000000002,0,0,0.4191780821917808,0,11,6,0,1,0
T103542,CUST7284,2023-01-17 02:54:00,12.71,Fashion,Debit Card,Mobile,Kolkata,0,142,39.21,185,0,0,0.3241520020402959,26.5,0,0,0.5068493150684932,0,2,1,1,0,1
T103543,CUST6875,2023-04-22 20:40:00,33.56,Fashion,PayPal,Mobile,Kolkata,0,114,10.97,139,0,0,3.059252506836828,22.590000000000003,1,0,0.38082191780821917,0,20,5,0,1,1
T103544,CUST1585,2023-09-11 11:58:00,160.0,Health,PayPal,POS,Chennai,0,128,453.16,82,0,0,0.3530761761850119,293.16,0,0,0.22465753424657534,0,11,0,0,0,0
T103545,CUST1754,2024-01-28 05:30:00,13.47,Utilities,Debit Card,Desktop,Bengaluru,0,17,471.63,1227,0,1,0.028560524139685774,458.15999999999997,0,0,3.361643835616438,0,5,6,0,1,0
T103546,CUST5868,2023-08-11 01:31:00,6.91,Health,Credit Card,POS,Kolkata,0,38,56.11,1732,0,0,0.12315095348422742,49.2,0,0,4.745205479452054,0,1,4,1,0,1
T103547,CUST7906,2023-10-18 00:34:00,53.02,Fashion,Credit Card,Desktop,Kolkata,0,197,248.66,617,0,1,0.21322287460789835,195.64,0,0,1.6904109589041096,0,0,2,1,0,1
T103548,CUST4377,2023-01-31 19:05:00,28.81,Utilities,Debit Card,POS,Kolkata,0,13,84.28,1367,0,0,0.34183673469387754,55.47,0,0,3.745205479452055,0,19,1,0,0,0
T103549,CUST8902,2023-12-18 23:29:00,66.3,Travel,PayPal,POS,Hyderabad,0,112,474.89,755,1,0,0.139611278401314,408.59,0,0,2.0684931506849313,0,23,0,0,0,1
T103550,CUST4650,2023-11-09 03:58:00,130.29,Utilities,Credit Card,Desktop,Kolkata,0,181,130.95,1747,0,1,0.9949599083619702,0.6599999999999966,0,0,4.786301369863014,0,3,3,1,0,1
T103551,CUST6323,2023-10-03 21:47:00,11.8,Health,Debit Card,POS,Kolkata,0,137,255.81,1443,0,0,0.04612798561432313,244.01,0,0,3.9534246575342467,0,21,1,0,0,0
T103552,CUST2599,2023-01-03 07:52:00,69.53,Food,Debit Card,POS,Bengaluru,0,172,91.15,74,0,0,0.7628085573230937,21.620000000000005,0,0,0.20273972602739726,0,7,1,0,0,0
T103553,CUST4622,2023-07-11 02:45:00,56.34,Grocery,Debit Card,Mobile,Delhi,1,127,173.05,965,0,1,0.32557064432245014,116.71000000000001,0,0,2.643835616438356,0,2,1,1,0,2
T103554,CUST3262,2023-04-11 07:22:00,12.45,Grocery,PayPal,Desktop,Bengaluru,0,106,140.74,1716,0,0,0.08846099189995736,128.29000000000002,0,0,4.701369863013698,0,7,1,0,0,0
T103555,CUST6014,2023-06-17 16:44:00,78.25,Entertainment,Credit Card,Desktop,Bengaluru,0,154,242.96,1170,0,0,0.32206947645702994,164.71,0,0,3.2054794520547945,0,16,5,0,1,0
T103556,CUST4287,2023-04-09 08:43:00,25.58,Food,PayPal,Mobile,Hyderabad,1,77,215.69,151,0,0,0.11859613333951503,190.11,0,0,0.4136986301369863,0,8,6,0,1,1
T103557,CUST4183,2023-04-04 14:14:00,53.53,Food,UPI,Desktop,Hyderabad,0,19,172.09,511,0,0,0.3110581672380731,118.56,0,0,1.4,0,14,1,0,0,0
T103558,CUST6287,2023-01-30 05:29:00,6.87,Food,Credit Card,Mobile,Mumbai,0,176,61.88,1223,0,0,0.1110213316095669,55.010000000000005,0,0,3.350684931506849,0,5,0,0,0,0
T103559,CUST3716,2023-11-20 19:27:00,49.23,Entertainment,PayPal,Desktop,Delhi,0,158,247.4,707,0,0,0.19898949070331445,198.17000000000002,0,0,1.936986301369863,0,19,0,0,0,0
T103560,CUST1603,2023-02-27 08:23:00,29.28,Food,Credit Card,Desktop,Kolkata,0,160,426.6,1453,0,0,0.06863572433192686,397.32000000000005,0,0,3.9808219178082194,0,8,0,0,0,0
T103561,CUST4120,2023-02-21 03:47:00,138.25,Electronics,UPI,Desktop,Mumbai,0,78,367.81,1895,0,0,0.3758734129034012,229.56,0,0,5.191780821917808,0,3,1,1,0,1
T103562,CUST2028,2023-01-03 00:44:00,4.69,Entertainment,NetBanking,Desktop,Kolkata,1,120,363.08,1996,1,1,0.012917263413021926,358.39,0,0,5.468493150684932,0,0,1,1,0,3
T103563,CUST3460,2023-06-08 18:10:00,43.39,Grocery,Debit Card,Mobile,Kolkata,0,79,189.38,1714,0,0,0.22911606294223255,145.99,0,0,4.695890410958904,0,18,3,0,0,0
T103564,CUST1387,2023-03-09 16:59:00,49.06,Electronics,PayPal,Mobile,Hyderabad,0,76,357.13,529,0,0,0.13737294542603534,308.07,0,0,1.4493150684931506,0,16,3,0,0,0
T103565,CUST3581,2023-11-18 14:12:00,103.28,Entertainment,UPI,Desktop,Kolkata,0,101,238.11,103,0,0,0.4337491075553315,134.83,0,0,0.2821917808219178,0,14,5,0,1,0
T103566,CUST4172,2023-12-09 02:59:00,68.32,Fashion,UPI,POS,Kolkata,0,75,83.64,1000,1,1,0.816834050693448,15.320000000000007,0,0,2.73972602739726,0,2,5,1,1,2
T103567,CUST8668,2023-11-04 15:31:00,88.02,Fashion,Credit Card,Mobile,Bengaluru,0,197,215.33,178,0,0,0.40876793758417307,127.31000000000002,0,0,0.4876712328767123,0,15,5,0,1,0
T103568,CUST1444,2023-02-17 21:26:00,120.06,Grocery,Credit Card,Desktop,Hyderabad,0,120,75.04,1590,0,0,1.5999466950959487,45.019999999999996,0,0,4.3561643835616435,0,21,4,0,0,0
T103569,CUST7523,2023-09-29 22:02:00,158.56,Fashion,Debit Card,Mobile,Chennai,0,139,66.1,921,0,0,2.3987897125567326,92.46000000000001,0,0,2.5232876712328767,0,22,4,0,0,0
T103570,CUST9444,2023-05-28 13:58:00,30.14,Food,Credit Card,POS,Bengaluru,0,83,21.3,1114,0,0,1.4150234741784038,8.84,0,0,3.052054794520548,0,13,6,0,1,0
T103571,CUST6926,2023-09-30 04:54:00,61.78,Entertainment,PayPal,POS,Mumbai,0,154,148.6,1919,0,0,0.4157469717362046,86.82,0,0,5.257534246575342,0,4,5,1,1,1
T103572,CUST4269,2023-09-12 23:36:00,146.66,Electronics,PayPal,POS,Bengaluru,0,26,172.13,1107,0,0,0.8520304421077093,25.47,0,0,3.032876712328767,0,23,1,0,0,0
T103573,CUST2909,2023-10-08 07:07:00,364.14,Food,PayPal,Desktop,Chennai,0,128,352.73,1276,0,0,1.0323476880333398,11.409999999999968,0,0,3.495890410958904,0,7,6,0,1,0
T103574,CUST2696,2023-01-09 09:09:00,176.23,Fashion,NetBanking,Desktop,Hyderabad,0,145,273.62,1784,0,0,0.6440684160514581,97.39000000000001,0,0,4.887671232876713,0,9,0,0,0,0
T103575,CUST9814,2023-08-18 04:19:00,37.15,Health,PayPal,POS,Delhi,0,83,430.64,502,0,0,0.08626695151402564,393.49,0,0,1.3753424657534246,0,4,4,1,0,1
T103576,CUST2238,2023-05-16 19:01:00,17.37,Utilities,Credit Card,Mobile,Kolkata,0,44,96.47,1369,0,0,0.1800559759510729,79.1,0,0,3.750684931506849,0,19,1,0,0,0
T103577,CUST9842,2023-01-12 09:29:00,53.77,Electronics,Credit Card,Mobile,Pune,0,84,140.32,199,0,0,0.3831955530216648,86.54999999999998,0,0,0.5452054794520548,0,9,3,0,0,0
T103578,CUST5697,2023-05-27 02:28:00,108.27,Food,PayPal,POS,Delhi,0,151,471.13,730,0,0,0.2298091821790164,362.86,0,0,2.0,0,2,5,1,1,1
T103579,CUST3587,2024-02-06 02:04:00,54.27,Entertainment,UPI,Desktop,Delhi,0,25,227.58,61,0,1,0.23846559451621407,173.31,0,0,0.16712328767123288,0,2,1,1,0,1
T103580,CUST3254,2023-03-15 23:25:00,52.8,Grocery,UPI,Mobile,Kolkata,0,37,396.63,82,0,0,0.13312154905075257,343.83,0,0,0.22465753424657534,0,23,2,0,0,0
T103581,CUST4880,2023-08-14 18:40:00,145.73,Food,UPI,Mobile,Hyderabad,0,112,251.16,969,0,0,0.5802277432712215,105.43,0,0,2.654794520547945,0,18,0,0,0,0
T103582,CUST8157,2023-05-31 05:53:00,35.88,Health,Debit Card,Mobile,Delhi,0,193,240.83,168,0,0,0.1489847610347548,204.95000000000002,0,0,0.4602739726027397,0,5,2,0,0,0
T103583,CUST7255,2024-02-12 09:51:00,157.17,Fashion,NetBanking,Desktop,Chennai,0,2,82.58,1427,0,0,1.9032453378542018,74.58999999999999,0,0,3.9095890410958902,1,9,0,0,0,0
T103584,CUST5819,2023-06-13 20:12:00,41.78,Electronics,PayPal,POS,Kolkata,1,98,427.09,1100,0,0,0.09782481444192091,385.30999999999995,0,0,3.0136986301369864,0,20,1,0,0,1
T103585,CUST3560,2023-04-14 03:40:00,31.83,Grocery,Debit Card,Desktop,Hyderabad,0,32,48.39,119,0,0,0.6577805331680099,16.560000000000002,0,0,0.32602739726027397,0,3,4,1,0,1
T103586,CUST8294,2023-07-21 12:57:00,48.41,Electronics,UPI,Mobile,Delhi,0,89,162.03,857,0,0,0.29877183237672034,113.62,0,0,2.347945205479452,0,12,4,0,0,0
T103587,CUST1882,2023-04-28 10:16:00,114.99,Grocery,PayPal,POS,Kolkata,0,183,340.0,65,0,0,0.33820588235294113,225.01,0,0,0.1780821917808219,0,10,4,0,0,0
T103588,CUST9601,2023-07-19 12:53:00,10.77,Utilities,Debit Card,Desktop,Pune,0,178,258.56,1045,0,0,0.041653774752475246,247.79,0,0,2.863013698630137,0,12,2,0,0,0
T103589,CUST4305,2023-03-31 14:41:00,17.49,Entertainment,Credit Card,POS,Mumbai,0,193,441.88,958,0,0,0.03958088168733592,424.39,0,0,2.6246575342465754,0,14,4,0,0,0
T103590,CUST3132,2023-08-01 12:25:00,242.0,Electronics,UPI,Mobile,Hyderabad,0,160,29.26,1278,0,0,8.270676691729323,212.74,1,0,3.5013698630136987,0,12,1,0,0,1
T103591,CUST2757,2023-02-18 06:05:00,15.44,Fashion,Debit Card,Desktop,Hyderabad,0,37,328.21,583,0,0,0.04704305170470126,312.77,0,0,1.5972602739726027,0,6,5,0,1,0
T103592,CUST3045,2023-08-25 03:37:00,67.1,Entertainment,Credit Card,POS,Bengaluru,0,115,243.96,769,0,1,0.27504508935891125,176.86,0,0,2.106849315068493,0,3,4,1,0,1
T103593,CUST9451,2023-01-12 22:58:00,69.27,Entertainment,UPI,Desktop,Kolkata,0,141,85.61,298,0,0,0.8091344469104076,16.340000000000003,0,0,0.8164383561643835,0,22,3,0,0,0
T103594,CUST8997,2023-07-16 14:08:00,53.81,Utilities,NetBanking,Mobile,Delhi,0,182,374.19,939,0,0,0.14380394986504183,320.38,0,0,2.5726027397260274,0,14,6,0,1,0
T103595,CUST6100,2024-02-06 01:54:00,82.79,Grocery,UPI,POS,Mumbai,0,3,211.54,215,0,0,0.3913680627777253,128.75,0,0,0.589041095890411,1,1,1,1,0,1
T103596,CUST9077,2024-01-13 08:04:00,20.89,Travel,NetBanking,Mobile,Kolkata,0,170,270.48,1424,0,0,0.07723306713989944,249.59000000000003,0,0,3.9013698630136986,0,8,5,0,1,0
T103597,CUST5814,2023-10-31 18:55:00,64.36,Electronics,NetBanking,POS,Pune,0,40,483.96,898,0,0,0.1329861972063807,419.59999999999997,0,0,2.4602739726027396,0,18,1,0,0,0
T103598,CUST7461,2023-06-03 01:21:00,37.24,Electronics,NetBanking,Mobile,Chennai,0,74,248.25,1288,0,0,0.1500100704934542,211.01,0,0,3.5287671232876714,0,1,5,1,1,1
T103599,CUST8873,2023-02-21 18:29:00,86.7,Food,PayPal,Mobile,Hyderabad,0,66,413.45,1175,0,0,0.20969887531745074,326.75,0,0,3.219178082191781,0,18,1,0,0,0
T103600,CUST4335,2023-11-26 02:29:00,12.18,Grocery,PayPal,Desktop,Chennai,0,60,387.09,453,0,0,0.031465550647136326,374.90999999999997,0,0,1.2410958904109588,0,2,6,1,1,1
T103601,CUST7750,2023-03-03 11:51:00,67.68,Health,NetBanking,Mobile,Chennai,0,11,334.75,862,0,0,0.20218073188946978,267.07,0,0,2.361643835616438,0,11,4,0,0,0
T103602,CUST6248,2023-06-16 10:22:00,16.39,Travel,Credit Card,Desktop,Chennai,1,120,449.44,1442,0,0,0.036467604129583484,433.05,0,0,3.9506849315068493,0,10,4,0,0,1
T103603,CUST4932,2023-06-01 21:45:00,26.13,Fashion,NetBanking,Mobile,Bengaluru,0,129,133.28,955,0,0,0.19605342136854742,107.15,0,0,2.6164383561643834,0,21,3,0,0,0
T103604,CUST7650,2023-10-13 22:31:00,19.74,Food,Debit Card,Mobile,Kolkata,0,154,412.18,1170,0,0,0.04789169780193119,392.44,0,0,3.2054794520547945,0,22,4,0,0,0
T103605,CUST2907,2023-01-30 18:15:00,16.15,Utilities,NetBanking,Mobile,Chennai,0,42,195.12,1519,0,0,0.08276957769577695,178.97,0,0,4.161643835616438,0,18,0,0,0,0
T103606,CUST3809,2023-03-08 19:53:00,139.76,Travel,PayPal,POS,Delhi,1,190,408.12,1482,0,0,0.3424482995197491,268.36,0,0,4.06027397260274,0,19,2,0,0,1
T103607,CUST8944,2023-08-04 23:18:00,26.92,Grocery,PayPal,Desktop,Delhi,0,123,251.96,898,0,0,0.10684235592951262,225.04000000000002,0,0,2.4602739726027396,0,23,4,0,0,0
T103608,CUST8444,2023-04-26 10:55:00,209.52,Travel,Debit Card,POS,Mumbai,0,189,430.28,1045,0,0,0.486938737566236,220.75999999999996,0,0,2.863013698630137,0,10,2,0,0,0
T103609,CUST5207,2023-12-11 17:54:00,280.33,Utilities,Debit Card,Desktop,Mumbai,0,92,448.47,471,0,0,0.6250808303788435,168.14000000000004,0,0,1.2904109589041095,0,17,0,0,0,0
T103610,CUST8889,2023-11-19 18:08:00,67.75,Entertainment,UPI,Mobile,Pune,0,62,302.85,68,0,0,0.22370810632326232,235.10000000000002,0,0,0.1863013698630137,0,18,6,0,1,0
T103611,CUST6737,2023-05-09 14:34:00,12.35,Electronics,Credit Card,POS,Chennai,0,12,258.74,937,0,0,0.047731313287470045,246.39000000000001,0,0,2.5671232876712327,0,14,1,0,0,0
T103612,CUST8839,2023-10-23 05:32:00,37.54,Entertainment,Credit Card,Desktop,Chennai,0,155,393.81,1215,0,0,0.09532515680150326,356.27,0,0,3.328767123287671,0,5,0,0,0,0
T103613,CUST1019,2023-03-02 14:37:00,127.85,Electronics,Credit Card,Mobile,Bengaluru,0,195,140.82,1674,0,0,0.9078966055957961,12.969999999999999,0,0,4.586301369863014,0,14,3,0,0,0
T103614,CUST9497,2023-09-13 13:15:00,36.63,Food,PayPal,Desktop,Kolkata,0,28,17.52,1579,0,0,2.0907534246575343,19.110000000000003,0,0,4.326027397260274,0,13,2,0,0,0
T103615,CUST8537,2023-10-31 06:15:00,7.28,Utilities,Credit Card,Desktop,Chennai,0,194,209.48,195,0,0,0.034752721023486734,202.2,0,0,0.5342465753424658,0,6,1,0,0,0
T103616,CUST7513,2023-06-24 03:27:00,65.1,Grocery,UPI,Mobile,Chennai,0,156,258.81,1965,0,0,0.2515358757389591,193.71,0,0,5.383561643835616,0,3,5,1,1,1
T103617,CUST2915,2024-01-31 09:15:00,149.21,Grocery,UPI,POS,Kolkata,1,107,155.66,1927,0,0,0.9585635359116023,6.449999999999989,0,0,5.279452054794521,0,9,2,0,0,1
T103618,CUST7200,2023-05-19 04:34:00,127.14,Travel,Credit Card,Mobile,Chennai,0,149,197.85,1498,1,1,0.6426080363912055,70.71,0,0,4.104109589041096,0,4,4,1,0,2
T103619,CUST9429,2024-02-17 18:25:00,15.4,Food,Debit Card,POS,Hyderabad,0,135,75.2,472,0,0,0.2047872340425532,59.800000000000004,0,0,1.2931506849315069,0,18,5,0,1,0
T103620,CUST5309,2023-04-05 16:29:00,89.37,Grocery,UPI,Desktop,Hyderabad,1,95,145.87,360,0,0,0.6126688146980188,56.5,0,0,0.9863013698630136,0,16,2,0,0,1
T103621,CUST3809,2023-01-10 18:10:00,19.93,Health,Debit Card,Desktop,Bengaluru,0,14,127.65,1022,0,0,0.1561300430865648,107.72,0,0,2.8,0,18,1,0,0,0
T103622,CUST4972,2023-09-19 10:57:00,19.69,Health,PayPal,Desktop,Bengaluru,0,167,157.48,1388,0,0,0.12503175006350015,137.79,0,0,3.802739726027397,0,10,1,0,0,0
T103623,CUST5572,2023-11-12 16:36:00,165.76,Entertainment,UPI,POS,Delhi,0,118,156.54,1165,0,0,1.0588986840424173,9.219999999999999,0,0,3.191780821917808,0,16,6,0,1,0
T103624,CUST8991,2023-10-16 09:42:00,22.98,Electronics,Debit Card,Mobile,Bengaluru,0,126,283.89,1799,0,0,0.08094684560921485,260.90999999999997,0,0,4.928767123287671,0,9,0,0,0,0
T103625,CUST9746,2023-12-30 08:40:00,24.44,Travel,Credit Card,POS,Pune,0,103,132.79,743,1,0,0.1840500037653438,108.35,0,0,2.0356164383561643,0,8,5,0,1,1
T103626,CUST5398,2023-07-27 16:01:00,0.05,Fashion,PayPal,Desktop,Delhi,0,73,471.07,864,0,0,0.00010614133780542171,471.02,0,0,2.367123287671233,0,16,3,0,0,0
T103627,CUST9375,2023-02-11 02:33:00,163.63,Utilities,NetBanking,Desktop,Kolkata,0,62,260.52,168,0,0,0.6280899738983572,96.88999999999999,0,0,0.4602739726027397,0,2,5,1,1,1
T103628,CUST7626,2023-01-31 09:36:00,125.85,Electronics,NetBanking,Mobile,Chennai,0,12,73.19,1832,0,0,1.7194971990709114,52.66,0,0,5.019178082191781,0,9,1,0,0,0
T103629,CUST7039,2023-04-03 06:52:00,78.96,Food,Credit Card,POS,Bengaluru,0,38,147.01,1837,0,0,0.5371063192980069,68.05,0,0,5.032876712328767,0,6,0,0,0,0
T103630,CUST8820,2024-01-20 21:21:00,110.99,Grocery,PayPal,Desktop,Pune,0,186,367.58,1219,0,0,0.3019478752924533,256.59,0,0,3.33972602739726,0,21,5,0,1,0
T103631,CUST3832,2023-02-07 10:50:00,13.19,Electronics,PayPal,POS,Bengaluru,0,184,16.69,1467,0,0,0.7902935889754343,3.5000000000000018,0,0,4.019178082191781,0,10,1,0,0,0
T103632,CUST6267,2023-03-08 05:51:00,49.05,Fashion,PayPal,POS,Bengaluru,0,39,469.53,1222,0,0,0.10446616829595554,420.47999999999996,0,0,3.347945205479452,0,5,2,0,0,0
T103633,CUST2108,2023-12-22 02:35:00,34.61,Fashion,PayPal,Mobile,Delhi,0,86,228.14,798,0,0,0.15170509336372404,193.52999999999997,0,0,2.186301369863014,0,2,4,1,0,1
T103634,CUST6494,2023-09-03 18:22:00,7.88,Health,NetBanking,Mobile,Kolkata,0,4,265.33,153,0,0,0.029698865563637735,257.45,0,0,0.4191780821917808,1,18,6,0,1,0
T103635,CUST7316,2023-06-30 08:11:00,53.26,Food,Debit Card,Desktop,Kolkata,0,48,494.32,1603,0,0,0.1077439715164266,441.06,0,0,4.391780821917808,0,8,4,0,0,0
T103636,CUST7388,2023-10-30 23:22:00,202.8,Electronics,PayPal,Mobile,Delhi,0,135,256.67,911,0,0,0.7901196088362489,53.870000000000005,0,0,2.495890410958904,0,23,0,0,0,0
T103637,CUST3765,2023-04-01 15:55:00,3.27,Travel,Debit Card,POS,Mumbai,0,60,474.39,790,0,0,0.0068930626699551,471.12,0,0,2.164383561643836,0,15,5,0,1,0
T103638,CUST6937,2023-08-18 10:25:00,27.56,Electronics,PayPal,Mobile,Delhi,0,168,458.46,1802,0,0,0.06011429568555599,430.9,0,0,4.936986301369863,0,10,4,0,0,0
T103639,CUST3153,2023-03-24 00:12:00,18.61,Health,UPI,POS,Delhi,0,8,471.24,1151,0,0,0.03949155419743655,452.63,0,0,3.1534246575342464,0,0,4,1,0,1
T103640,CUST1710,2023-05-09 13:03:00,21.76,Entertainment,UPI,Desktop,Hyderabad,0,124,408.06,1113,0,0,0.05332549134931138,386.3,0,0,3.0493150684931507,0,13,1,0,0,0
T103641,CUST7604,2024-01-24 03:03:00,191.26,Fashion,UPI,POS,Bengaluru,1,116,155.24,1072,0,1,1.2320278278794123,36.01999999999998,0,0,2.936986301369863,0,3,2,1,0,2
T103642,CUST7797,2024-02-08 03:43:00,50.5,Food,PayPal,Mobile,Delhi,0,58,179.73,1177,0,1,0.28097702108718636,129.23,0,0,3.2246575342465755,0,3,3,1,0,1
T103643,CUST8917,2023-11-26 21:46:00,50.23,Food,Debit Card,Mobile,Bengaluru,0,185,188.84,255,0,0,0.2659923744969286,138.61,0,0,0.6986301369863014,0,21,6,0,1,0
T103644,CUST3984,2023-04-18 01:28:00,114.36,Travel,NetBanking,Desktop,Bengaluru,0,35,489.8,641,1,1,0.23348305430788077,375.44,0,0,1.7561643835616438,0,1,1,1,0,2
T103645,CUST5775,2023-08-03 19:44:00,13.43,Food,Credit Card,Mobile,Hyderabad,0,73,186.77,353,0,0,0.07190662311934465,173.34,0,0,0.9671232876712329,0,19,3,0,0,0
T103646,CUST9150,2023-09-03 03:11:00,53.44,Health,NetBanking,Desktop,Bengaluru,1,115,63.26,1959,0,1,0.8447676256718305,9.82,0,0,5.367123287671233,0,3,6,1,1,2
T103647,CUST6031,2024-02-09 20:51:00,44.97,Health,PayPal,Desktop,Pune,0,13,391.38,1070,0,0,0.11490111911697072,346.40999999999997,0,0,2.9315068493150687,0,20,4,0,0,0
T103648,CUST4148,2023-12-01 20:07:00,72.69,Health,UPI,Mobile,Delhi,0,39,189.37,1813,0,0,0.38385171885726355,116.68,0,0,4.967123287671233,0,20,4,0,0,0
T103649,CUST1529,2024-01-08 13:07:00,617.88,Food,UPI,POS,Bengaluru,0,84,314.26,1133,0,1,1.9661426844014511,303.62,0,0,3.1041095890410957,0,13,0,0,0,0
T103650,CUST6759,2023-10-22 11:24:00,117.38,Food,Debit Card,Desktop,Mumbai,0,21,462.94,626,0,0,0.2535533762474619,345.56,0,0,1.715068493150685,0,11,6,0,1,0
T103651,CUST6306,2023-09-25 14:31:00,40.58,Health,PayPal,POS,Mumbai,0,47,292.0,1913,1,1,0.13897260273972603,251.42000000000002,0,0,5.241095890410959,0,14,0,0,0,1
T103652,CUST9353,2023-07-30 17:41:00,140.61,Food,NetBanking,Mobile,Hyderabad,0,2,322.47,1509,0,0,0.43604056191273605,181.86,0,0,4.134246575342465,1,17,6,0,1,0
T103653,CUST7651,2023-07-13 06:51:00,14.97,Utilities,PayPal,POS,Pune,0,44,325.0,570,0,0,0.046061538461538466,310.03,0,0,1.5616438356164384,0,6,3,0,0,0
T103654,CUST1736,2023-01-30 06:29:00,2.47,Food,PayPal,POS,Kolkata,0,30,310.08,675,0,0,0.007965686274509805,307.60999999999996,0,0,1.8493150684931507,0,6,0,0,0,0
T103655,CUST2726,2023-01-19 16:02:00,18.3,Utilities,UPI,POS,Kolkata,0,128,88.29,1019,0,0,0.2072714916751614,69.99000000000001,0,0,2.791780821917808,0,16,3,0,0,0
T103656,CUST9155,2024-01-30 18:09:00,33.29,Fashion,NetBanking,POS,Delhi,0,55,233.64,735,0,0,0.14248416367060435,200.35,0,0,2.0136986301369864,0,18,1,0,0,0
T103657,CUST7926,2023-03-29 17:04:00,57.16,Electronics,Credit Card,Mobile,Hyderabad,0,40,13.76,660,0,0,4.15406976744186,43.4,1,0,1.8082191780821917,0,17,2,0,0,1
T103658,CUST3824,2023-02-24 20:42:00,76.39,Grocery,UPI,Mobile,Mumbai,0,97,316.87,1431,0,0,0.24107678227664342,240.48000000000002,0,0,3.9205479452054797,0,20,4,0,0,0
T103659,CUST2813,2023-06-20 22:04:00,193.18,Utilities,NetBanking,POS,Pune,0,92,291.93,908,0,0,0.661733977323331,98.75,0,0,2.4876712328767123,0,22,1,0,0,0
T103660,CUST3412,2023-06-18 19:22:00,57.04,Utilities,Debit Card,Mobile,Delhi,0,24,165.89,220,0,0,0.34384230514196157,108.85,0,0,0.6027397260273972,0,19,6,0,1,0
T103661,CUST6636,2023-11-04 05:49:00,55.66,Food,UPI,Mobile,Bengaluru,0,170,266.71,1980,0,1,0.20869108769824904,211.04999999999998,0,0,5.424657534246576,0,5,5,0,1,0
T103662,CUST5942,2023-05-08 07:51:00,4.12,Grocery,Debit Card,Desktop,Delhi,0,28,251.6,1718,0,0,0.016375198728139907,247.48,0,0,4.706849315068493,0,7,0,0,0,0
T103663,CUST4264,2023-06-15 11:32:00,2.84,Entertainment,UPI,Mobile,Chennai,0,117,132.95,884,0,0,0.021361414065438136,130.10999999999999,0,0,2.421917808219178,0,11,3,0,0,0
T103664,CUST9553,2023-09-07 01:25:00,64.09,Grocery,PayPal,POS,Delhi,0,105,153.71,520,0,0,0.41695400429380003,89.62,0,0,1.4246575342465753,0,1,3,1,0,1
T103665,CUST2361,2024-01-23 17:55:00,46.13,Fashion,NetBanking,Mobile,Bengaluru,0,93,383.65,434,0,0,0.12023980190277599,337.52,0,0,1.189041095890411,0,17,1,0,0,0
T103666,CUST6655,2023-05-13 05:57:00,146.2,Utilities,Debit Card,Mobile,Chennai,0,98,380.31,1325,0,0,0.38442323367778913,234.11,0,0,3.6301369863013697,0,5,5,0,1,0
T103667,CUST3610,2023-07-06 01:29:00,14.01,Food,UPI,Mobile,Kolkata,0,179,240.19,1697,0,0,0.05832882301511304,226.18,0,0,4.64931506849315,0,1,3,1,0,1
T103668,CUST4001,2023-09-04 09:24:00,2.02,Health,Debit Card,Mobile,Pune,0,150,361.58,904,0,0,0.00558659217877095,359.56,0,0,2.4767123287671233,0,9,0,0,0,0
T103669,CUST3976,2023-08-25 00:00:00,47.69,Grocery,UPI,Desktop,Hyderabad,0,89,230.89,459,0,0,0.2065485729135086,183.2,0,0,1.2575342465753425,0,0,4,1,0,1
T103670,CUST4218,2023-02-05 06:13:00,21.69,Food,UPI,POS,Pune,0,78,427.17,549,0,0,0.050776037643092915,405.48,0,0,1.5041095890410958,0,6,6,0,1,0
T103671,CUST1820,2023-03-16 17:37:00,4.07,Travel,Credit Card,POS,Delhi,0,74,173.08,1699,0,0,0.023515137508666514,169.01000000000002,0,0,4.654794520547945,0,17,3,0,0,0
T103672,CUST7173,2023-04-12 01:05:00,103.16,Entertainment,Credit Card,Mobile,Kolkata,0,136,464.37,922,0,0,0.22215044038159226,361.21000000000004,0,0,2.526027397260274,0,1,2,1,0,1
T103673,CUST4277,2023-04-27 01:07:00,9.47,Health,Credit Card,Mobile,Hyderabad,1,14,275.72,1437,0,1,0.03434643841578413,266.25,0,0,3.936986301369863,0,1,3,1,0,2
T103674,CUST8113,2023-04-12 15:31:00,74.98,Travel,Debit Card,Desktop,Delhi,0,45,272.49,850,0,0,0.27516606113985836,197.51,0,0,2.328767123287671,0,15,2,0,0,0
T103675,CUST9146,2023-05-23 16:52:00,26.4,Travel,PayPal,Mobile,Mumbai,0,38,338.7,916,0,0,0.07794508414526129,312.3,0,0,2.5095890410958903,0,16,1,0,0,0
T103676,CUST1589,2023-08-29 06:01:00,15.24,Grocery,UPI,Desktop,Mumbai,0,160,177.02,1245,0,0,0.08609196700937746,161.78,0,0,3.410958904109589,0,6,1,0,0,0
T103677,CUST4887,2024-02-04 14:00:00,38.21,Travel,NetBanking,POS,Bengaluru,0,62,364.92,1656,0,0,0.1047078811794366,326.71000000000004,0,0,4.536986301369863,0,14,6,0,1,0
T103678,CUST2977,2023-01-24 10:16:00,129.34,Fashion,Credit Card,POS,Kolkata,0,96,167.01,464,0,0,0.7744446440332915,37.66999999999999,0,0,1.2712328767123289,0,10,1,0,0,0
T103679,CUST3515,2023-02-02 06:12:00,39.82,Fashion,Debit Card,Desktop,Kolkata,0,67,204.79,1814,0,0,0.19444308804140828,164.97,0,0,4.96986301369863,0,6,3,0,0,0
T103680,CUST7328,2023-01-21 10:20:00,111.15,Grocery,Debit Card,POS,Pune,0,61,340.6,1817,0,0,0.32633587786259544,229.45000000000002,0,0,4.978082191780822,0,10,5,0,1,0
T103681,CUST2700,2023-08-31 18:09:00,10.73,Food,Debit Card,Mobile,Mumbai,0,13,195.44,92,0,0,0.05490176013098649,184.71,0,0,0.25205479452054796,0,18,3,0,0,0
T103682,CUST7977,2024-02-04 20:14:00,118.54,Electronics,NetBanking,Mobile,Chennai,0,119,107.99,1269,0,0,1.0976942309473101,10.550000000000011,0,0,3.4767123287671233,0,20,6,0,1,0
T103683,CUST1896,2023-05-23 05:34:00,21.63,Food,NetBanking,Desktop,Chennai,0,87,437.23,163,0,0,0.04947053038446584,415.6,0,0,0.4465753424657534,0,5,1,0,0,0
T103684,CUST6359,2024-01-19 23:45:00,90.51,Food,Credit Card,POS,Kolkata,0,83,461.86,987,0,0,0.19596847529554412,371.35,0,0,2.7041095890410958,0,23,4,0,0,0
T103685,CUST8580,2023-07-26 05:48:00,66.74,Food,NetBanking,POS,Kolkata,0,80,317.1,648,0,0,0.21046988331756541,250.36,0,0,1.7753424657534247,0,5,2,0,0,0
T103686,CUST7547,2023-12-03 01:37:00,211.77,Food,Credit Card,Desktop,Delhi,0,47,407.46,1214,0,0,0.5197319982329555,195.68999999999997,0,0,3.326027397260274,0,1,6,1,1,1
T103687,CUST6640,2023-12-31 23:44:00,39.19,Health,NetBanking,Desktop,Kolkata,0,111,493.46,1311,0,0,0.07941879787622097,454.27,0,0,3.591780821917808,0,23,6,0,1,0
T103688,CUST2601,2023-12-24 02:32:00,5.48,Electronics,NetBanking,POS,Hyderabad,0,114,311.24,454,0,0,0.017606991389281585,305.76,0,0,1.2438356164383562,0,2,6,1,1,1
T103689,CUST7399,2023-01-26 23:29:00,1.55,Health,NetBanking,Desktop,Chennai,0,54,455.31,1581,0,0,0.0034042740111133074,453.76,0,0,4.331506849315068,0,23,3,0,0,0
T103690,CUST5600,2023-11-07 18:36:00,140.29,Travel,Credit Card,Mobile,Delhi,0,71,186.03,387,0,0,0.7541256786539805,45.74000000000001,0,0,1.0602739726027397,0,18,1,0,0,0
T103691,CUST2533,2024-01-28 20:35:00,59.51,Entertainment,UPI,POS,Hyderabad,0,180,353.23,1428,0,0,0.16847379894119976,293.72,0,0,3.9123287671232876,0,20,6,0,1,0
T103692,CUST6469,2023-06-11 16:01:00,119.42,Food,Credit Card,Desktop,Kolkata,0,72,37.34,1624,0,0,3.198178896625602,82.08,1,0,4.449315068493151,0,16,6,0,1,1
T103693,CUST8749,2023-07-19 07:09:00,21.37,Entertainment,UPI,Desktop,Kolkata,0,25,396.6,1062,0,0,0.05388300554715078,375.23,0,0,2.9095890410958902,0,7,2,0,0,0
T103694,CUST8180,2024-01-25 07:58:00,33.86,Fashion,Debit Card,Desktop,Mumbai,0,23,416.6,1040,0,0,0.0812770043206913,382.74,0,0,2.8493150684931505,0,7,3,0,0,0
T103695,CUST1253,2024-01-25 04:38:00,2.45,Grocery,Debit Card,POS,Delhi,0,158,206.58,226,0,0,0.011859812179300997,204.13000000000002,0,0,0.6191780821917808,0,4,3,1,0,1
T103696,CUST1349,2024-01-15 07:36:00,260.55,Grocery,Credit Card,Mobile,Hyderabad,0,11,323.09,1170,0,0,0.8064316444334397,62.539999999999964,0,0,3.2054794520547945,0,7,0,0,0,0
T103697,CUST9081,2023-10-21 07:10:00,88.18,Health,UPI,Mobile,Bengaluru,0,163,430.6,1063,0,0,0.20478402229447284,342.42,0,0,2.9123287671232876,0,7,5,0,1,0
T103698,CUST2873,2023-02-13 11:15:00,216.49,Health,UPI,POS,Kolkata,0,27,442.97,891,0,0,0.4887238413436576,226.48000000000002,0,0,2.441095890410959,0,11,0,0,0,0
T103699,CUST2590,2023-04-13 06:03:00,24.68,Fashion,UPI,Desktop,Pune,1,117,62.2,548,0,1,0.3967845659163987,37.52,0,0,1.5013698630136987,0,6,3,0,0,1
T103700,CUST7483,2023-11-01 00:16:00,75.63,Food,Debit Card,POS,Pune,0,67,415.47,378,0,1,0.1820348039569644,339.84000000000003,0,0,1.0356164383561643,0,0,2,1,0,1
T103701,CUST3010,2023-07-19 04:55:00,90.78,Entertainment,Credit Card,POS,Kolkata,0,47,144.38,1759,0,0,0.6287574456295886,53.599999999999994,0,0,4.8191780821917805,0,4,2,1,0,1
T103702,CUST1700,2023-12-19 02:22:00,30.57,Utilities,PayPal,Desktop,Bengaluru,1,178,366.38,1457,0,0,0.08343796058736831,335.81,0,0,3.9917808219178084,0,2,1,1,0,2
T103703,CUST6069,2023-02-08 03:10:00,150.77,Entertainment,UPI,POS,Chennai,0,8,169.33,1688,0,1,0.890391543140613,18.560000000000002,0,0,4.624657534246575,0,3,2,1,0,1
T103704,CUST4143,2023-10-17 12:59:00,235.24,Electronics,UPI,Mobile,Pune,0,183,37.6,604,0,0,6.256382978723404,197.64000000000001,1,0,1.6547945205479453,0,12,1,0,0,1
T103705,CUST5579,2023-08-17 08:57:00,172.93,Travel,PayPal,POS,Hyderabad,0,77,112.84,1057,0,0,1.532523927685218,60.09,0,0,2.8958904109589043,0,8,3,0,0,0
T103706,CUST9513,2023-01-21 00:10:00,107.48,Grocery,Credit Card,Desktop,Kolkata,0,170,210.25,1849,0,0,0.5112009512485137,102.77,0,0,5.065753424657534,0,0,5,1,1,1
T103707,CUST8803,2023-12-14 05:22:00,26.0,Travel,UPI,POS,Kolkata,0,67,373.2,357,0,0,0.06966773847802787,347.2,0,0,0.9780821917808219,0,5,3,0,0,0
T103708,CUST7819,2023-05-22 14:01:00,26.46,Electronics,Credit Card,Mobile,Kolkata,0,148,59.34,1815,0,0,0.4459049544994944,32.88,0,0,4.972602739726027,0,14,0,0,0,0
T103709,CUST4671,2024-01-04 09:51:00,264.53,Health,UPI,POS,Bengaluru,0,173,408.34,541,0,0,0.647817994808248,143.81,0,0,1.4821917808219178,0,9,3,0,0,0
T103710,CUST6110,2024-02-07 20:46:00,0.83,Entertainment,NetBanking,POS,Chennai,0,35,498.51,960,0,0,0.001664961585524864,497.68,0,0,2.6301369863013697,0,20,2,0,0,0
T103711,CUST6502,2023-07-24 22:27:00,100.72,Grocery,UPI,POS,Delhi,1,77,396.25,159,0,1,0.25418296529968454,295.53,0,0,0.43561643835616437,0,22,0,0,0,1
T103712,CUST3493,2023-10-05 12:00:00,98.0,Travel,NetBanking,POS,Kolkata,0,148,242.13,1990,0,0,0.4047412546978896,144.13,0,0,5.4520547945205475,0,12,3,0,0,0
T103713,CUST3578,2023-05-07 15:59:00,77.97,Utilities,Credit Card,Desktop,Delhi,0,24,288.4,1977,0,0,0.27035367545076283,210.42999999999998,0,0,5.416438356164384,0,15,6,0,1,0
T103714,CUST8238,2024-01-15 06:29:00,369.29,Health,UPI,Mobile,Hyderabad,0,185,13.02,616,0,0,28.363287250384026,356.27000000000004,1,0,1.6876712328767123,0,6,0,0,0,1
T103715,CUST4587,2023-02-24 09:41:00,29.9,Electronics,Debit Card,Mobile,Hyderabad,0,55,112.54,513,0,0,0.2656833125999644,82.64000000000001,0,0,1.4054794520547946,0,9,4,0,0,0
T103716,CUST1434,2023-06-20 05:02:00,33.24,Utilities,Debit Card,Mobile,Hyderabad,0,137,450.5,1894,0,0,0.07378468368479468,417.26,0,0,5.189041095890411,0,5,1,0,0,0
T103717,CUST9875,2023-10-07 21:48:00,6.58,Travel,PayPal,POS,Pune,0,94,20.65,387,0,0,0.3186440677966102,14.069999999999999,0,0,1.0602739726027397,0,21,5,0,1,0
T103718,CUST3610,2023-02-02 04:26:00,46.79,Utilities,Debit Card,Mobile,Hyderabad,0,144,453.35,414,0,1,0.10320944082938127,406.56,0,0,1.1342465753424658,0,4,3,1,0,1
T103719,CUST9700,2023-03-20 02:26:00,24.2,Entertainment,NetBanking,Desktop,Kolkata,0,183,65.49,283,0,0,0.3695220644373187,41.28999999999999,0,0,0.7753424657534247,0,2,0,1,0,1
T103720,CUST2608,2023-09-24 17:22:00,33.65,Food,Debit Card,POS,Bengaluru,0,58,75.21,1976,0,0,0.4474139077250366,41.559999999999995,0,0,5.413698630136986,0,17,6,0,1,0
T103721,CUST5008,2023-09-21 05:05:00,143.94,Utilities,Debit Card,POS,Bengaluru,0,64,95.92,864,0,0,1.500625521267723,48.019999999999996,0,0,2.367123287671233,0,5,3,0,0,0
T103722,CUST5253,2024-01-08 03:26:00,219.27,Health,Debit Card,Mobile,Chennai,0,76,401.7,1220,0,1,0.5458551157580285,182.42999999999998,0,0,3.3424657534246576,0,3,0,1,0,1
T103723,CUST8212,2023-02-18 10:05:00,16.44,Electronics,UPI,POS,Bengaluru,0,115,244.31,1766,0,0,0.06729155581024109,227.87,0,0,4.838356164383562,0,10,5,0,1,0
T103724,CUST7904,2023-03-01 10:37:00,37.28,Travel,PayPal,POS,Pune,1,49,81.15,1733,0,1,0.45939617991374,43.870000000000005,0,0,4.747945205479452,0,10,2,0,0,1
T103725,CUST3637,2024-02-18 02:46:00,211.19,Entertainment,Credit Card,Mobile,Delhi,0,29,346.53,825,0,0,0.6094421839378986,135.33999999999997,0,0,2.26027397260274,0,2,6,1,1,1
T103726,CUST6299,2023-09-21 00:45:00,5.1,Food,PayPal,Desktop,Chennai,0,118,470.94,498,0,0,0.010829405019747738,465.84,0,0,1.3643835616438356,0,0,3,1,0,1
T103727,CUST5544,2023-09-26 14:53:00,7.75,Food,NetBanking,Desktop,Bengaluru,0,82,290.5,1913,0,0,0.02667814113597246,282.75,0,0,5.241095890410959,0,14,1,0,0,0
T103728,CUST4902,2023-11-20 03:06:00,14.21,Electronics,UPI,Mobile,Hyderabad,0,7,58.36,522,0,0,0.24348869088416725,44.15,0,0,1.4301369863013698,0,3,0,1,0,1
T103729,CUST1885,2023-09-13 10:47:00,72.35,Fashion,UPI,Desktop,Bengaluru,0,77,36.83,949,0,0,1.9644311702416508,35.519999999999996,0,0,2.6,0,10,2,0,0,0
T103730,CUST9441,2023-04-25 07:45:00,13.05,Entertainment,Debit Card,Desktop,Mumbai,0,122,399.98,1391,0,0,0.032626631331566576,386.93,0,0,3.8109589041095893,0,7,1,0,0,0
T103731,CUST8211,2023-07-02 11:38:00,275.55,Entertainment,Debit Card,Desktop,Chennai,0,69,316.78,80,1,1,0.8698465812235622,41.22999999999996,0,0,0.2191780821917808,0,11,6,0,1,1
T103732,CUST3211,2023-11-20 11:39:00,47.35,Grocery,NetBanking,POS,Kolkata,0,90,462.1,1109,0,0,0.10246699848517636,414.75,0,0,3.0383561643835617,0,11,0,0,0,0
T103733,CUST9383,2023-10-11 21:03:00,55.7,Electronics,UPI,POS,Kolkata,0,2,278.15,102,0,0,0.2002516627718857,222.45,0,0,0.27945205479452057,1,21,2,0,0,0
T103734,CUST6861,2023-09-04 01:14:00,22.66,Food,Credit Card,POS,Pune,0,161,40.57,1847,0,1,0.5585407936899187,17.91,0,0,5.06027397260274,0,1,0,1,0,1
T103735,CUST4021,2024-02-07 12:59:00,50.94,Food,PayPal,Desktop,Bengaluru,0,176,207.81,629,0,0,0.2451277609354699,156.87,0,0,1.7232876712328766,0,12,2,0,0,0
T103736,CUST3834,2023-08-16 20:47:00,86.76,Utilities,UPI,POS,Bengaluru,0,37,332.42,81,0,0,0.2609951266470128,245.66000000000003,0,0,0.2219178082191781,0,20,2,0,0,0
T103737,CUST1191,2024-01-28 20:44:00,111.28,Electronics,Credit Card,Desktop,Pune,0,89,198.59,154,0,0,0.5603504708192759,87.31,0,0,0.42191780821917807,0,20,6,0,1,0
T103738,CUST6636,2024-02-10 04:36:00,112.15,Fashion,Credit Card,Mobile,Delhi,0,127,499.8,291,1,0,0.22438975590236096,387.65,0,0,0.7972602739726027,0,4,5,1,1,2
T103739,CUST4487,2023-07-18 01:02:00,69.0,Grocery,PayPal,Desktop,Hyderabad,0,103,208.64,984,0,1,0.3307131901840491,139.64,0,0,2.695890410958904,0,1,1,1,0,1
T103740,CUST1414,2023-11-04 10:20:00,187.77,Travel,Credit Card,POS,Hyderabad,0,30,277.66,1938,0,0,0.6762587337030901,89.89000000000001,0,0,5.30958904109589,0,10,5,0,1,0
T103741,CUST4132,2024-01-26 14:53:00,136.04,Electronics,NetBanking,Desktop,Delhi,0,41,120.44,1833,0,0,1.1295250747260046,15.599999999999994,0,0,5.021917808219178,0,14,4,0,0,0
T103742,CUST2446,2023-07-28 15:30:00,113.19,Grocery,Credit Card,POS,Delhi,0,4,84.55,1628,0,0,1.3387344766410407,28.64,0,0,4.46027397260274,1,15,4,0,0,0
T103743,CUST2897,2023-04-16 02:55:00,4.58,Entertainment,NetBanking,POS,Mumbai,0,83,326.2,1601,0,0,0.014040465971796444,321.62,0,0,4.3863013698630136,0,2,6,1,1,1
T103744,CUST1585,2023-06-15 15:22:00,0.55,Grocery,Credit Card,Mobile,Pune,0,111,298.42,1574,0,0,0.001843040010723142,297.87,0,0,4.3123287671232875,0,15,3,0,0,0
T103745,CUST7953,2023-06-12 19:24:00,19.11,Utilities,Debit Card,Mobile,Chennai,0,167,12.13,359,0,0,1.5754328112118712,6.979999999999999,0,0,0.9835616438356164,0,19,0,0,0,0
T103746,CUST4504,2023-11-05 18:09:00,87.14,Health,Credit Card,POS,Hyderabad,0,24,149.54,1376,0,0,0.5827203423833088,62.39999999999999,0,0,3.76986301369863,0,18,6,0,1,0
T103747,CUST3421,2023-01-14 02:50:00,42.37,Food,NetBanking,Desktop,Delhi,0,50,325.35,270,0,0,0.13022898417089288,282.98,0,0,0.7397260273972602,0,2,5,1,1,1
T103748,CUST5251,2023-12-13 17:38:00,41.19,Utilities,Credit Card,Mobile,Delhi,0,37,408.0,1338,0,0,0.10095588235294117,366.81,0,0,3.665753424657534,0,17,2,0,0,0
T103749,CUST3226,2023-01-07 08:36:00,172.74,Travel,Credit Card,Mobile,Pune,0,181,163.06,1892,0,0,1.0593646510486938,9.680000000000007,0,0,5.183561643835616,0,8,5,0,1,0
T103750,CUST2217,2023-02-06 23:46:00,180.73,Electronics,Credit Card,POS,Kolkata,0,25,327.24,1655,0,0,0.5522857841339689,146.51000000000002,0,0,4.534246575342466,0,23,0,0,0,0
T103751,CUST7692,2023-01-23 23:19:00,191.91,Utilities,NetBanking,Desktop,Chennai,0,93,139.98,1317,0,0,1.3709815687955422,51.93000000000001,0,0,3.6082191780821917,0,23,0,0,0,0
T103752,CUST5659,2023-10-19 15:33:00,30.14,Food,Credit Card,Mobile,Delhi,0,125,348.29,1352,1,0,0.08653708116799219,318.15000000000003,0,0,3.7041095890410958,0,15,3,0,0,1
T103753,CUST7154,2024-02-20 18:18:00,93.97,Health,PayPal,Mobile,Kolkata,0,31,351.99,1258,0,0,0.2669678115855564,258.02,0,0,3.4465753424657533,0,18,1,0,0,0
T103754,CUST4787,2023-03-17 18:51:00,25.36,Utilities,PayPal,Desktop,Mumbai,0,92,73.81,320,0,0,0.34358488009754773,48.45,0,0,0.8767123287671232,0,18,4,0,0,0
T103755,CUST7862,2024-01-14 17:22:00,16.92,Health,NetBanking,Mobile,Chennai,0,38,335.89,240,0,0,0.050373634225490495,318.96999999999997,0,0,0.6575342465753424,0,17,6,0,1,0
T103756,CUST4065,2023-08-05 22:33:00,16.33,Utilities,Debit Card,Desktop,Kolkata,0,127,173.45,1419,0,0,0.0941481695012972,157.12,0,0,3.8876712328767122,0,22,5,0,1,0
T103757,CUST9546,2023-04-02 06:17:00,33.5,Food,PayPal,POS,Mumbai,0,58,94.57,1843,0,0,0.35423495823199747,61.06999999999999,0,0,5.049315068493151,0,6,6,0,1,0
T103758,CUST4857,2023-03-28 05:29:00,44.96,Fashion,UPI,Mobile,Bengaluru,0,181,255.18,1517,0,0,0.17618935653264362,210.22,0,0,4.156164383561644,0,5,1,0,0,0
T103759,CUST8553,2023-07-18 11:26:00,142.2,Grocery,PayPal,POS,Hyderabad,0,114,231.63,748,0,0,0.6139101152700427,89.43,0,0,2.0493150684931507,0,11,1,0,0,0
T103760,CUST5814,2023-08-19 03:30:00,10.22,Electronics,UPI,Desktop,Delhi,0,50,389.2,351,0,0,0.026258992805755398,378.97999999999996,0,0,0.9616438356164384,0,3,5,1,1,1
T103761,CUST6851,2023-03-22 17:21:00,106.22,Electronics,NetBanking,POS,Kolkata,0,132,51.41,387,0,0,2.066134993191986,54.81,0,0,1.0602739726027397,0,17,2,0,0,0
T103762,CUST4150,2023-10-19 17:18:00,60.65,Electronics,Debit Card,POS,Chennai,0,92,396.98,946,0,0,0.152778477505164,336.33000000000004,0,0,2.591780821917808,0,17,3,0,0,0
T103763,CUST6465,2023-12-26 18:09:00,27.17,Food,UPI,POS,Mumbai,0,180,61.98,123,0,0,0.43836721523071964,34.809999999999995,0,0,0.336986301369863,0,18,1,0,0,0
T103764,CUST9390,2023-11-01 06:59:00,54.31,Entertainment,UPI,Desktop,Hyderabad,0,159,111.65,740,0,0,0.4864308105687416,57.34,0,0,2.0273972602739727,0,6,2,0,0,0
T103765,CUST2040,2023-06-09 20:34:00,28.53,Fashion,PayPal,Desktop,Hyderabad,0,78,262.78,1916,0,0,0.1085699063855697,234.24999999999997,0,0,5.249315068493151,0,20,4,0,0,0
T103766,CUST6940,2023-03-28 06:57:00,72.52,Travel,UPI,Desktop,Delhi,0,142,236.96,198,0,0,0.30604321404456447,164.44,0,0,0.5424657534246575,0,6,1,0,0,0
T103767,CUST3967,2023-10-23 11:59:00,45.51,Health,NetBanking,Desktop,Kolkata,1,129,494.54,1350,0,1,0.09202491203947101,449.03000000000003,0,0,3.6986301369863015,0,11,0,0,0,1
T103768,CUST3493,2023-11-27 14:54:00,14.37,Food,NetBanking,Desktop,Hyderabad,0,43,298.84,1998,0,0,0.048085932271449604,284.46999999999997,0,0,5.473972602739726,0,14,0,0,0,0
T103769,CUST4923,2023-04-12 05:23:00,9.92,Entertainment,NetBanking,Mobile,Delhi,0,118,170.44,1792,0,0,0.05820229992959399,160.52,0,0,4.909589041095891,0,5,2,0,0,0
T103770,CUST8255,2023-05-31 03:26:00,63.3,Travel,PayPal,Mobile,Kolkata,0,59,451.07,545,0,1,0.1403329860110404,387.77,0,0,1.4931506849315068,0,3,2,1,0,1
T103771,CUST4582,2023-12-13 17:47:00,186.16,Health,Debit Card,Mobile,Kolkata,0,61,162.99,127,0,0,1.1421559604883735,23.169999999999987,0,0,0.34794520547945207,0,17,2,0,0,0
T103772,CUST6709,2023-09-27 00:06:00,33.72,Health,PayPal,POS,Bengaluru,0,41,144.15,1758,0,0,0.2339229968782518,110.43,0,0,4.816438356164384,0,0,2,1,0,1
T103773,CUST6961,2023-06-10 15:31:00,105.64,Fashion,NetBanking,POS,Delhi,0,18,252.24,1831,0,0,0.41880748493498254,146.60000000000002,0,0,5.016438356164383,0,15,5,0,1,0
T103774,CUST3597,2023-07-26 09:47:00,85.99,Grocery,PayPal,Desktop,Pune,0,188,457.46,379,0,0,0.18797271892624492,371.46999999999997,0,0,1.0383561643835617,0,9,2,0,0,0
T103775,CUST6225,2023-08-14 18:07:00,214.54,Electronics,NetBanking,Desktop,Mumbai,0,197,357.17,765,0,0,0.6006663493574488,142.63000000000002,0,0,2.095890410958904,0,18,0,0,0,0
T103776,CUST4019,2024-02-11 20:00:00,137.62,Utilities,Credit Card,Mobile,Pune,0,79,341.97,608,0,0,0.4024329619557271,204.35000000000002,0,0,1.6657534246575343,0,20,6,0,1,0
T103777,CUST9882,2023-04-13 16:43:00,66.89,Travel,Credit Card,Desktop,Kolkata,0,187,365.78,1703,0,0,0.18286948438952377,298.89,0,0,4.6657534246575345,0,16,3,0,0,0
T103778,CUST2341,2023-12-12 09:51:00,85.61,Food,UPI,POS,Kolkata,0,170,333.22,870,0,0,0.2569173518996459,247.61,0,0,2.3835616438356166,0,9,1,0,0,0
T103779,CUST7470,2023-01-04 00:49:00,182.93,Travel,Debit Card,Desktop,Hyderabad,1,164,382.3,430,0,0,0.4784985613392624,199.37,0,0,1.178082191780822,0,0,2,1,0,2
T103780,CUST7873,2023-06-19 13:52:00,40.8,Grocery,Credit Card,Mobile,Hyderabad,0,168,104.45,780,0,0,0.39061752034466246,63.650000000000006,0,0,2.136986301369863,0,13,0,0,0,0
T103781,CUST3606,2023-03-22 11:39:00,31.66,Electronics,NetBanking,Desktop,Hyderabad,0,30,96.86,1504,0,0,0.3268635143506091,65.2,0,0,4.120547945205479,0,11,2,0,0,0
T103782,CUST9087,2023-01-25 00:43:00,0.87,Travel,PayPal,POS,Kolkata,0,102,187.46,1528,0,0,0.004640990077883282,186.59,0,0,4.186301369863013,0,0,2,1,0,1
T103783,CUST5106,2023-11-25 15:21:00,140.15,Grocery,PayPal,Mobile,Delhi,0,11,426.97,850,0,0,0.3282432020985081,286.82000000000005,0,0,2.328767123287671,0,15,5,0,1,0
T103784,CUST9284,2023-05-25 20:45:00,129.15,Food,UPI,Desktop,Chennai,0,124,360.08,1472,0,0,0.35867029548989116,230.92999999999998,0,0,4.032876712328767,0,20,3,0,0,0
T103785,CUST8221,2023-03-10 20:57:00,8.83,Fashion,PayPal,POS,Delhi,0,153,287.57,1057,0,0,0.030705567340125882,278.74,0,0,2.8958904109589043,0,20,4,0,0,0
T103786,CUST6745,2023-12-16 09:06:00,68.8,Entertainment,Credit Card,Mobile,Mumbai,0,173,19.53,1377,0,0,3.522785458269329,49.269999999999996,1,0,3.7726027397260276,0,9,5,0,1,1
T103787,CUST7685,2023-11-18 18:15:00,49.89,Health,PayPal,Mobile,Delhi,1,179,125.54,398,0,0,0.3974032180978174,75.65,0,0,1.0904109589041096,0,18,5,0,1,1
T103788,CUST7345,2023-05-15 11:11:00,10.11,Food,Credit Card,POS,Hyderabad,0,171,403.72,1917,0,0,0.025042108391954816,393.61,0,0,5.252054794520548,0,11,0,0,0,0
T103789,CUST2047,2023-11-11 18:10:00,315.27,Electronics,Credit Card,Desktop,Bengaluru,0,66,128.82,1667,0,0,2.4473684210526314,186.45,0,0,4.567123287671233,0,18,5,0,1,0
T103790,CUST8364,2023-07-28 00:07:00,19.33,Health,Debit Card,Desktop,Mumbai,0,99,367.84,1448,0,1,0.05255002174858634,348.51,0,0,3.967123287671233,0,0,4,1,0,1
T103791,CUST2114,2023-12-21 12:17:00,5.57,Entertainment,UPI,Desktop,Pune,1,175,100.47,585,0,1,0.055439434657111576,94.9,0,0,1.6027397260273972,0,12,3,0,0,1
T103792,CUST6843,2023-01-31 15:41:00,72.28,Food,NetBanking,Mobile,Bengaluru,0,24,307.12,1172,0,0,0.23534774680906487,234.84,0,0,3.210958904109589,0,15,1,0,0,0
T103793,CUST4873,2023-07-31 14:12:00,107.42,Utilities,Credit Card,Mobile,Mumbai,0,77,317.82,1753,0,0,0.33799005726511866,210.39999999999998,0,0,4.802739726027397,0,14,0,0,0,0
T103794,CUST4875,2023-07-19 10:30:00,2.64,Food,UPI,Desktop,Mumbai,0,165,378.46,1796,0,0,0.006975638112350051,375.82,0,0,4.920547945205479,0,10,2,0,0,0
T103795,CUST4979,2023-09-15 05:10:00,86.0,Food,NetBanking,Mobile,Kolkata,0,128,224.79,1034,0,0,0.3825792962320388,138.79,0,0,2.8328767123287673,0,5,4,0,0,0
T103796,CUST6398,2023-03-13 00:09:00,60.79,Utilities,PayPal,Mobile,Hyderabad,0,184,320.01,995,0,0,0.18996281366207307,259.21999999999997,0,0,2.7260273972602738,0,0,0,1,0,1
T103797,CUST9944,2023-07-19 23:26:00,8.72,Food,UPI,POS,Kolkata,0,94,248.62,1044,0,0,0.035073606306813616,239.9,0,0,2.8602739726027395,0,23,2,0,0,0
T103798,CUST1217,2023-10-16 05:11:00,15.15,Health,UPI,Desktop,Pune,0,87,474.2,1243,0,0,0.03194854491775622,459.05,0,0,3.4054794520547946,0,5,0,0,0,0
T103799,CUST7022,2023-10-09 16:10:00,67.14,Electronics,UPI,Desktop,Delhi,0,124,265.72,1675,0,0,0.25267198554869785,198.58000000000004,0,0,4.589041095890411,0,16,0,0,0,0
T103800,CUST8017,2023-05-21 13:34:00,28.12,Entertainment,PayPal,Desktop,Kolkata,0,46,112.7,1469,0,0,0.2495119787045253,84.58,0,0,4.024657534246575,0,13,6,0,1,0
T103801,CUST9254,2023-01-04 22:19:00,222.86,Grocery,PayPal,Mobile,Pune,0,156,337.27,843,1,1,0.6607762326919087,114.40999999999997,0,0,2.3095890410958906,0,22,2,0,0,1
T103802,CUST3395,2023-02-11 17:17:00,136.63,Travel,UPI,Mobile,Hyderabad,0,93,278.75,1844,0,0,0.490152466367713,142.12,0,0,5.052054794520548,0,17,5,0,1,0
T103803,CUST7668,2023-03-20 18:00:00,328.68,Utilities,Debit Card,Mobile,Hyderabad,0,180,403.88,135,0,0,0.8138060810141626,75.19999999999999,0,0,0.3698630136986301,0,18,0,0,0,0
T103804,CUST4913,2024-01-15 12:40:00,24.05,Fashion,Credit Card,Desktop,Kolkata,0,15,96.69,194,0,0,0.24873306443272314,72.64,0,0,0.5315068493150685,0,12,0,0,0,0
T103805,CUST7946,2024-02-01 08:12:00,279.79,Utilities,PayPal,Mobile,Hyderabad,0,173,137.86,667,0,0,2.0295227041926593,141.93,0,0,1.8273972602739725,0,8,3,0,0,0
T103806,CUST3645,2023-05-14 09:58:00,45.14,Entertainment,Debit Card,Desktop,Bengaluru,0,58,461.6,1399,0,0,0.097790294627383,416.46000000000004,0,0,3.8328767123287673,0,9,6,0,1,0
T103807,CUST1954,2023-07-18 12:33:00,34.16,Travel,PayPal,Mobile,Pune,0,195,465.71,1151,0,0,0.07335036825492258,431.54999999999995,0,0,3.1534246575342464,0,12,1,0,0,0
T103808,CUST7880,2024-02-13 05:06:00,4.13,Travel,UPI,Desktop,Pune,0,72,226.71,1053,0,1,0.018217105553350092,222.58,0,0,2.884931506849315,0,5,1,0,0,0
T103809,CUST1627,2024-01-15 23:57:00,4.34,Fashion,Debit Card,POS,Mumbai,0,98,33.4,1539,0,0,0.12994011976047903,29.06,0,0,4.2164383561643834,0,23,0,0,0,0
T103810,CUST1330,2023-05-31 01:47:00,94.22,Entertainment,NetBanking,Mobile,Chennai,0,73,160.21,360,0,0,0.588103114662006,65.99000000000001,0,0,0.9863013698630136,0,1,2,1,0,1
T103811,CUST9098,2023-05-25 02:45:00,48.99,Health,Credit Card,Desktop,Delhi,0,81,131.09,1423,0,0,0.37371271645434434,82.1,0,0,3.8986301369863012,0,2,3,1,0,1
T103812,CUST7392,2023-02-23 06:34:00,20.55,Electronics,Credit Card,POS,Hyderabad,0,169,213.19,1495,0,0,0.09639288897227825,192.64,0,0,4.095890410958904,0,6,3,0,0,0
T103813,CUST1070,2023-07-21 05:56:00,76.15,Fashion,PayPal,POS,Pune,0,65,165.72,1173,0,0,0.45951001689596915,89.57,0,0,3.213698630136986,0,5,4,0,0,0
T103814,CUST2240,2023-08-14 06:37:00,23.32,Electronics,Credit Card,Mobile,Pune,0,168,416.21,1906,0,0,0.05602940823142164,392.89,0,0,5.221917808219178,0,6,0,0,0,0
T103815,CUST5390,2023-05-01 21:15:00,68.95,Health,NetBanking,Desktop,Mumbai,1,5,11.49,328,0,0,6.000870322019147,57.46,1,0,0.8986301369863013,0,21,0,0,0,2
T103816,CUST4185,2023-11-04 14:53:00,35.6,Travel,Debit Card,Mobile,Delhi,0,28,325.87,885,0,0,0.10924601835087612,290.27,0,0,2.4246575342465753,0,14,5,0,1,0
T103817,CUST5165,2023-08-04 11:26:00,138.78,Electronics,Debit Card,POS,Chennai,0,38,335.49,1196,0,0,0.413663596530448,196.71,0,0,3.276712328767123,0,11,4,0,0,0
T103818,CUST3091,2023-03-06 00:55:00,137.49,Health,UPI,Mobile,Chennai,0,81,333.71,736,0,1,0.41200443498846306,196.21999999999997,0,0,2.0164383561643837,0,0,0,1,0,1
T103819,CUST3707,2023-10-04 16:41:00,51.91,Health,Debit Card,Desktop,Hyderabad,0,87,265.09,1695,1,1,0.19582028744954544,213.17999999999998,0,0,4.6438356164383565,0,16,2,0,0,1
T103820,CUST7983,2023-11-30 04:40:00,34.56,Grocery,PayPal,POS,Chennai,0,146,309.44,1954,0,0,0.11168562564632886,274.88,0,0,5.353424657534247,0,4,3,1,0,1
T103821,CUST8301,2023-04-24 07:51:00,36.02,Fashion,NetBanking,Mobile,Chennai,0,37,407.14,1994,0,0,0.08847079628628973,371.12,0,0,5.463013698630137,0,7,0,0,0,0
T103822,CUST7200,2023-10-24 23:13:00,131.07,Grocery,UPI,Mobile,Kolkata,0,155,394.26,1669,0,0,0.33244559427788767,263.19,0,0,4.572602739726028,0,23,1,0,0,0
T103823,CUST1072,2023-06-27 17:43:00,31.82,Utilities,PayPal,Mobile,Delhi,0,25,26.97,1146,0,0,1.1798294401186504,4.850000000000001,0,0,3.1397260273972605,0,17,1,0,0,0
T103824,CUST6832,2023-12-15 00:31:00,18.76,Travel,PayPal,Mobile,Delhi,0,197,24.91,1350,0,1,0.7531112003211562,6.149999999999999,0,0,3.6986301369863015,0,0,4,1,0,1
T103825,CUST8058,2023-02-13 05:13:00,7.08,Fashion,PayPal,Mobile,Kolkata,0,83,421.08,476,0,0,0.01681390709603876,414.0,0,0,1.3041095890410959,0,5,0,0,0,0
T103826,CUST8262,2023-07-05 05:05:00,50.29,Travel,Credit Card,POS,Hyderabad,0,27,291.62,509,1,1,0.1724504492147315,241.33,0,0,1.3945205479452054,0,5,2,0,0,1
T103827,CUST5324,2024-02-12 19:06:00,52.64,Grocery,PayPal,POS,Pune,0,77,479.14,763,0,0,0.10986350544725967,426.5,0,0,2.0904109589041098,0,19,0,0,0,0
T103828,CUST8535,2023-01-27 07:30:00,147.06,Entertainment,Credit Card,Desktop,Mumbai,0,182,221.48,1765,0,0,0.6639877189813979,74.41999999999999,0,0,4.835616438356165,0,7,4,0,0,0
T103829,CUST8146,2023-11-08 11:59:00,20.0,Health,Debit Card,Mobile,Hyderabad,0,135,96.6,1853,0,0,0.2070393374741201,76.6,0,0,5.076712328767123,0,11,2,0,0,0
T103830,CUST4541,2023-12-15 21:13:00,38.37,Travel,Credit Card,Desktop,Bengaluru,0,90,241.89,903,0,0,0.15862582165447103,203.51999999999998,0,0,2.473972602739726,0,21,4,0,0,0
T103831,CUST6856,2023-01-29 03:07:00,132.19,Fashion,PayPal,POS,Chennai,0,27,223.91,1311,0,0,0.5903711312580948,91.72,0,0,3.591780821917808,0,3,6,1,1,1
T103832,CUST8358,2023-10-01 05:37:00,138.81,Utilities,NetBanking,Mobile,Kolkata,0,122,263.42,551,0,0,0.5269531546579607,124.61000000000001,0,0,1.5095890410958903,0,5,6,0,1,0
T103833,CUST9065,2023-12-31 14:02:00,38.84,Fashion,NetBanking,Desktop,Mumbai,0,59,405.89,1736,0,0,0.09569095075020327,367.04999999999995,0,0,4.756164383561644,0,14,6,0,1,0
T103834,CUST3647,2024-01-03 00:03:00,49.17,Travel,Debit Card,Mobile,Pune,0,72,331.24,1428,0,0,0.1484422171235358,282.07,0,0,3.9123287671232876,0,0,2,1,0,1
T103835,CUST9694,2023-04-13 11:19:00,28.91,Fashion,PayPal,Mobile,Pune,0,159,100.78,1480,0,0,0.2868624727128398,71.87,0,0,4.054794520547945,0,11,3,0,0,0
T103836,CUST3775,2023-05-19 18:04:00,215.72,Utilities,Credit Card,Desktop,Delhi,0,91,369.89,1154,0,0,0.5832004109329801,154.17,0,0,3.1616438356164385,0,18,4,0,0,0
T103837,CUST4773,2024-01-06 12:02:00,10.1,Health,NetBanking,POS,Bengaluru,0,68,300.03,651,0,0,0.033663300336633006,289.92999999999995,0,0,1.7835616438356163,0,12,5,0,1,0
T103838,CUST3770,2023-09-18 13:57:00,217.14,Entertainment,UPI,Desktop,Pune,0,106,293.37,788,0,0,0.7401574803149605,76.23000000000002,0,0,2.158904109589041,0,13,0,0,0,0
T103839,CUST1168,2023-05-21 05:31:00,92.13,Health,PayPal,Desktop,Bengaluru,0,4,342.35,1888,0,0,0.2691105593690667,250.22000000000003,0,0,5.1726027397260275,1,5,6,0,1,0
T103840,CUST6698,2024-01-06 13:09:00,60.67,Fashion,PayPal,Desktop,Chennai,0,146,286.34,273,0,0,0.21188098065237132,225.66999999999996,0,0,0.7479452054794521,0,13,5,0,1,0
T103841,CUST9999,2023-12-27 16:28:00,2.66,Utilities,UPI,Mobile,Delhi,0,63,234.18,52,1,0,0.011358783841489454,231.52,0,0,0.14246575342465753,0,16,2,0,0,1
T103842,CUST2687,2024-01-03 22:14:00,51.64,Utilities,NetBanking,POS,Mumbai,0,87,323.79,1407,0,0,0.1594860866611075,272.15000000000003,0,0,3.8547945205479452,0,22,2,0,0,0
T103843,CUST5095,2024-02-18 13:00:00,41.91,Travel,UPI,POS,Delhi,0,180,364.63,495,0,0,0.11493843073800838,322.72,0,0,1.356164383561644,0,13,6,0,1,0
T103844,CUST3284,2023-02-21 15:05:00,14.06,Grocery,Debit Card,Mobile,Chennai,0,111,120.63,1278,0,0,0.1165547542070795,106.57,0,0,3.5013698630136987,0,15,1,0,0,0
T103845,CUST9838,2023-05-04 08:26:00,85.46,Fashion,Credit Card,POS,Kolkata,0,191,253.55,894,0,0,0.3370538355353973,168.09000000000003,0,0,2.4493150684931506,0,8,3,0,0,0
T103846,CUST5058,2023-08-12 16:09:00,283.65,Fashion,Credit Card,Desktop,Pune,0,173,234.5,1497,0,0,1.209594882729211,49.14999999999998,0,0,4.101369863013699,0,16,5,0,1,0
T103847,CUST3777,2023-06-24 09:01:00,66.08,Fashion,NetBanking,POS,Bengaluru,0,140,29.55,1827,0,0,2.2362098138747886,36.53,0,0,5.005479452054795,0,9,5,0,1,0
T103848,CUST3328,2023-10-07 02:21:00,100.35,Fashion,UPI,Mobile,Kolkata,0,136,418.87,298,0,0,0.2395731372502208,318.52,0,0,0.8164383561643835,0,2,5,1,1,1
T103849,CUST9903,2023-10-16 01:35:00,5.67,Travel,PayPal,POS,Chennai,0,22,194.92,562,0,0,0.029088856966960806,189.25,0,0,1.5397260273972602,0,1,0,1,0,1
T103850,CUST5770,2023-03-17 23:52:00,43.26,Grocery,PayPal,Mobile,Pune,0,91,45.62,343,0,0,0.9482683033757124,2.3599999999999994,0,0,0.9397260273972603,0,23,4,0,0,0
T103851,CUST8687,2023-08-07 03:02:00,9.9,Grocery,PayPal,Desktop,Hyderabad,0,169,234.37,149,0,0,0.0422409011392243,224.47,0,0,0.40821917808219177,0,3,0,1,0,1
T103852,CUST8997,2023-06-27 09:13:00,75.9,Electronics,Debit Card,Mobile,Bengaluru,0,116,89.13,1010,0,0,0.8515651295859981,13.22999999999999,0,0,2.767123287671233,0,9,1,0,0,0
T103853,CUST3741,2023-07-25 18:11:00,223.07,Fashion,Debit Card,POS,Chennai,0,41,355.16,1534,1,1,0.6280831174681832,132.09000000000003,0,0,4.2027397260273975,0,18,1,0,0,1
T103854,CUST5939,2023-04-19 23:07:00,86.72,Fashion,PayPal,Desktop,Mumbai,0,81,290.17,1977,0,0,0.29885928938208633,203.45000000000002,0,0,5.416438356164384,0,23,2,0,0,0
T103855,CUST1234,2023-06-01 14:43:00,6.39,Electronics,NetBanking,POS,Mumbai,0,123,142.36,1173,0,0,0.04488620398988479,135.97000000000003,0,0,3.213698630136986,0,14,3,0,0,0
T103856,CUST8272,2023-12-09 12:46:00,35.04,Grocery,Debit Card,Mobile,Pune,0,57,475.73,739,0,0,0.07365522460219032,440.69,0,0,2.0246575342465754,0,12,5,0,1,0
T103857,CUST5875,2023-12-24 08:54:00,64.0,Utilities,Debit Card,Desktop,Pune,0,160,152.96,165,0,0,0.41841004184100417,88.96000000000001,0,0,0.4520547945205479,0,8,6,0,1,0
T103858,CUST1037,2023-02-26 17:33:00,41.29,Utilities,Credit Card,Mobile,Mumbai,0,127,281.95,1130,0,0,0.14644440503635398,240.66,0,0,3.095890410958904,0,17,6,0,1,0
T103859,CUST7942,2023-11-21 04:41:00,143.49,Food,Credit Card,POS,Hyderabad,0,95,402.77,1407,0,0,0.3562579139459245,259.28,0,0,3.8547945205479452,0,4,1,1,0,1
T103860,CUST3610,2023-09-13 20:44:00,134.85,Health,NetBanking,Mobile,Delhi,0,55,261.81,1111,0,0,0.5150681792139338,126.96000000000001,0,0,3.043835616438356,0,20,2,0,0,0
T103861,CUST1265,2023-09-30 07:31:00,75.71,Food,Debit Card,POS,Mumbai,0,6,480.82,965,0,0,0.15746017220581507,405.11,0,0,2.643835616438356,0,7,5,0,1,0
T103862,CUST4822,2023-12-15 01:25:00,37.4,Grocery,Debit Card,POS,Pune,0,167,423.49,1139,0,0,0.0883137736428251,386.09000000000003,0,0,3.1205479452054794,0,1,4,1,0,1
T103863,CUST8319,2023-06-16 00:40:00,23.59,Entertainment,UPI,Desktop,Pune,0,9,461.3,30,0,0,0.05113808801213961,437.71000000000004,0,0,0.0821917808219178,0,0,4,1,0,1
T103864,CUST9163,2023-07-01 13:38:00,8.95,Fashion,NetBanking,Desktop,Hyderabad,0,32,192.62,106,0,0,0.04646454158446682,183.67000000000002,0,0,0.29041095890410956,0,13,5,0,1,0
T103865,CUST2231,2023-03-26 08:11:00,35.07,Food,NetBanking,Mobile,Mumbai,0,164,278.69,990,1,1,0.12583874555958233,243.62,0,0,2.712328767123288,0,8,6,0,1,1
T103866,CUST9466,2023-03-22 07:41:00,42.64,Travel,UPI,POS,Hyderabad,0,128,421.68,1575,0,0,0.1011193321950294,379.04,0,0,4.315068493150685,0,7,2,0,0,0
T103867,CUST9199,2023-10-26 23:17:00,90.12,Utilities,UPI,POS,Mumbai,0,16,452.72,1497,0,0,0.19906343877010071,362.6,0,0,4.101369863013699,0,23,3,0,0,0
T103868,CUST5340,2023-03-20 01:57:00,85.87,Travel,Credit Card,Desktop,Delhi,1,140,472.74,610,0,1,0.18164318652959344,386.87,0,0,1.6712328767123288,0,1,0,1,0,2
T103869,CUST7515,2024-01-17 01:22:00,5.81,Electronics,NetBanking,Desktop,Chennai,0,41,440.78,177,0,0,0.013181178819365669,434.96999999999997,0,0,0.4849315068493151,0,1,2,1,0,1
T103870,CUST9181,2023-09-19 12:02:00,40.24,Grocery,NetBanking,Desktop,Mumbai,0,195,368.07,603,0,0,0.10932703018447579,327.83,0,0,1.652054794520548,0,12,1,0,0,0
T103871,CUST7298,2023-04-27 02:04:00,16.05,Grocery,UPI,Desktop,Chennai,0,186,21.87,1578,0,0,0.7338820301783264,5.82,0,0,4.323287671232877,0,2,3,1,0,1
T103872,CUST1321,2023-03-12 01:45:00,13.65,Food,PayPal,Mobile,Mumbai,0,137,164.33,215,0,1,0.08306456520416235,150.68,0,0,0.589041095890411,0,1,6,1,1,1
T103873,CUST9294,2023-10-07 10:00:00,140.5,Fashion,PayPal,Mobile,Delhi,0,125,73.18,1730,0,0,1.9199234763596609,67.32,0,0,4.739726027397261,0,10,5,0,1,0
T103874,CUST8246,2023-10-20 05:09:00,3.43,Grocery,Credit Card,Mobile,Kolkata,1,17,85.83,551,0,1,0.0399627169987184,82.39999999999999,0,0,1.5095890410958903,0,5,4,0,0,1
T103875,CUST7282,2024-01-15 15:16:00,43.47,Food,PayPal,Mobile,Pune,0,110,152.54,1824,0,0,0.28497443293562347,109.07,0,0,4.997260273972603,0,15,0,0,0,0
T103876,CUST8410,2023-02-17 10:27:00,14.73,Food,PayPal,Desktop,Chennai,0,133,46.62,191,0,0,0.315958815958816,31.889999999999997,0,0,0.5232876712328767,0,10,4,0,0,0
T103877,CUST5942,2023-09-26 16:41:00,169.18,Health,PayPal,Mobile,Hyderabad,0,26,129.09,1343,0,0,1.3105585250600356,40.09,0,0,3.6794520547945204,0,16,1,0,0,0
T103878,CUST8957,2023-05-16 04:40:00,65.14,Health,Debit Card,Mobile,Mumbai,0,129,478.92,1979,0,0,0.13601436565605945,413.78000000000003,0,0,5.421917808219178,0,4,1,1,0,1
T103879,CUST2073,2023-04-19 01:44:00,21.05,Grocery,Credit Card,Mobile,Pune,0,1,162.85,1474,0,0,0.12926005526558182,141.79999999999998,0,0,4.038356164383561,1,1,2,1,0,1
T103880,CUST9183,2023-03-05 12:06:00,55.84,Food,UPI,Desktop,Mumbai,0,35,88.26,225,0,0,0.6326761840018128,32.42,0,0,0.6164383561643836,0,12,6,0,1,0
T103881,CUST8422,2023-12-04 12:41:00,105.19,Electronics,PayPal,POS,Hyderabad,0,9,361.97,63,0,0,0.2906041937177114,256.78000000000003,0,0,0.1726027397260274,0,12,0,0,0,0
T103882,CUST9373,2023-11-15 20:05:00,253.83,Electronics,Debit Card,Desktop,Delhi,0,87,415.97,1725,0,0,0.6102122749236724,162.14000000000001,0,0,4.726027397260274,0,20,2,0,0,0
T103883,CUST5679,2023-04-06 07:09:00,19.92,Health,PayPal,POS,Bengaluru,0,38,163.88,1650,0,0,0.12155235538198683,143.95999999999998,0,0,4.52054794520548,0,7,3,0,0,0
T103884,CUST5306,2024-01-19 08:59:00,173.85,Grocery,Debit Card,POS,Mumbai,0,4,146.46,1623,0,0,1.1870135190495696,27.389999999999986,0,0,4.446575342465754,1,8,4,0,0,0
T103885,CUST8300,2023-10-11 02:42:00,217.82,Utilities,Credit Card,Mobile,Kolkata,0,52,128.46,1926,1,0,1.6956250973065543,89.35999999999999,0,0,5.276712328767124,0,2,2,1,0,2
T103886,CUST5540,2023-11-21 09:15:00,198.56,Fashion,PayPal,Mobile,Hyderabad,0,147,202.7,437,0,0,0.9795757276763691,4.139999999999986,0,0,1.1972602739726028,0,9,1,0,0,0
T103887,CUST9606,2024-01-11 14:05:00,80.72,Entertainment,Debit Card,Mobile,Bengaluru,0,5,52.74,1830,0,0,1.5305271141448615,27.979999999999997,0,0,5.013698630136986,0,14,3,0,0,0
T103888,CUST3525,2023-07-19 06:12:00,79.5,Utilities,NetBanking,Desktop,Mumbai,0,106,337.87,1350,0,0,0.23529759966851155,258.37,0,0,3.6986301369863015,0,6,2,0,0,0
T103889,CUST7597,2023-09-17 18:09:00,41.3,Electronics,NetBanking,Desktop,Chennai,0,48,412.89,1973,1,0,0.10002664147835985,371.59,0,0,5.405479452054794,0,18,6,0,1,1
T103890,CUST3242,2023-07-02 07:43:00,111.67,Electronics,Debit Card,Mobile,Pune,0,87,335.2,566,0,0,0.3331443914081146,223.52999999999997,0,0,1.5506849315068494,0,7,6,0,1,0
T103891,CUST2550,2023-03-14 04:06:00,60.62,Utilities,PayPal,Desktop,Pune,1,191,216.39,65,0,1,0.2801423355977633,155.76999999999998,0,0,0.1780821917808219,0,4,1,1,0,2
T103892,CUST3883,2023-06-21 12:40:00,90.52,Health,PayPal,Desktop,Hyderabad,1,38,151.59,1317,0,0,0.5971370143149284,61.07000000000001,0,0,3.6082191780821917,0,12,2,0,0,1
T103893,CUST3039,2023-11-26 02:45:00,44.75,Health,Credit Card,POS,Chennai,0,52,210.63,1435,0,0,0.2124578645017329,165.88,0,0,3.9315068493150687,0,2,6,1,1,1
T103894,CUST9628,2024-01-29 05:55:00,105.19,Grocery,Credit Card,Desktop,Delhi,1,87,217.68,143,0,0,0.4832322675486953,112.49000000000001,0,0,0.3917808219178082,0,5,0,0,0,1
T103895,CUST8965,2023-12-10 02:58:00,139.2,Health,UPI,POS,Bengaluru,0,46,336.35,1670,0,0,0.4138546157276646,197.15000000000003,0,0,4.575342465753424,0,2,6,1,1,1
T103896,CUST2862,2023-01-01 11:51:00,12.67,Travel,Credit Card,Mobile,Hyderabad,0,93,464.75,634,0,0,0.027261968800430338,452.08,0,0,1.736986301369863,0,11,6,0,1,0
T103897,CUST6679,2023-05-31 23:51:00,143.15,Entertainment,PayPal,Desktop,Kolkata,0,137,44.59,1654,0,0,3.2103610675039245,98.56,1,0,4.531506849315068,0,23,2,0,0,1
T103898,CUST2282,2023-06-19 02:12:00,62.17,Utilities,UPI,POS,Mumbai,0,50,477.14,472,0,0,0.13029718740830784,414.96999999999997,0,0,1.2931506849315069,0,2,0,1,0,1
T103899,CUST9843,2023-04-11 21:06:00,148.97,Utilities,Credit Card,Desktop,Pune,0,66,456.0,1216,0,0,0.32668859649122806,307.03,0,0,3.3315068493150686,0,21,1,0,0,0
T103900,CUST3625,2023-10-04 22:48:00,45.15,Food,Debit Card,POS,Mumbai,0,38,67.69,67,0,0,0.6670113753877973,22.54,0,0,0.18356164383561643,0,22,2,0,0,0
T103901,CUST9765,2023-05-24 00:21:00,38.12,Electronics,NetBanking,POS,Bengaluru,0,155,99.96,121,0,0,0.3813525410164066,61.839999999999996,0,0,0.3315068493150685,0,0,2,1,0,1
T103902,CUST9645,2023-03-25 00:27:00,197.27,Utilities,Credit Card,Desktop,Chennai,0,105,162.68,660,0,0,1.212626014261126,34.59,0,0,1.8082191780821917,0,0,5,1,1,1
T103903,CUST4989,2024-02-17 11:36:00,23.14,Travel,Credit Card,Mobile,Chennai,0,148,284.24,1776,0,0,0.08141007599211933,261.1,0,0,4.865753424657535,0,11,5,0,1,0
T103904,CUST8947,2023-05-12 09:54:00,148.74,Utilities,Debit Card,POS,Hyderabad,0,190,75.89,701,0,0,1.959942021346686,72.85000000000001,0,0,1.9205479452054794,0,9,4,0,0,0
T103905,CUST2424,2023-08-21 12:13:00,52.94,Fashion,PayPal,Mobile,Hyderabad,0,16,108.16,130,0,0,0.48946005917159763,55.22,0,0,0.3561643835616438,0,12,0,0,0,0
T103906,CUST4944,2023-12-13 02:09:00,57.74,Travel,Debit Card,Desktop,Chennai,0,79,452.31,1934,0,1,0.12765581127987444,394.57,0,0,5.298630136986302,0,2,2,1,0,1
T103907,CUST7991,2023-07-18 08:23:00,29.51,Grocery,Credit Card,Desktop,Hyderabad,0,13,63.56,536,0,0,0.4642857142857143,34.05,0,0,1.4684931506849315,0,8,1,0,0,0
T103908,CUST7916,2023-01-29 12:01:00,68.09,Fashion,PayPal,Mobile,Chennai,0,114,205.45,208,0,0,0.331418836699927,137.35999999999999,0,0,0.5698630136986301,0,12,6,0,1,0
T103909,CUST3657,2023-06-26 18:56:00,31.47,Fashion,UPI,Desktop,Bengaluru,0,102,383.87,313,0,0,0.08198087894339229,352.4,0,0,0.8575342465753425,0,18,0,0,0,0
T103910,CUST3066,2023-06-15 14:12:00,3.2,Utilities,Credit Card,POS,Hyderabad,0,148,445.41,384,0,0,0.0071843919085786126,442.21000000000004,0,0,1.0520547945205478,0,14,3,0,0,0
T103911,CUST8941,2023-04-02 21:01:00,25.4,Health,Debit Card,Mobile,Chennai,0,152,174.66,1957,0,0,0.145425397915951,149.26,0,0,5.361643835616438,0,21,6,0,1,0
T103912,CUST1186,2023-09-21 20:44:00,0.51,Utilities,UPI,Desktop,Hyderabad,0,178,90.57,1350,0,0,0.005631003643590593,90.05999999999999,0,0,3.6986301369863015,0,20,3,0,0,0
T103913,CUST1765,2023-07-04 13:47:00,306.64,Travel,NetBanking,Desktop,Mumbai,0,135,371.14,1939,0,0,0.8262111332650751,64.5,0,0,5.3123287671232875,0,13,1,0,0,0
T103914,CUST4968,2023-07-02 09:32:00,269.92,Grocery,UPI,Mobile,Pune,0,87,388.55,1588,0,0,0.6946853686784198,118.63,0,0,4.35068493150685,0,9,6,0,1,0
T103915,CUST5294,2023-03-11 18:38:00,40.22,Electronics,Debit Card,POS,Mumbai,0,88,490.22,517,0,0,0.08204479621394475,450.0,0,0,1.4164383561643836,0,18,5,0,1,0
T103916,CUST1686,2023-01-12 20:17:00,104.27,Entertainment,UPI,Mobile,Delhi,0,29,78.38,1035,0,0,1.330313855575402,25.89,0,0,2.835616438356164,0,20,3,0,0,0
T103917,CUST2449,2023-02-06 17:54:00,33.95,Health,Debit Card,Desktop,Chennai,0,133,357.62,308,0,0,0.09493316928583413,323.67,0,0,0.8438356164383561,0,17,0,0,0,0
T103918,CUST1930,2023-12-25 23:20:00,88.96,Travel,Credit Card,Desktop,Delhi,0,107,214.47,573,0,0,0.4147899473119783,125.51,0,0,1.5698630136986302,0,23,0,0,0,0
T103919,CUST4508,2023-01-04 06:38:00,130.96,Electronics,PayPal,Mobile,Chennai,0,163,458.17,679,0,0,0.2858327694960386,327.21000000000004,0,0,1.8602739726027397,0,6,2,0,0,0
T103920,CUST8618,2023-08-19 01:18:00,234.63,Travel,NetBanking,POS,Pune,0,65,209.84,1646,0,0,1.1181376286694624,24.789999999999992,0,0,4.50958904109589,0,1,5,1,1,1
T103921,CUST9764,2023-06-13 01:14:00,40.89,Health,PayPal,POS,Hyderabad,0,100,228.52,960,0,0,0.17893401015228425,187.63,0,0,2.6301369863013697,0,1,1,1,0,1
T103922,CUST4691,2024-02-11 13:25:00,122.34,Electronics,PayPal,POS,Chennai,0,115,72.13,384,0,0,1.6961042562040762,50.21000000000001,0,0,1.0520547945205478,0,13,6,0,1,0
T103923,CUST6029,2023-01-26 22:29:00,24.73,Health,PayPal,Mobile,Mumbai,0,198,167.26,1372,0,0,0.14785364103790508,142.53,0,0,3.758904109589041,0,22,3,0,0,0
T103924,CUST4781,2024-01-18 08:13:00,371.12,Travel,Debit Card,POS,Hyderabad,0,87,206.41,224,0,0,1.7979749043166513,164.71,0,0,0.6136986301369863,0,8,3,0,0,0
T103925,CUST4094,2023-04-24 13:09:00,2.09,Fashion,Debit Card,POS,Pune,0,74,18.58,833,0,0,0.11248654467168999,16.49,0,0,2.282191780821918,0,13,0,0,0,0
T103926,CUST7370,2023-05-17 19:45:00,74.01,Entertainment,NetBanking,POS,Mumbai,0,135,224.41,122,0,0,0.3297981373379083,150.39999999999998,0,0,0.33424657534246577,0,19,2,0,0,0
T103927,CUST4686,2023-01-31 19:41:00,86.19,Food,Debit Card,POS,Hyderabad,0,172,174.8,462,1,1,0.4930778032036613,88.61000000000001,0,0,1.2657534246575342,0,19,1,0,0,1
T103928,CUST8701,2023-04-23 11:06:00,93.19,Entertainment,Debit Card,Desktop,Chennai,0,13,403.88,587,0,0,0.2307368525304546,310.69,0,0,1.6082191780821917,0,11,6,0,1,0
T103929,CUST9819,2023-01-29 00:18:00,10.26,Fashion,Debit Card,Mobile,Chennai,0,94,62.49,1080,0,1,0.1641862698031685,52.230000000000004,0,0,2.958904109589041,0,0,6,1,1,1
T103930,CUST8604,2024-01-01 09:55:00,223.14,Health,Debit Card,Mobile,Mumbai,0,78,382.5,1468,0,0,0.5833725490196078,159.36,0,0,4.021917808219178,0,9,0,0,0,0
T103931,CUST4458,2023-01-06 07:44:00,15.99,Entertainment,Credit Card,POS,Bengaluru,0,124,359.87,191,0,0,0.044432711812598995,343.88,0,0,0.5232876712328767,0,7,4,0,0,0
T103932,CUST4786,2024-01-29 20:29:00,77.99,Health,NetBanking,Mobile,Chennai,0,125,128.47,1897,0,0,0.6070677979294776,50.480000000000004,0,0,5.197260273972603,0,20,0,0,0,0
T103933,CUST5686,2023-11-05 20:34:00,20.15,Health,Debit Card,Mobile,Bengaluru,0,38,50.8,130,0,0,0.39665354330708663,30.65,0,0,0.3561643835616438,0,20,6,0,1,0
T103934,CUST7707,2023-01-24 15:52:00,29.36,Electronics,NetBanking,Desktop,Hyderabad,1,13,422.5,728,0,0,0.06949112426035503,393.14,0,0,1.9945205479452055,0,15,1,0,0,1
T103935,CUST5146,2023-08-16 02:58:00,63.25,Grocery,UPI,Mobile,Bengaluru,0,54,132.22,1526,0,0,0.478369384359401,68.97,0,0,4.1808219178082195,0,2,2,1,0,1
T103936,CUST7957,2023-08-12 20:18:00,43.19,Health,Credit Card,Desktop,Mumbai,0,106,81.32,1759,0,0,0.5311116576487949,38.129999999999995,0,0,4.8191780821917805,0,20,5,0,1,0
T103937,CUST3971,2023-08-13 18:07:00,13.97,Entertainment,Debit Card,Mobile,Delhi,0,44,185.93,187,0,0,0.07513580379712795,171.96,0,0,0.5123287671232877,0,18,6,0,1,0
T103938,CUST6961,2023-03-06 16:25:00,15.0,Entertainment,Credit Card,Desktop,Delhi,0,141,206.43,521,0,0,0.07266385699752943,191.43,0,0,1.4273972602739726,0,16,0,0,0,0
T103939,CUST9348,2023-02-17 21:55:00,43.32,Entertainment,Credit Card,Desktop,Mumbai,1,153,169.78,948,0,0,0.2551537283543409,126.46000000000001,0,0,2.5972602739726027,0,21,4,0,0,1
T103940,CUST4087,2023-07-16 03:15:00,113.27,Fashion,UPI,Mobile,Kolkata,0,24,488.48,1062,0,0,0.23188257451686864,375.21000000000004,0,0,2.9095890410958902,0,3,6,1,1,1
T103941,CUST4544,2023-12-24 03:05:00,182.59,Food,NetBanking,Desktop,Delhi,0,124,441.6,1265,0,1,0.41347373188405795,259.01,0,0,3.4657534246575343,0,3,6,1,1,1
T103942,CUST6392,2023-10-10 23:26:00,7.03,Health,Credit Card,Desktop,Mumbai,1,29,437.76,1492,0,0,0.01605902777777778,430.73,0,0,4.087671232876712,0,23,1,0,0,1
T103943,CUST2064,2023-09-21 20:18:00,39.95,Utilities,PayPal,Mobile,Chennai,0,198,205.4,1950,0,0,0.1944985394352483,165.45,0,0,5.342465753424658,0,20,3,0,0,0
T103944,CUST8053,2023-07-11 19:14:00,8.45,Health,UPI,Desktop,Bengaluru,0,146,481.81,853,0,0,0.01753803366472261,473.36,0,0,2.336986301369863,0,19,1,0,0,0
T103945,CUST8196,2024-02-19 12:22:00,1.34,Health,PayPal,Desktop,Delhi,0,92,345.17,708,0,0,0.003882145029985225,343.83000000000004,0,0,1.9397260273972603,0,12,0,0,0,0
T103946,CUST2248,2023-10-29 19:47:00,86.71,Utilities,UPI,Desktop,Chennai,0,5,417.68,1908,0,0,0.20759911894273125,330.97,0,0,5.227397260273973,0,19,6,0,1,0
T103947,CUST7752,2023-03-29 00:11:00,73.79,Electronics,PayPal,Desktop,Delhi,0,146,255.43,815,0,1,0.2888854089182947,181.64,0,0,2.232876712328767,0,0,2,1,0,1
T103948,CUST5338,2023-06-02 01:47:00,14.24,Health,PayPal,Desktop,Hyderabad,0,191,88.7,1863,0,0,0.16054114994363022,74.46000000000001,0,0,5.104109589041096,0,1,4,1,0,1
T103949,CUST8412,2023-10-16 11:12:00,21.31,Fashion,Credit Card,POS,Mumbai,0,125,444.57,1021,1,1,0.04793395865667949,423.26,0,0,2.797260273972603,0,11,0,0,0,1
T103950,CUST2200,2023-04-12 14:01:00,1.92,Travel,Credit Card,Desktop,Mumbai,0,165,248.35,140,0,0,0.0077310247634386955,246.43,0,0,0.3835616438356164,0,14,2,0,0,0
T103951,CUST7847,2023-11-24 10:39:00,144.12,Grocery,UPI,Desktop,Chennai,0,71,484.59,870,0,0,0.2974060546028602,340.46999999999997,0,0,2.3835616438356166,0,10,4,0,0,0
T103952,CUST2610,2023-11-10 08:20:00,294.13,Entertainment,NetBanking,Desktop,Kolkata,1,183,134.88,232,0,0,2.180679122182681,159.25,0,0,0.6356164383561644,0,8,4,0,0,1
T103953,CUST4589,2024-01-16 15:12:00,11.64,Health,Credit Card,Desktop,Hyderabad,0,99,496.27,1813,0,0,0.023454974106837004,484.63,0,0,4.967123287671233,0,15,1,0,0,0
T103954,CUST5420,2023-10-22 22:31:00,21.06,Electronics,Credit Card,Mobile,Bengaluru,0,12,118.99,1118,0,0,0.17698966299689048,97.92999999999999,0,0,3.063013698630137,0,22,6,0,1,0
T103955,CUST9619,2023-06-18 22:40:00,162.24,Fashion,Debit Card,POS,Hyderabad,0,52,190.4,1768,0,0,0.8521008403361344,28.159999999999997,0,0,4.843835616438356,0,22,6,0,1,0
T103956,CUST7893,2024-01-28 05:25:00,208.8,Health,Credit Card,Mobile,Kolkata,0,185,301.07,1214,0,0,0.6935264224266783,92.26999999999998,0,0,3.326027397260274,0,5,6,0,1,0
T103957,CUST2702,2023-01-06 19:00:00,43.53,Utilities,NetBanking,POS,Hyderabad,0,46,349.73,443,0,0,0.12446744631572927,306.20000000000005,0,0,1.2136986301369863,0,19,4,0,0,0
T103958,CUST2240,2023-09-28 18:24:00,4.16,Electronics,Debit Card,Desktop,Pune,0,104,362.94,1698,0,0,0.011461949633548246,358.78,0,0,4.652054794520548,0,18,3,0,0,0
T103959,CUST7454,2024-02-11 00:56:00,3.22,Travel,PayPal,Desktop,Bengaluru,0,44,243.36,719,0,0,0.013231426692965155,240.14000000000001,0,0,1.9698630136986301,0,0,6,1,1,1
T103960,CUST7729,2023-11-10 13:57:00,68.26,Food,PayPal,POS,Bengaluru,1,152,47.65,1758,0,0,1.432528856243442,20.610000000000007,0,0,4.816438356164384,0,13,4,0,0,1
T103961,CUST3023,2023-11-24 13:06:00,39.92,Health,Debit Card,POS,Hyderabad,0,9,253.06,295,0,0,0.15774915039911483,213.14,0,0,0.8082191780821918,0,13,4,0,0,0
T103962,CUST1888,2023-09-23 02:42:00,2.33,Fashion,Debit Card,Mobile,Delhi,0,140,174.0,601,0,0,0.01339080459770115,171.67,0,0,1.6465753424657534,0,2,5,1,1,1
T103963,CUST5941,2023-04-21 09:12:00,70.02,Electronics,Debit Card,POS,Pune,0,100,332.25,234,0,0,0.21074492099322797,262.23,0,0,0.6410958904109589,0,9,4,0,0,0
T103964,CUST8276,2023-06-02 22:58:00,0.91,Utilities,UPI,Desktop,Delhi,0,137,99.32,1720,0,0,0.009162303664921467,98.41,0,0,4.712328767123288,0,22,4,0,0,0
T103965,CUST7297,2023-08-20 17:48:00,123.86,Electronics,NetBanking,Mobile,Hyderabad,0,103,203.02,613,0,0,0.6100876760910254,79.16000000000001,0,0,1.6794520547945206,0,17,6,0,1,0
T103966,CUST3947,2023-11-20 07:17:00,29.27,Health,NetBanking,POS,Delhi,0,110,483.4,1209,0,0,0.06055026892842367,454.13,0,0,3.3123287671232875,0,7,0,0,0,0
T103967,CUST2990,2023-08-18 17:29:00,3.29,Electronics,PayPal,POS,Bengaluru,0,116,53.55,202,0,0,0.06143790849673203,50.26,0,0,0.5534246575342465,0,17,4,0,0,0
T103968,CUST1349,2023-01-31 11:52:00,71.01,Food,PayPal,Mobile,Bengaluru,0,22,305.14,337,0,0,0.23271285311660225,234.13,0,0,0.9232876712328767,0,11,1,0,0,0
T103969,CUST7442,2023-12-16 15:19:00,40.56,Electronics,PayPal,POS,Delhi,0,145,54.42,479,0,0,0.7453142227122381,13.86,0,0,1.3123287671232877,0,15,5,0,1,0
T103970,CUST4089,2023-05-12 08:17:00,291.36,Entertainment,Credit Card,Desktop,Bengaluru,0,161,86.93,91,0,0,3.3516622569883814,204.43,1,0,0.2493150684931507,0,8,4,0,0,1
T103971,CUST3277,2024-01-15 22:34:00,62.86,Grocery,PayPal,Mobile,Mumbai,0,175,306.42,1426,0,0,0.2051432674107434,243.56,0,0,3.9068493150684933,0,22,0,0,0,0
T103972,CUST8160,2023-11-06 17:32:00,25.75,Entertainment,Debit Card,POS,Bengaluru,0,88,227.56,1513,0,0,0.11315696959043768,201.81,0,0,4.145205479452055,0,17,0,0,0,0
T103973,CUST5776,2024-01-01 08:00:00,98.88,Grocery,PayPal,Desktop,Hyderabad,0,143,278.76,504,0,0,0.3547137322427895,179.88,0,0,1.3808219178082193,0,8,0,0,0,0
T103974,CUST5822,2023-02-02 12:15:00,25.34,Electronics,Debit Card,POS,Chennai,0,33,441.14,1434,0,0,0.05744208187876865,415.8,0,0,3.9287671232876713,0,12,3,0,0,0
T103975,CUST9147,2023-05-08 15:45:00,187.68,Utilities,UPI,Mobile,Delhi,0,15,410.45,1770,0,0,0.45725423315872826,222.76999999999998,0,0,4.8493150684931505,0,15,0,0,0,0
T103976,CUST8867,2023-08-01 11:07:00,37.56,Utilities,Credit Card,POS,Pune,0,27,445.11,1625,0,0,0.08438363550583002,407.55,0,0,4.4520547945205475,0,11,1,0,0,0
T103977,CUST6491,2023-08-23 07:29:00,63.86,Health,Credit Card,POS,Kolkata,0,189,311.96,115,0,0,0.20470573150403898,248.09999999999997,0,0,0.3150684931506849,0,7,2,0,0,0
T103978,CUST1829,2023-10-05 02:19:00,4.15,Utilities,NetBanking,POS,Delhi,0,196,249.93,1989,0,0,0.016604649301804508,245.78,0,0,5.449315068493151,0,2,3,1,0,1
T103979,CUST9307,2023-04-26 23:01:00,44.43,Grocery,UPI,Desktop,Kolkata,0,112,235.01,1196,0,0,0.18905578486021873,190.57999999999998,0,0,3.276712328767123,0,23,2,0,0,0
T103980,CUST2158,2023-01-22 07:19:00,142.88,Fashion,Debit Card,Desktop,Kolkata,0,82,372.51,1916,0,0,0.3835601728812649,229.63,0,0,5.249315068493151,0,7,6,0,1,0
T103981,CUST2072,2023-06-16 21:43:00,131.05,Grocery,UPI,POS,Bengaluru,1,48,265.44,1060,0,1,0.49370855937311636,134.39,0,0,2.904109589041096,0,21,4,0,0,1
T103982,CUST9104,2023-11-21 06:08:00,20.32,Entertainment,Credit Card,POS,Bengaluru,0,8,61.83,324,0,0,0.32864305353388323,41.51,0,0,0.8876712328767123,0,6,1,0,0,0
T103983,CUST9127,2023-05-29 05:57:00,20.5,Electronics,Debit Card,Mobile,Chennai,0,134,79.55,1744,0,0,0.25769956002514144,59.05,0,0,4.778082191780822,0,5,0,0,0,0
T103984,CUST4115,2023-09-24 17:54:00,136.0,Health,UPI,POS,Chennai,1,191,184.97,768,0,0,0.7352543655727956,48.97,0,0,2.1041095890410957,0,17,6,0,1,1
T103985,CUST8538,2023-11-03 17:38:00,213.2,Travel,Credit Card,Mobile,Pune,0,118,43.23,1572,0,0,4.93176035160768,169.97,1,0,4.306849315068493,0,17,4,0,0,1
T103986,CUST3930,2023-09-15 01:03:00,8.02,Health,Debit Card,Desktop,Hyderabad,0,84,127.22,1705,0,0,0.06304040245244458,119.2,0,0,4.671232876712328,0,1,4,1,0,1
T103987,CUST2037,2024-01-20 00:45:00,47.84,Health,Debit Card,POS,Mumbai,0,2,331.64,555,0,1,0.1442528042455675,283.79999999999995,0,0,1.5205479452054795,1,0,5,1,1,1
T103988,CUST9139,2023-04-20 12:29:00,32.93,Health,Credit Card,Mobile,Hyderabad,0,150,16.09,63,0,0,2.0466128029832196,16.84,0,0,0.1726027397260274,0,12,3,0,0,0
T103989,CUST9053,2023-06-23 12:39:00,163.64,Fashion,Debit Card,Desktop,Pune,1,118,306.01,1943,0,0,0.5347537662167903,142.37,0,0,5.323287671232877,0,12,4,0,0,1
T103990,CUST8778,2023-06-13 14:37:00,6.98,Food,Credit Card,Mobile,Delhi,0,21,388.45,1988,0,0,0.017968850559917624,381.46999999999997,0,0,5.446575342465754,0,14,1,0,0,0
T103991,CUST9277,2023-01-31 21:32:00,18.97,Entertainment,PayPal,Desktop,Bengaluru,0,134,93.38,781,0,0,0.20314842578710646,74.41,0,0,2.1397260273972605,0,21,1,0,0,0
T103992,CUST6908,2023-09-12 22:41:00,111.7,Electronics,PayPal,POS,Hyderabad,0,123,98.67,1382,0,0,1.1320563494476539,13.030000000000001,0,0,3.786301369863014,0,22,1,0,0,0
T103993,CUST4020,2023-03-09 01:57:00,4.21,Food,Debit Card,Mobile,Kolkata,0,96,24.14,1885,0,1,0.1743993371996686,19.93,0,0,5.164383561643835,0,1,3,1,0,1
T103994,CUST2761,2023-03-21 14:16:00,54.27,Travel,Debit Card,POS,Bengaluru,0,198,261.1,1662,0,0,0.2078513979318269,206.83,0,0,4.553424657534246,0,14,1,0,0,0
T103995,CUST7204,2023-04-18 16:38:00,46.69,Food,Credit Card,Mobile,Bengaluru,1,13,330.75,809,0,0,0.14116402116402116,284.06,0,0,2.2164383561643834,0,16,1,0,0,1
T103996,CUST3865,2023-08-11 12:27:00,32.57,Electronics,Debit Card,Desktop,Hyderabad,0,1,233.89,667,0,0,0.13925349523280176,201.32,0,0,1.8273972602739725,1,12,4,0,0,0
T103997,CUST3351,2023-10-02 13:08:00,40.15,Entertainment,NetBanking,Mobile,Hyderabad,0,150,200.83,1087,0,0,0.19992033062789422,160.68,0,0,2.978082191780822,0,13,0,0,0,0
T103998,CUST8759,2023-03-06 08:31:00,60.39,Entertainment,PayPal,Mobile,Kolkata,0,117,232.66,824,0,0,0.2595633112696639,172.26999999999998,0,0,2.2575342465753425,0,8,0,0,0,0
T103999,CUST9728,2024-01-10 09:50:00,14.08,Electronics,Debit Card,POS,Kolkata,0,152,392.95,435,0,0,0.0358315307291004,378.87,0,0,1.1917808219178083,0,9,2,0,0,0
T104000,CUST4944,2023-07-16 20:29:00,67.89,Travel,Debit Card,POS,Chennai,0,64,26.42,1071,0,0,2.5696442089326266,41.47,0,0,2.9342465753424656,0,20,6,0,1,0
T104001,CUST4335,2024-01-17 02:53:00,130.96,Electronics,UPI,POS,Pune,0,169,394.07,1483,0,0,0.3323267439794961,263.11,0,0,4.063013698630137,0,2,2,1,0,1
T104002,CUST7062,2024-01-08 23:05:00,114.22,Travel,Debit Card,Desktop,Pune,0,150,336.51,457,0,0,0.3394252771091498,222.29,0,0,1.252054794520548,0,23,0,0,0,0
T104003,CUST8372,2023-02-19 03:33:00,13.37,Travel,NetBanking,POS,Kolkata,0,61,128.3,943,0,0,0.10420888542478564,114.93,0,0,2.5835616438356164,0,3,6,1,1,1
T104004,CUST8554,2023-02-17 16:06:00,12.93,Electronics,PayPal,Mobile,Mumbai,0,108,267.12,322,0,0,0.048405211141060195,254.19,0,0,0.8821917808219178,0,16,4,0,0,0
T104005,CUST8907,2023-10-01 06:15:00,24.98,Grocery,UPI,Desktop,Kolkata,0,12,34.15,1956,1,1,0.7314787701317716,9.169999999999998,0,0,5.358904109589041,0,6,6,0,1,1
T104006,CUST3614,2023-05-02 14:58:00,35.84,Entertainment,Credit Card,POS,Chennai,0,90,196.0,609,0,0,0.18285714285714288,160.16,0,0,1.6684931506849314,0,14,1,0,0,0
T104007,CUST5090,2023-07-08 19:54:00,42.0,Travel,Credit Card,Mobile,Mumbai,0,132,95.28,1802,0,0,0.44080604534005036,53.28,0,0,4.936986301369863,0,19,5,0,1,0
T104008,CUST2782,2023-10-16 17:38:00,91.08,Electronics,PayPal,Mobile,Hyderabad,0,83,20.93,1133,0,0,4.351648351648351,70.15,1,0,3.1041095890410957,0,17,0,0,0,1
T104009,CUST8530,2023-07-16 11:26:00,4.67,Utilities,Credit Card,Desktop,Pune,0,128,184.97,1139,0,0,0.02524733740606585,180.3,0,0,3.1205479452054794,0,11,6,0,1,0
T104010,CUST3313,2023-07-26 10:23:00,2.82,Grocery,NetBanking,Mobile,Pune,0,140,365.8,1625,0,0,0.007709130672498632,362.98,0,0,4.4520547945205475,0,10,2,0,0,0
T104011,CUST6829,2023-04-02 14:57:00,39.79,Entertainment,Debit Card,POS,Mumbai,0,33,461.3,77,0,0,0.08625623238673315,421.51,0,0,0.21095890410958903,0,14,6,0,1,0
T104012,CUST8029,2023-09-18 17:08:00,95.57,Travel,PayPal,Mobile,Delhi,0,149,334.51,1744,0,0,0.28570147379749483,238.94,0,0,4.778082191780822,0,17,0,0,0,0
T104013,CUST1598,2023-08-29 01:51:00,17.2,Entertainment,UPI,POS,Chennai,0,128,206.97,1921,0,1,0.08310383147316036,189.77,0,0,5.263013698630137,0,1,1,1,0,1
T104014,CUST4337,2023-05-14 13:58:00,82.07,Grocery,Debit Card,POS,Chennai,0,100,499.75,113,0,0,0.16422211105552775,417.68,0,0,0.3095890410958904,0,13,6,0,1,0
T104015,CUST8330,2023-12-30 02:50:00,24.07,Entertainment,Credit Card,Desktop,Chennai,0,106,148.64,636,0,1,0.16193487621097957,124.57,0,0,1.7424657534246575,0,2,5,1,1,1
T104016,CUST6029,2023-03-12 18:25:00,173.78,Fashion,Credit Card,Mobile,Pune,0,72,101.69,337,0,0,1.7089192644311142,72.09,0,0,0.9232876712328767,0,18,6,0,1,0
T104017,CUST4632,2023-09-07 17:56:00,180.83,Health,UPI,Desktop,Bengaluru,0,74,237.2,281,0,0,0.7623524451939293,56.369999999999976,0,0,0.7698630136986301,0,17,3,0,0,0
T104018,CUST8722,2023-10-21 16:17:00,28.22,Fashion,NetBanking,Desktop,Pune,0,96,257.41,1534,0,0,0.10963055048366417,229.19000000000003,0,0,4.2027397260273975,0,16,5,0,1,0
T104019,CUST3014,2023-01-23 02:23:00,20.91,Grocery,UPI,Desktop,Bengaluru,0,92,183.86,1898,0,0,0.11372783639725878,162.95000000000002,0,0,5.2,0,2,0,1,0,1
T104020,CUST5974,2023-06-13 18:42:00,42.39,Travel,PayPal,POS,Pune,0,74,350.79,209,0,0,0.12084152911998632,308.40000000000003,0,0,0.5726027397260274,0,18,1,0,0,0
T104021,CUST1815,2023-05-01 18:18:00,22.01,Electronics,UPI,POS,Hyderabad,0,72,100.09,1649,0,0,0.2199020881206914,78.08,0,0,4.517808219178082,0,18,0,0,0,0
T104022,CUST4703,2023-04-13 10:33:00,89.27,Food,Credit Card,POS,Pune,0,180,260.07,1363,0,0,0.3432537393778598,170.8,0,0,3.734246575342466,0,10,3,0,0,0
T104023,CUST7560,2023-01-28 15:51:00,139.93,Electronics,NetBanking,POS,Hyderabad,0,175,255.06,1990,0,0,0.5486160119187642,115.13,0,0,5.4520547945205475,0,15,5,0,1,0
T104024,CUST2904,2024-02-20 22:44:00,89.45,Entertainment,NetBanking,Mobile,Bengaluru,0,59,413.66,455,0,0,0.2162403906589953,324.21000000000004,0,0,1.2465753424657535,0,22,1,0,0,0
T104025,CUST7454,2023-12-19 12:33:00,139.14,Food,UPI,Mobile,Chennai,1,175,464.21,1539,0,0,0.29973503371319016,325.07,0,0,4.2164383561643834,0,12,1,0,0,1
T104026,CUST3289,2024-02-20 21:13:00,40.47,Food,PayPal,POS,Bengaluru,0,56,335.0,1715,0,0,0.12080597014925373,294.53,0,0,4.698630136986301,0,21,1,0,0,0
T104027,CUST2253,2023-01-17 08:44:00,13.6,Entertainment,Credit Card,POS,Mumbai,1,13,159.63,68,0,1,0.08519701810436635,146.03,0,0,0.1863013698630137,0,8,1,0,0,1
T104028,CUST6491,2023-11-18 23:44:00,107.14,Entertainment,Debit Card,Mobile,Chennai,0,172,347.91,1332,0,0,0.30795320628898276,240.77000000000004,0,0,3.649315068493151,0,23,5,0,1,0
T104029,CUST1963,2023-08-19 18:11:00,35.76,Travel,NetBanking,Desktop,Pune,0,35,133.17,845,0,0,0.26852894796125254,97.41,0,0,2.315068493150685,0,18,5,0,1,0
T104030,CUST8697,2023-04-14 22:51:00,89.0,Grocery,UPI,Desktop,Pune,0,119,483.61,654,0,0,0.18403258824259217,394.61,0,0,1.7917808219178082,0,22,4,0,0,0
T104031,CUST3710,2023-12-14 22:32:00,25.25,Utilities,PayPal,POS,Pune,0,115,412.96,405,0,0,0.061143936458736926,387.71,0,0,1.1095890410958904,0,22,3,0,0,0
T104032,CUST5700,2023-10-20 23:16:00,6.78,Electronics,PayPal,Desktop,Pune,0,157,221.28,1982,0,0,0.030639913232104122,214.5,0,0,5.4301369863013695,0,23,4,0,0,0
T104033,CUST2929,2023-11-22 21:46:00,392.31,Grocery,Credit Card,POS,Pune,0,56,394.33,1692,0,0,0.9948773869601604,2.019999999999982,0,0,4.635616438356164,0,21,2,0,0,0
T104034,CUST9554,2023-02-24 19:19:00,13.59,Fashion,NetBanking,POS,Bengaluru,0,133,210.24,70,0,0,0.0646404109589041,196.65,0,0,0.1917808219178082,0,19,4,0,0,0
T104035,CUST4454,2023-07-01 11:13:00,356.68,Travel,Credit Card,POS,Kolkata,0,195,46.56,1723,0,0,7.660652920962199,310.12,1,0,4.720547945205479,0,11,5,0,1,1
T104036,CUST2240,2023-07-22 03:17:00,302.76,Travel,Debit Card,Mobile,Hyderabad,0,53,356.32,1771,0,0,0.8496856757970364,53.56,0,0,4.852054794520548,0,3,5,1,1,1
T104037,CUST2426,2023-09-10 02:46:00,126.32,Utilities,Debit Card,Desktop,Kolkata,0,101,208.26,76,0,0,0.6065495054259099,81.94,0,0,0.20821917808219179,0,2,6,1,1,1
T104038,CUST6280,2023-11-06 02:05:00,86.17,Fashion,Debit Card,Mobile,Bengaluru,0,120,465.86,1537,0,1,0.18496973339629932,379.69,0,0,4.210958904109589,0,2,0,1,0,1
T104039,CUST5186,2023-01-13 07:56:00,68.98,Electronics,PayPal,Desktop,Delhi,1,60,160.21,214,0,1,0.4305598901441858,91.23,0,0,0.5863013698630137,0,7,4,0,0,1
T104040,CUST2879,2023-07-23 03:08:00,160.85,Health,NetBanking,Mobile,Kolkata,0,105,423.23,101,0,0,0.3800533988611393,262.38,0,0,0.27671232876712326,0,3,6,1,1,1
T104041,CUST5137,2023-12-05 12:03:00,27.34,Fashion,Credit Card,Mobile,Bengaluru,0,134,343.41,598,0,0,0.07961329023616086,316.07000000000005,0,0,1.6383561643835616,0,12,1,0,0,0
T104042,CUST9585,2023-11-24 14:57:00,50.44,Electronics,Credit Card,POS,Chennai,0,176,428.13,1804,0,0,0.11781468245626328,377.69,0,0,4.942465753424657,0,14,4,0,0,0
T104043,CUST3570,2023-04-28 10:18:00,77.28,Food,Debit Card,POS,Pune,0,106,153.02,603,0,0,0.505032021957914,75.74000000000001,0,0,1.652054794520548,0,10,4,0,0,0
T104044,CUST8299,2023-05-28 06:14:00,42.37,Entertainment,NetBanking,Mobile,Bengaluru,0,80,236.06,371,0,0,0.17948826569516224,193.69,0,0,1.0164383561643835,0,6,6,0,1,0
T104045,CUST7327,2023-10-22 21:09:00,44.62,Travel,NetBanking,Desktop,Kolkata,0,163,413.33,598,0,0,0.10795248348777006,368.71,0,0,1.6383561643835616,0,21,6,0,1,0
T104046,CUST5076,2023-07-27 23:44:00,32.07,Electronics,UPI,Desktop,Hyderabad,0,146,325.47,993,0,0,0.09853442713614158,293.40000000000003,0,0,2.7205479452054795,0,23,3,0,0,0
T104047,CUST6633,2023-05-01 07:03:00,66.45,Grocery,NetBanking,POS,Kolkata,0,11,186.36,1296,0,0,0.3565679330328397,119.91000000000001,0,0,3.5506849315068494,0,7,0,0,0,0
T104048,CUST1305,2023-12-19 04:24:00,152.08,Utilities,NetBanking,POS,Pune,0,51,260.88,357,0,0,0.5829500153327201,108.79999999999998,0,0,0.9780821917808219,0,4,1,1,0,1
T104049,CUST1847,2023-11-18 17:02:00,18.0,Entertainment,Credit Card,Desktop,Kolkata,0,121,498.09,1689,0,0,0.03613804734084202,480.09,0,0,4.627397260273972,0,17,5,0,1,0
T104050,CUST9835,2023-03-11 16:38:00,217.97,Grocery,NetBanking,Desktop,Mumbai,0,23,373.51,182,0,0,0.5835720596503441,155.54,0,0,0.4986301369863014,0,16,5,0,1,0
T104051,CUST2773,2023-03-31 09:25:00,93.46,Entertainment,NetBanking,Desktop,Delhi,0,47,311.12,1308,0,0,0.3003985600411417,217.66000000000003,0,0,3.5835616438356164,0,9,4,0,0,0
T104052,CUST7211,2024-01-26 14:18:00,138.65,Travel,Credit Card,POS,Chennai,0,75,415.68,758,0,0,0.3335498460354119,277.03,0,0,2.0767123287671234,0,14,4,0,0,0
T104053,CUST5251,2023-01-09 16:21:00,64.99,Fashion,NetBanking,Desktop,Hyderabad,0,187,226.59,1477,0,0,0.2868176000706121,161.60000000000002,0,0,4.046575342465753,0,16,0,0,0,0
T104054,CUST6850,2023-10-25 01:55:00,120.95,Health,Credit Card,POS,Delhi,1,185,475.53,261,0,1,0.2543477803713751,354.58,0,0,0.7150684931506849,0,1,2,1,0,2
T104055,CUST7801,2023-07-06 12:54:00,1.31,Fashion,UPI,Mobile,Bengaluru,0,93,280.49,1582,0,0,0.004670398231666013,279.18,0,0,4.3342465753424655,0,12,3,0,0,0
T104056,CUST4570,2023-03-28 00:39:00,136.47,Electronics,PayPal,Mobile,Delhi,0,127,170.17,1645,0,0,0.8019627431392138,33.69999999999999,0,0,4.506849315068493,0,0,1,1,0,1
T104057,CUST3870,2023-11-03 08:08:00,3.28,Utilities,Credit Card,Mobile,Pune,0,56,52.15,1549,0,0,0.06289549376797698,48.87,0,0,4.243835616438356,0,8,4,0,0,0
T104058,CUST7162,2023-08-26 02:48:00,176.52,Fashion,Credit Card,Desktop,Pune,0,155,194.09,205,0,0,0.9094749858313154,17.569999999999993,0,0,0.5616438356164384,0,2,5,1,1,1
T104059,CUST3683,2023-06-23 01:18:00,385.89,Travel,NetBanking,POS,Mumbai,1,73,288.63,580,0,1,1.3369712088140526,97.25999999999999,0,0,1.5890410958904109,0,1,4,1,0,2
T104060,CUST2893,2023-10-31 01:32:00,27.86,Utilities,Credit Card,Desktop,Delhi,1,163,354.59,172,0,1,0.07856961561239742,326.72999999999996,0,0,0.4712328767123288,0,1,1,1,0,2
T104061,CUST3160,2023-08-07 21:28:00,18.89,Electronics,Debit Card,POS,Kolkata,0,183,438.81,46,0,0,0.04304824411476493,419.92,0,0,0.12602739726027398,0,21,0,0,0,0
T104062,CUST6075,2023-09-04 01:45:00,115.98,Food,Debit Card,Desktop,Delhi,0,137,472.54,278,0,0,0.24543953950988276,356.56,0,0,0.7616438356164383,0,1,0,1,0,1
T104063,CUST6434,2023-12-08 03:52:00,23.34,Fashion,UPI,Mobile,Pune,0,18,60.2,1088,0,1,0.38770764119601325,36.86,0,0,2.9808219178082194,0,3,4,1,0,1
T104064,CUST9857,2024-02-21 07:20:00,160.53,Fashion,Credit Card,POS,Bengaluru,0,44,304.44,830,0,0,0.5272960189199842,143.91,0,0,2.2739726027397262,0,7,2,0,0,0
T104065,CUST7221,2023-07-06 05:56:00,8.68,Health,NetBanking,Desktop,Bengaluru,1,149,336.63,1029,1,1,0.02578498648367644,327.95,0,0,2.819178082191781,0,5,3,0,0,2
T104066,CUST2184,2024-01-08 05:35:00,10.77,Electronics,NetBanking,POS,Chennai,0,56,94.31,1028,0,0,0.114197858127452,83.54,0,0,2.8164383561643835,0,5,0,0,0,0
T104067,CUST2512,2023-07-10 08:07:00,309.64,Grocery,PayPal,POS,Kolkata,0,176,277.34,175,0,0,1.1164635465493618,32.30000000000001,0,0,0.4794520547945205,0,8,0,0,0,0
T104068,CUST1153,2023-04-24 03:10:00,89.63,Fashion,UPI,Desktop,Kolkata,0,100,174.07,955,0,0,0.5149077957143677,84.44,0,0,2.6164383561643834,0,3,0,1,0,1
T104069,CUST6299,2023-02-24 00:18:00,150.13,Travel,NetBanking,Desktop,Bengaluru,0,1,47.93,756,0,0,3.132276236177759,102.19999999999999,1,0,2.0712328767123287,1,0,4,1,0,2
T104070,CUST5504,2023-10-10 23:58:00,31.36,Fashion,PayPal,POS,Delhi,1,155,42.27,194,0,0,0.74189732670925,10.910000000000004,0,0,0.5315068493150685,0,23,1,0,0,1
T104071,CUST7151,2024-02-19 02:26:00,90.28,Health,NetBanking,POS,Mumbai,0,45,382.01,1164,0,0,0.23632889191382425,291.73,0,0,3.1890410958904107,0,2,0,1,0,1
T104072,CUST4556,2023-05-16 15:56:00,72.16,Food,PayPal,Mobile,Bengaluru,0,63,311.57,676,0,0,0.23160124530603074,239.41,0,0,1.8520547945205479,0,15,1,0,0,0
T104073,CUST8398,2023-11-04 04:24:00,73.94,Health,Debit Card,POS,Kolkata,0,58,360.41,1127,0,1,0.20515523986570847,286.47,0,0,3.0876712328767124,0,4,5,1,1,1
T104074,CUST1907,2023-07-01 22:07:00,91.79,Fashion,Debit Card,Mobile,Kolkata,0,168,345.79,697,0,0,0.2654501286908239,254.0,0,0,1.9095890410958904,0,22,5,0,1,0
T104075,CUST1291,2023-09-08 13:48:00,68.52,Utilities,NetBanking,Mobile,Pune,0,63,75.81,1780,0,0,0.9038385437277403,7.290000000000006,0,0,4.876712328767123,0,13,4,0,0,0
T104076,CUST7145,2023-03-04 14:23:00,44.84,Grocery,UPI,Mobile,Pune,1,38,84.27,383,0,0,0.5320992049365136,39.42999999999999,0,0,1.0493150684931507,0,14,5,0,1,1
T104077,CUST6712,2024-02-04 20:42:00,25.83,Entertainment,Credit Card,POS,Chennai,1,29,133.72,1327,0,0,0.19316482201615315,107.89,0,0,3.6356164383561644,0,20,6,0,1,1
T104078,CUST4469,2023-05-25 04:55:00,117.08,Fashion,UPI,Mobile,Chennai,0,40,205.56,972,0,0,0.5695660634364662,88.48,0,0,2.663013698630137,0,4,3,1,0,1
T104079,CUST4308,2023-06-12 01:24:00,20.52,Electronics,UPI,POS,Delhi,0,147,470.2,1332,0,0,0.043641003828158234,449.68,0,0,3.649315068493151,0,1,0,1,0,1
T104080,CUST5658,2023-11-07 09:40:00,94.3,Fashion,Credit Card,POS,Bengaluru,0,88,340.21,1713,0,0,0.2771817406895741,245.90999999999997,0,0,4.693150684931507,0,9,1,0,0,0
T104081,CUST2715,2023-05-13 12:58:00,21.26,Grocery,Debit Card,Desktop,Bengaluru,0,56,135.03,1084,0,0,0.1574464933718433,113.77,0,0,2.96986301369863,0,12,5,0,1,0
T104082,CUST9767,2023-04-29 06:24:00,78.54,Electronics,Debit Card,POS,Chennai,0,44,37.43,555,0,0,2.0983168581351856,41.11000000000001,0,0,1.5205479452054795,0,6,5,0,1,0
T104083,CUST8632,2023-12-14 03:38:00,109.97,Travel,Credit Card,POS,Bengaluru,0,193,345.27,1588,0,0,0.31850435890752166,235.29999999999998,0,0,4.35068493150685,0,3,3,1,0,1
T104084,CUST8883,2023-05-14 00:18:00,19.75,Utilities,PayPal,Mobile,Delhi,0,100,316.41,539,0,0,0.06241901330552131,296.66,0,0,1.4767123287671233,0,0,6,1,1,1
T104085,CUST7606,2023-07-17 00:58:00,4.95,Electronics,UPI,POS,Mumbai,0,141,341.12,1567,0,0,0.014511022514071294,336.17,0,0,4.293150684931507,0,0,0,1,0,1
T104086,CUST6441,2023-10-08 05:26:00,11.23,Health,NetBanking,POS,Pune,0,158,137.98,1978,0,1,0.08138860704449921,126.74999999999999,0,0,5.419178082191781,0,5,6,0,1,0
T104087,CUST2262,2023-05-24 12:52:00,74.51,Food,Debit Card,Desktop,Delhi,0,49,263.31,207,1,0,0.2829744407732331,188.8,0,0,0.5671232876712329,0,12,2,0,0,1
T104088,CUST5559,2023-05-31 14:35:00,151.47,Health,NetBanking,Desktop,Bengaluru,0,115,187.23,358,0,0,0.8090049671526999,35.75999999999999,0,0,0.9808219178082191,0,14,2,0,0,0
T104089,CUST8760,2023-06-15 03:00:00,3.68,Entertainment,Credit Card,Mobile,Delhi,0,75,410.67,1624,0,1,0.00896096622592349,406.99,0,0,4.449315068493151,0,3,3,1,0,1
T104090,CUST5500,2023-10-31 21:07:00,105.99,Electronics,NetBanking,Mobile,Pune,0,191,44.0,830,0,0,2.408863636363636,61.989999999999995,0,0,2.2739726027397262,0,21,1,0,0,0
T104091,CUST6769,2023-07-19 11:21:00,33.4,Travel,NetBanking,Desktop,Hyderabad,1,199,144.97,717,0,0,0.2303924949989653,111.57,0,0,1.9643835616438357,0,11,2,0,0,1
T104092,CUST2155,2023-09-10 03:58:00,52.09,Fashion,UPI,Desktop,Kolkata,0,163,305.45,1225,0,0,0.1705352758225569,253.35999999999999,0,0,3.356164383561644,0,3,6,1,1,1
T104093,CUST7959,2023-05-05 22:49:00,211.45,Utilities,Credit Card,POS,Pune,0,139,110.56,1449,0,0,1.9125361794500721,100.88999999999999,0,0,3.96986301369863,0,22,4,0,0,0
T104094,CUST4815,2023-04-13 08:54:00,32.27,Electronics,NetBanking,Mobile,Kolkata,0,49,339.63,1648,0,0,0.09501516356034509,307.36,0,0,4.515068493150685,0,8,3,0,0,0
T104095,CUST1743,2023-08-07 13:09:00,50.09,Health,Debit Card,Mobile,Pune,0,107,77.02,967,0,0,0.6503505582965464,26.929999999999993,0,0,2.649315068493151,0,13,0,0,0,0
T104096,CUST3934,2023-11-04 12:14:00,1.1,Electronics,Credit Card,POS,Hyderabad,0,111,21.18,1009,0,0,0.051935788479697834,20.08,0,0,2.7643835616438355,0,12,5,0,1,0
T104097,CUST9978,2023-08-25 00:44:00,6.81,Electronics,Debit Card,POS,Bengaluru,0,115,433.11,764,0,0,0.015723488259333656,426.3,0,0,2.0931506849315067,0,0,4,1,0,1
T104098,CUST8991,2023-04-14 22:21:00,23.94,Electronics,PayPal,Mobile,Bengaluru,0,168,173.39,1088,0,0,0.13807024626564393,149.45,0,0,2.9808219178082194,0,22,4,0,0,0
T104099,CUST7494,2023-12-13 16:24:00,2.26,Travel,NetBanking,Desktop,Mumbai,0,21,86.86,326,0,0,0.026018880957863227,84.6,0,0,0.8931506849315068,0,16,2,0,0,0
T104100,CUST6633,2023-01-06 19:17:00,79.84,Utilities,Credit Card,Desktop,Pune,0,47,94.63,1522,0,0,0.8437070696396493,14.789999999999992,0,0,4.16986301369863,0,19,4,0,0,0
T104101,CUST9413,2024-02-06 03:22:00,44.47,Grocery,Debit Card,POS,Delhi,0,3,444.09,1548,0,0,0.10013735954423653,399.62,0,0,4.241095890410959,1,3,1,1,0,1
T104102,CUST9510,2023-05-14 04:57:00,63.55,Grocery,NetBanking,Mobile,Mumbai,0,158,330.67,651,0,0,0.19218556264553782,267.12,0,0,1.7835616438356163,0,4,6,1,1,1
T104103,CUST4492,2023-01-25 04:24:00,15.36,Electronics,UPI,POS,Bengaluru,0,127,478.61,1288,0,1,0.03209293579323457,463.25,0,0,3.5287671232876714,0,4,2,1,0,1
T104104,CUST4069,2023-12-31 09:23:00,28.07,Travel,Debit Card,Desktop,Bengaluru,0,67,402.02,938,0,0,0.06982239689567683,373.95,0,0,2.56986301369863,0,9,6,0,1,0
T104105,CUST7895,2023-06-06 11:01:00,87.21,Travel,Debit Card,Desktop,Chennai,0,62,386.1,1092,0,0,0.22587412587412584,298.89000000000004,0,0,2.9917808219178084,0,11,1,0,0,0
T104106,CUST3191,2023-09-05 16:08:00,268.89,Entertainment,PayPal,POS,Mumbai,0,165,254.91,1272,0,0,1.0548428857243732,13.97999999999999,0,0,3.484931506849315,0,16,1,0,0,0
T104107,CUST2512,2023-10-16 02:09:00,4.14,Electronics,UPI,Desktop,Bengaluru,0,150,412.19,1270,0,0,0.01004391178825299,408.05,0,0,3.4794520547945207,0,2,0,1,0,1
T104108,CUST8718,2024-02-13 04:36:00,176.86,Health,PayPal,Mobile,Hyderabad,0,31,212.2,735,0,1,0.8334590009425071,35.339999999999975,0,0,2.0136986301369864,0,4,1,1,0,1
T104109,CUST8939,2023-10-12 06:01:00,68.81,Health,UPI,POS,Kolkata,0,46,415.23,1728,0,0,0.16571538665318017,346.42,0,0,4.734246575342466,0,6,3,0,0,0
T104110,CUST1205,2023-03-03 02:02:00,66.39,Food,Debit Card,POS,Chennai,0,45,381.29,657,0,0,0.17411943664926957,314.90000000000003,0,0,1.8,0,2,4,1,0,1
T104111,CUST7142,2023-07-29 20:50:00,55.5,Utilities,PayPal,POS,Delhi,0,14,342.43,1893,0,0,0.1620769208305347,286.93,0,0,5.186301369863013,0,20,5,0,1,0
T104112,CUST1165,2023-09-28 23:48:00,5.75,Electronics,NetBanking,Desktop,Kolkata,1,121,171.56,702,0,1,0.03351597108883189,165.81,0,0,1.9232876712328768,0,23,3,0,0,1
T104113,CUST1601,2023-01-26 05:57:00,7.53,Food,UPI,Mobile,Chennai,1,140,319.05,1654,1,1,0.023601316408086506,311.52000000000004,0,0,4.531506849315068,0,5,3,0,0,2
T104114,CUST6678,2024-02-15 19:13:00,73.49,Health,Debit Card,POS,Pune,0,119,258.33,449,0,0,0.28448109007858163,184.83999999999997,0,0,1.2301369863013698,0,19,3,0,0,0
T104115,CUST9289,2023-03-27 01:58:00,33.36,Health,Credit Card,POS,Pune,0,191,236.16,682,0,0,0.14126016260162602,202.8,0,0,1.8684931506849316,0,1,0,1,0,1
T104116,CUST4883,2023-02-03 11:50:00,199.37,Electronics,UPI,Desktop,Delhi,0,77,495.22,853,0,0,0.40258874843503895,295.85,0,0,2.336986301369863,0,11,4,0,0,0
T104117,CUST2865,2023-09-01 23:54:00,41.75,Food,UPI,Mobile,Hyderabad,0,88,257.15,1227,0,0,0.1623566012055221,215.39999999999998,0,0,3.361643835616438,0,23,4,0,0,0
T104118,CUST2737,2023-06-09 00:24:00,12.37,Food,NetBanking,POS,Delhi,0,166,25.67,742,0,0,0.48188546941955585,13.300000000000002,0,0,2.032876712328767,0,0,4,1,0,1
T104119,CUST5074,2023-06-20 07:56:00,100.34,Electronics,UPI,Desktop,Mumbai,0,117,316.97,896,0,0,0.31655992680695333,216.63000000000002,0,0,2.4547945205479453,0,7,1,0,0,0
T104120,CUST1211,2023-08-29 14:47:00,27.78,Utilities,UPI,POS,Kolkata,0,175,366.73,843,0,0,0.07575055217735119,338.95000000000005,0,0,2.3095890410958906,0,14,1,0,0,0
T104121,CUST6709,2023-10-23 19:00:00,59.63,Entertainment,NetBanking,Desktop,Delhi,0,124,443.74,897,0,0,0.13438049308153424,384.11,0,0,2.4575342465753423,0,19,0,0,0,0
T104122,CUST5504,2023-05-13 21:35:00,95.74,Food,NetBanking,Mobile,Delhi,0,54,320.02,142,0,0,0.29916880194987816,224.27999999999997,0,0,0.38904109589041097,0,21,5,0,1,0
T104123,CUST7421,2023-04-27 18:49:00,184.42,Entertainment,PayPal,Desktop,Chennai,0,183,19.53,1932,0,0,9.442908346134152,164.89,1,0,5.293150684931507,0,18,3,0,0,1
T104124,CUST4945,2023-11-06 10:05:00,125.69,Fashion,Debit Card,POS,Hyderabad,0,48,68.67,969,0,0,1.8303480413572155,57.019999999999996,0,0,2.654794520547945,0,10,0,0,0,0
T104125,CUST2065,2023-01-15 05:45:00,90.25,Utilities,Debit Card,POS,Delhi,0,101,89.01,203,0,0,1.0139310189866306,1.2399999999999949,0,0,0.5561643835616439,0,5,6,0,1,0
T104126,CUST4270,2023-07-27 20:08:00,91.06,Health,PayPal,Desktop,Mumbai,0,15,113.52,1040,0,0,0.8021494009866104,22.459999999999994,0,0,2.8493150684931505,0,20,3,0,0,0
T104127,CUST7335,2024-02-13 12:10:00,233.39,Grocery,Debit Card,Mobile,Chennai,1,199,401.89,103,0,0,0.5807310458085546,168.5,0,0,0.2821917808219178,0,12,1,0,0,1
T104128,CUST2726,2023-08-25 18:35:00,28.06,Utilities,UPI,Mobile,Hyderabad,0,113,161.78,1890,0,0,0.17344541970577326,133.72,0,0,5.178082191780822,0,18,4,0,0,0
T104129,CUST6405,2023-04-30 19:37:00,0.09,Entertainment,PayPal,POS,Hyderabad,1,16,163.06,1852,0,0,0.000551944069667607,162.97,0,0,5.073972602739726,0,19,6,0,1,1
T104130,CUST3359,2024-01-23 09:57:00,25.39,Entertainment,PayPal,POS,Bengaluru,0,171,380.24,666,0,0,0.0667736166631601,354.85,0,0,1.8246575342465754,0,9,1,0,0,0
T104131,CUST4036,2023-10-13 19:50:00,19.66,Entertainment,Debit Card,Desktop,Pune,0,135,212.09,1589,0,0,0.09269649677023904,192.43,0,0,4.353424657534247,0,19,4,0,0,0
T104132,CUST2717,2023-12-07 11:53:00,86.74,Travel,Credit Card,Desktop,Kolkata,0,43,41.67,61,0,0,2.081593472522198,45.06999999999999,0,0,0.16712328767123288,0,11,3,0,0,0
T104133,CUST9380,2023-07-19 11:32:00,80.35,Utilities,Debit Card,Desktop,Mumbai,0,28,296.71,1307,0,0,0.27080314111421927,216.35999999999999,0,0,3.580821917808219,0,11,2,0,0,0
T104134,CUST1255,2023-05-19 08:13:00,72.01,Food,Credit Card,Mobile,Pune,0,66,73.73,526,0,0,0.9766716397667164,1.7199999999999989,0,0,1.441095890410959,0,8,4,0,0,0
T104135,CUST7196,2023-12-23 21:46:00,1.31,Food,PayPal,Mobile,Chennai,0,98,290.12,1166,0,0,0.0045153729491245005,288.81,0,0,3.1945205479452055,0,21,5,0,1,0
T104136,CUST8584,2023-06-10 18:12:00,104.39,Travel,Credit Card,POS,Chennai,0,60,392.02,224,1,1,0.2662874343145758,287.63,0,0,0.6136986301369863,0,18,5,0,1,1
T104137,CUST1909,2023-11-16 16:35:00,31.27,Food,UPI,POS,Mumbai,0,128,465.45,557,0,0,0.06718229670211623,434.18,0,0,1.526027397260274,0,16,3,0,0,0
T104138,CUST9562,2023-05-27 03:43:00,87.5,Travel,NetBanking,POS,Hyderabad,0,131,42.86,470,0,0,2.0415305646290247,44.64,0,0,1.2876712328767124,0,3,5,1,1,1
T104139,CUST4351,2023-12-25 00:12:00,65.06,Entertainment,Credit Card,Desktop,Delhi,0,129,158.94,1542,0,0,0.40933685667547504,93.88,0,0,4.2246575342465755,0,0,0,1,0,1
T104140,CUST9097,2023-10-15 22:16:00,33.57,Electronics,NetBanking,Mobile,Mumbai,0,159,329.71,1550,0,0,0.10181674805131784,296.14,0,0,4.2465753424657535,0,22,6,0,1,0
T104141,CUST3477,2023-09-26 07:52:00,11.56,Utilities,UPI,POS,Chennai,0,56,164.57,753,0,0,0.07024366530959471,153.01,0,0,2.063013698630137,0,7,1,0,0,0
T104142,CUST6336,2023-12-09 13:48:00,7.93,Fashion,NetBanking,POS,Pune,0,84,231.0,1673,0,0,0.03432900432900433,223.07,0,0,4.583561643835616,0,13,5,0,1,0
T104143,CUST8691,2023-08-31 21:37:00,142.47,Entertainment,UPI,POS,Kolkata,0,174,19.84,53,0,0,7.180947580645161,122.63,1,0,0.14520547945205478,0,21,3,0,0,1
T104144,CUST9273,2024-01-21 12:11:00,200.47,Fashion,NetBanking,POS,Mumbai,0,32,349.81,319,0,0,0.5730825305165661,149.34,0,0,0.873972602739726,0,12,6,0,1,0
T104145,CUST8377,2023-02-10 05:55:00,83.94,Health,NetBanking,POS,Hyderabad,0,81,442.81,925,1,0,0.18956211467672365,358.87,0,0,2.5342465753424657,0,5,4,0,0,1
T104146,CUST9579,2023-04-06 09:16:00,8.73,Entertainment,Debit Card,POS,Kolkata,0,18,488.66,337,0,0,0.017865182335366103,479.93,0,0,0.9232876712328767,0,9,3,0,0,0
T104147,CUST5546,2023-03-22 11:17:00,41.14,Grocery,Credit Card,Mobile,Kolkata,0,196,416.96,333,0,0,0.09866653875671527,375.82,0,0,0.9123287671232877,0,11,2,0,0,0
T104148,CUST7807,2023-09-23 00:21:00,104.43,Food,NetBanking,POS,Kolkata,0,35,25.57,1908,0,0,4.084082909659758,78.86000000000001,1,0,5.227397260273973,0,0,5,1,1,2
T104149,CUST1826,2023-08-10 07:04:00,121.07,Grocery,PayPal,Mobile,Bengaluru,0,104,329.41,660,0,0,0.3675358975137366,208.34000000000003,0,0,1.8082191780821917,0,7,3,0,0,0
T104150,CUST9171,2023-09-30 23:21:00,10.06,Electronics,Debit Card,Desktop,Kolkata,0,100,252.87,1746,0,0,0.039783287855419784,242.81,0,0,4.7835616438356166,0,23,5,0,1,0
T104151,CUST6520,2024-02-16 20:13:00,0.0,Fashion,Credit Card,Mobile,Bengaluru,0,23,469.57,980,0,0,0.0,469.57,0,0,2.684931506849315,0,20,4,0,0,0
T104152,CUST9922,2023-08-22 20:12:00,99.62,Utilities,Debit Card,Desktop,Delhi,0,141,452.05,67,0,0,0.22037385244995022,352.43,0,0,0.18356164383561643,0,20,1,0,0,0
T104153,CUST5551,2023-12-25 09:47:00,35.28,Entertainment,Credit Card,Mobile,Delhi,0,142,494.14,415,0,0,0.07139677014611244,458.86,0,0,1.1369863013698631,0,9,0,0,0,0
T104154,CUST9444,2024-02-08 14:08:00,23.49,Utilities,UPI,Mobile,Kolkata,0,165,432.35,774,0,0,0.054330981843413895,408.86,0,0,2.1205479452054794,0,14,3,0,0,0
T104155,CUST1572,2023-02-13 12:46:00,1.04,Electronics,NetBanking,POS,Hyderabad,0,5,277.98,1634,0,0,0.0037412763508166053,276.94,0,0,4.476712328767123,0,12,0,0,0,0
T104156,CUST1581,2023-10-11 08:47:00,62.17,Electronics,PayPal,Mobile,Pune,0,150,360.3,111,0,0,0.17255065223424923,298.13,0,0,0.3041095890410959,0,8,2,0,0,0
T104157,CUST9893,2023-08-19 09:12:00,152.39,Food,Debit Card,Mobile,Delhi,1,28,482.69,1171,0,0,0.31570987590378913,330.3,0,0,3.208219178082192,0,9,5,0,1,1
T104158,CUST3028,2023-02-23 15:17:00,252.91,Electronics,Debit Card,POS,Bengaluru,0,132,293.28,1874,0,0,0.8623499727223132,40.369999999999976,0,0,5.134246575342465,0,15,3,0,0,0
T104159,CUST6885,2023-01-01 05:46:00,66.73,Entertainment,Debit Card,Desktop,Hyderabad,1,50,421.59,79,0,0,0.15828174292559125,354.85999999999996,0,0,0.21643835616438356,0,5,6,0,1,1
T104160,CUST7201,2023-08-07 07:04:00,57.8,Entertainment,Debit Card,POS,Kolkata,0,102,471.68,698,0,0,0.12254070556309361,413.88,0,0,1.9123287671232876,0,7,0,0,0,0
T104161,CUST8631,2023-10-29 07:01:00,7.11,Utilities,NetBanking,POS,Hyderabad,0,29,289.56,103,1,0,0.02455449647741401,282.45,0,0,0.2821917808219178,0,7,6,0,1,1
T104162,CUST4934,2023-06-30 11:58:00,63.68,Utilities,Credit Card,POS,Hyderabad,0,37,87.99,1031,0,0,0.7237186043868622,24.309999999999995,0,0,2.824657534246575,0,11,4,0,0,0
T104163,CUST6510,2024-01-14 02:27:00,38.24,Fashion,NetBanking,Desktop,Mumbai,0,163,86.23,724,0,0,0.44346515133944103,47.99,0,0,1.9835616438356165,0,2,6,1,1,1
T104164,CUST3693,2023-01-21 04:46:00,74.74,Entertainment,UPI,Mobile,Pune,0,148,66.51,1159,0,0,1.1237407908585173,8.22999999999999,0,0,3.175342465753425,0,4,5,1,1,1
T104165,CUST2920,2023-07-15 17:46:00,39.38,Grocery,NetBanking,Mobile,Kolkata,0,163,243.4,1754,0,0,0.1617912900575185,204.02,0,0,4.8054794520547945,0,17,5,0,1,0
T104166,CUST7668,2023-12-25 08:49:00,21.99,Fashion,NetBanking,POS,Pune,0,130,245.27,1871,0,0,0.08965629714192522,223.28,0,0,5.126027397260274,0,8,0,0,0,0
T104167,CUST4516,2023-10-11 14:43:00,7.98,Food,UPI,POS,Delhi,0,116,312.51,1837,0,0,0.02553518287414803,304.53,0,0,5.032876712328767,0,14,2,0,0,0
T104168,CUST2742,2023-09-09 21:45:00,30.26,Fashion,NetBanking,Mobile,Pune,0,58,246.61,1652,0,0,0.12270386440128138,216.35000000000002,0,0,4.526027397260274,0,21,5,0,1,0
T104169,CUST3281,2023-09-14 17:24:00,8.13,Travel,Credit Card,Mobile,Chennai,0,146,486.8,1915,0,0,0.01670090386195563,478.67,0,0,5.2465753424657535,0,17,3,0,0,0
T104170,CUST3468,2023-08-01 15:34:00,15.57,Utilities,PayPal,Mobile,Bengaluru,0,106,152.74,1379,0,0,0.1019379337436166,137.17000000000002,0,0,3.778082191780822,0,15,1,0,0,0
T104171,CUST9801,2023-11-02 01:37:00,349.52,Grocery,UPI,Desktop,Delhi,0,56,438.17,713,0,0,0.7976812652623411,88.65000000000003,0,0,1.9534246575342467,0,1,3,1,0,1
T104172,CUST9700,2023-01-17 05:26:00,46.97,Utilities,Debit Card,Desktop,Kolkata,1,122,59.16,1817,0,1,0.7939486139283299,12.189999999999998,0,0,4.978082191780822,0,5,1,0,0,1
T104173,CUST9387,2023-10-06 07:07:00,60.72,Travel,Credit Card,POS,Pune,0,192,304.94,385,0,0,0.1991211385846396,244.22,0,0,1.0547945205479452,0,7,4,0,0,0
T104174,CUST8278,2023-07-12 18:21:00,165.48,Travel,PayPal,Desktop,Bengaluru,0,103,327.68,1521,1,0,0.5050048828125,162.20000000000002,0,0,4.167123287671233,0,18,2,0,0,1
T104175,CUST1510,2023-06-11 07:47:00,433.53,Health,Credit Card,POS,Kolkata,0,123,388.39,1709,0,0,1.116223383712248,45.139999999999986,0,0,4.682191780821918,0,7,6,0,1,0
T104176,CUST3689,2023-10-04 18:30:00,69.92,Entertainment,Credit Card,Mobile,Kolkata,1,180,256.48,1337,0,1,0.272613849033063,186.56,0,0,3.663013698630137,0,18,2,0,0,1
T104177,CUST5810,2023-09-22 03:11:00,133.91,Food,Debit Card,Mobile,Delhi,0,22,106.64,1043,0,0,1.2557201800450113,27.269999999999996,0,0,2.8575342465753426,0,3,4,1,0,1
T104178,CUST3517,2023-08-18 13:34:00,31.67,Electronics,PayPal,POS,Chennai,0,60,190.81,214,0,0,0.16597662596299986,159.14,0,0,0.5863013698630137,0,13,4,0,0,0
T104179,CUST8325,2023-10-18 12:08:00,29.19,Travel,Credit Card,Mobile,Bengaluru,0,138,143.36,183,1,1,0.20361328125,114.17000000000002,0,0,0.5013698630136987,0,12,2,0,0,1
T104180,CUST4831,2023-03-24 00:12:00,41.23,Fashion,Debit Card,POS,Chennai,0,84,215.36,883,0,0,0.1914468796433878,174.13000000000002,0,0,2.419178082191781,0,0,4,1,0,1
T104181,CUST3099,2023-07-19 14:09:00,89.3,Electronics,UPI,POS,Bengaluru,0,128,269.68,147,0,0,0.33113319489765647,180.38,0,0,0.40273972602739727,0,14,2,0,0,0
T104182,CUST5820,2023-08-16 01:30:00,91.7,Fashion,Debit Card,POS,Mumbai,0,80,316.28,296,0,1,0.28993297078538005,224.57999999999998,0,0,0.810958904109589,0,1,2,1,0,1
T104183,CUST4359,2024-02-02 19:51:00,30.29,Utilities,NetBanking,Desktop,Kolkata,0,134,424.11,1438,0,0,0.07142015043267076,393.82,0,0,3.9397260273972603,0,19,4,0,0,0
T104184,CUST3528,2023-05-28 08:29:00,11.44,Fashion,Debit Card,POS,Mumbai,1,81,455.91,866,0,0,0.02509267179925862,444.47,0,0,2.372602739726027,0,8,6,0,1,1
T104185,CUST7035,2023-01-21 13:18:00,80.06,Electronics,Debit Card,POS,Bengaluru,0,6,236.66,284,1,1,0.338291219470971,156.6,0,0,0.7780821917808219,0,13,5,0,1,1
T104186,CUST3776,2024-01-30 10:53:00,10.99,Electronics,Debit Card,POS,Bengaluru,1,86,53.45,1294,0,0,0.20561272217025256,42.46,0,0,3.5452054794520547,0,10,1,0,0,1
T104187,CUST3976,2023-12-25 05:12:00,69.11,Entertainment,Credit Card,Desktop,Chennai,0,82,400.56,200,0,0,0.1725334531655682,331.45,0,0,0.547945205479452,0,5,0,0,0,0
T104188,CUST6802,2023-11-02 10:15:00,94.58,Fashion,PayPal,Mobile,Kolkata,0,156,243.81,1995,0,0,0.3879250235839383,149.23000000000002,0,0,5.465753424657534,0,10,3,0,0,0
T104189,CUST2348,2023-04-14 16:28:00,96.48,Food,Debit Card,Desktop,Pune,0,42,277.76,646,0,0,0.34735023041474655,181.27999999999997,0,0,1.7698630136986302,0,16,4,0,0,0
T104190,CUST5877,2023-10-31 03:11:00,112.02,Entertainment,Debit Card,POS,Kolkata,0,74,301.94,1031,0,0,0.37100086109823144,189.92000000000002,0,0,2.824657534246575,0,3,1,1,0,1
T104191,CUST3998,2023-11-07 08:54:00,165.0,Grocery,NetBanking,Desktop,Hyderabad,0,41,337.26,577,0,0,0.48923679060665365,172.26,0,0,1.5808219178082192,0,8,1,0,0,0
T104192,CUST5450,2023-07-19 13:22:00,55.45,Health,NetBanking,Mobile,Bengaluru,0,63,446.15,1631,0,0,0.12428555418581196,390.7,0,0,4.468493150684932,0,13,2,0,0,0
T104193,CUST3346,2023-09-02 11:56:00,104.82,Grocery,UPI,Mobile,Delhi,0,22,476.55,1238,0,0,0.21995593327038085,371.73,0,0,3.3917808219178083,0,11,5,0,1,0
T104194,CUST5414,2023-11-02 01:21:00,77.23,Food,UPI,POS,Delhi,0,79,470.68,1955,0,0,0.16408175405795872,393.45,0,0,5.3561643835616435,0,1,3,1,0,1
T104195,CUST2733,2023-01-12 13:16:00,16.53,Entertainment,NetBanking,Mobile,Delhi,0,157,406.64,731,0,0,0.040650206570922685,390.11,0,0,2.0027397260273974,0,13,3,0,0,0
T104196,CUST6846,2023-05-31 01:01:00,2.08,Health,PayPal,Desktop,Mumbai,0,71,445.73,696,0,0,0.004666502142552666,443.65000000000003,0,0,1.906849315068493,0,1,2,1,0,1
T104197,CUST1878,2023-11-04 13:27:00,26.79,Entertainment,UPI,Desktop,Pune,0,114,34.33,922,0,0,0.7803670259248471,7.539999999999999,0,0,2.526027397260274,0,13,5,0,1,0
T104198,CUST6023,2023-03-25 07:56:00,46.82,Electronics,PayPal,Mobile,Chennai,0,34,426.07,439,0,0,0.10988804656511841,379.25,0,0,1.2027397260273973,0,7,5,0,1,0
T104199,CUST6367,2023-12-26 10:33:00,76.8,Health,NetBanking,POS,Pune,0,96,45.41,768,0,0,1.691257432283638,31.39,0,0,2.1041095890410957,0,10,1,0,0,0
T104200,CUST7367,2023-07-01 09:45:00,151.75,Utilities,UPI,POS,Mumbai,0,130,375.64,1706,0,0,0.40397721222447025,223.89,0,0,4.673972602739726,0,9,5,0,1,0
T104201,CUST6083,2023-02-22 15:15:00,17.48,Fashion,Debit Card,Desktop,Pune,0,154,92.99,1641,0,0,0.18797720184966127,75.50999999999999,0,0,4.495890410958904,0,15,2,0,0,0
T104202,CUST6640,2023-05-18 09:53:00,10.73,Grocery,NetBanking,Mobile,Pune,0,109,186.45,175,0,0,0.05754894073478145,175.72,0,0,0.4794520547945205,0,9,3,0,0,0
T104203,CUST3496,2023-10-01 08:57:00,264.79,Health,UPI,Desktop,Kolkata,0,75,100.25,1091,0,0,2.641296758104738,164.54000000000002,0,0,2.989041095890411,0,8,6,0,1,0
T104204,CUST2316,2023-03-14 22:28:00,9.15,Fashion,PayPal,Desktop,Delhi,0,19,227.3,519,0,0,0.04025516937967444,218.15,0,0,1.4219178082191781,0,22,1,0,0,0
T104205,CUST8444,2023-07-05 09:39:00,52.08,Entertainment,PayPal,Desktop,Bengaluru,0,125,211.76,291,0,0,0.24593879863996979,159.68,0,0,0.7972602739726027,0,9,2,0,0,0
T104206,CUST8613,2023-03-11 02:44:00,70.47,Food,UPI,POS,Delhi,0,20,33.55,1179,0,0,2.100447093889717,36.92,0,0,3.23013698630137,0,2,5,1,1,1
T104207,CUST4069,2023-08-09 11:17:00,62.36,Health,PayPal,Mobile,Pune,0,161,416.94,1657,0,0,0.1495658847795846,354.58,0,0,4.53972602739726,0,11,2,0,0,0
T104208,CUST8487,2023-07-14 21:56:00,7.2,Fashion,UPI,Mobile,Bengaluru,0,116,428.55,1849,0,0,0.0168008400420021,421.35,0,0,5.065753424657534,0,21,4,0,0,0
T104209,CUST7825,2023-06-13 23:06:00,4.7,Entertainment,UPI,POS,Kolkata,0,94,395.88,374,0,0,0.011872284530665859,391.18,0,0,1.0246575342465754,0,23,1,0,0,0
T104210,CUST7949,2023-12-02 21:55:00,8.92,Entertainment,PayPal,Desktop,Chennai,0,82,425.33,1314,0,0,0.020971951190840055,416.40999999999997,0,0,3.6,0,21,5,0,1,0
T104211,CUST6048,2023-12-11 12:11:00,70.47,Entertainment,Credit Card,Desktop,Hyderabad,1,96,377.93,1496,0,1,0.18646310163257745,307.46000000000004,0,0,4.098630136986301,0,12,0,0,0,1
T104212,CUST3250,2023-05-11 21:05:00,62.88,Food,Debit Card,POS,Bengaluru,0,104,469.37,908,1,0,0.1339668065705094,406.49,0,0,2.4876712328767123,0,21,3,0,0,1
T104213,CUST9846,2023-07-30 07:09:00,21.3,Electronics,NetBanking,Mobile,Mumbai,0,4,292.43,1161,0,0,0.07283794412337996,271.13,0,0,3.180821917808219,1,7,6,0,1,0
T104214,CUST5682,2023-09-02 12:33:00,81.24,Food,Debit Card,POS,Delhi,0,160,295.49,1610,0,0,0.27493316186672984,214.25,0,0,4.410958904109589,0,12,5,0,1,0
T104215,CUST4107,2023-07-08 19:49:00,137.21,Food,NetBanking,Mobile,Kolkata,0,147,431.36,1933,0,0,0.3180869807121662,294.15,0,0,5.295890410958904,0,19,5,0,1,0
T104216,CUST2975,2023-09-21 23:59:00,3.4,Utilities,NetBanking,Mobile,Kolkata,0,131,181.21,1490,0,0,0.018762761437006788,177.81,0,0,4.082191780821918,0,23,3,0,0,0
T104217,CUST7234,2023-02-24 14:48:00,55.15,Grocery,Debit Card,Mobile,Delhi,0,92,34.54,543,0,0,1.596699478865084,20.61,0,0,1.4876712328767123,0,14,4,0,0,0
T104218,CUST8703,2023-08-02 22:31:00,93.52,Entertainment,UPI,Desktop,Pune,0,61,377.43,974,0,0,0.24778104549187926,283.91,0,0,2.6684931506849314,0,22,2,0,0,0
T104219,CUST8582,2024-01-07 11:02:00,23.26,Fashion,PayPal,Desktop,Pune,0,38,134.75,742,0,0,0.17261595547309835,111.49,0,0,2.032876712328767,0,11,6,0,1,0
T104220,CUST4856,2023-12-26 22:16:00,29.43,Health,Credit Card,POS,Pune,0,118,242.38,1143,0,0,0.12142090931595016,212.95,0,0,3.1315068493150684,0,22,1,0,0,0
T104221,CUST3554,2023-10-14 14:43:00,76.08,Grocery,Credit Card,POS,Kolkata,0,134,127.82,244,0,0,0.5952120168987639,51.739999999999995,0,0,0.6684931506849315,0,14,5,0,1,0
T104222,CUST1656,2023-06-08 16:23:00,182.57,Entertainment,Credit Card,Desktop,Pune,0,56,415.27,1680,0,0,0.4396416789076986,232.7,0,0,4.602739726027397,0,16,3,0,0,0
T104223,CUST5742,2023-06-02 07:49:00,132.83,Travel,Debit Card,POS,Delhi,0,168,479.56,1372,0,0,0.2769830678121612,346.73,0,0,3.758904109589041,0,7,4,0,0,0
T104224,CUST7438,2023-11-18 17:03:00,70.0,Food,Debit Card,Desktop,Bengaluru,0,121,36.96,633,0,0,1.8939393939393938,33.04,0,0,1.7342465753424658,0,17,5,0,1,0
T104225,CUST3581,2023-05-17 01:26:00,104.81,Travel,UPI,Desktop,Chennai,0,81,124.35,867,0,0,0.8428628870124649,19.539999999999992,0,0,2.3753424657534246,0,1,2,1,0,1
T104226,CUST3273,2023-08-31 05:33:00,36.31,Entertainment,Credit Card,Mobile,Bengaluru,0,106,102.89,1751,0,0,0.352901156574983,66.58,0,0,4.7972602739726025,0,5,3,0,0,0
T104227,CUST4763,2023-07-07 18:20:00,81.95,Grocery,UPI,Mobile,Mumbai,0,120,339.87,801,0,0,0.24112160531968105,257.92,0,0,2.1945205479452055,0,18,4,0,0,0
T104228,CUST3573,2023-11-17 00:17:00,50.22,Fashion,Credit Card,Desktop,Delhi,0,69,220.05,699,0,0,0.2282208588957055,169.83,0,0,1.915068493150685,0,0,4,1,0,1
T104229,CUST7333,2023-06-30 14:06:00,16.85,Grocery,Debit Card,Mobile,Bengaluru,0,83,233.57,1110,0,0,0.07214111401292975,216.72,0,0,3.041095890410959,0,14,4,0,0,0
T104230,CUST9582,2023-10-29 04:57:00,96.78,Utilities,PayPal,Desktop,Delhi,0,42,86.97,588,0,1,1.1127975163849604,9.810000000000002,0,0,1.610958904109589,0,4,6,1,1,1
T104231,CUST1796,2023-11-03 13:35:00,65.04,Fashion,PayPal,Mobile,Kolkata,0,99,213.22,1455,1,0,0.30503705093330835,148.18,0,0,3.9863013698630136,0,13,4,0,0,1
T104232,CUST5595,2024-02-18 06:51:00,35.53,Fashion,PayPal,POS,Mumbai,0,130,158.58,251,0,0,0.22405095220078192,123.05000000000001,0,0,0.6876712328767123,0,6,6,0,1,0
T104233,CUST8746,2023-07-14 14:18:00,193.83,Entertainment,PayPal,POS,Kolkata,0,28,309.48,504,0,0,0.626308646762311,115.65,0,0,1.3808219178082193,0,14,4,0,0,0
T104234,CUST1045,2024-01-28 14:13:00,1.69,Electronics,NetBanking,Desktop,Hyderabad,0,117,116.45,1161,0,0,0.01451266638042078,114.76,0,0,3.180821917808219,0,14,6,0,1,0
T104235,CUST6159,2023-05-30 16:24:00,30.36,Entertainment,Credit Card,Desktop,Hyderabad,0,145,311.26,892,0,0,0.09753903489044528,280.9,0,0,2.4438356164383563,0,16,1,0,0,0
T104236,CUST1590,2023-06-21 23:48:00,4.69,Food,PayPal,Mobile,Hyderabad,0,70,195.1,841,0,0,0.02403895438236802,190.41,0,0,2.304109589041096,0,23,2,0,0,0
T104237,CUST4318,2023-12-17 00:31:00,116.38,Grocery,NetBanking,Mobile,Delhi,0,107,179.68,209,0,0,0.647707034728406,63.30000000000001,0,0,0.5726027397260274,0,0,6,1,1,1
T104238,CUST9267,2023-02-14 14:59:00,96.88,Fashion,NetBanking,Desktop,Bengaluru,0,123,159.72,206,0,0,0.6065614825945405,62.84,0,0,0.5643835616438356,0,14,1,0,0,0
T104239,CUST7977,2023-09-09 14:43:00,32.2,Entertainment,NetBanking,POS,Delhi,0,69,340.18,516,0,0,0.09465577047445471,307.98,0,0,1.4136986301369863,0,14,5,0,1,0
T104240,CUST7515,2023-10-20 14:58:00,90.08,Entertainment,UPI,POS,Kolkata,1,39,285.59,443,0,0,0.3154172064848209,195.51,0,0,1.2136986301369863,0,14,4,0,0,1
T104241,CUST1552,2023-10-05 23:06:00,40.33,Grocery,UPI,Desktop,Chennai,0,135,427.34,721,0,0,0.09437450273786681,387.01,0,0,1.9753424657534246,0,23,3,0,0,0
T104242,CUST7404,2024-01-08 07:43:00,112.93,Grocery,NetBanking,POS,Kolkata,0,160,128.39,1090,0,0,0.8795856375107097,15.45999999999998,0,0,2.9863013698630136,0,7,0,0,0,0
T104243,CUST4686,2023-01-22 02:51:00,48.44,Utilities,PayPal,Desktop,Bengaluru,0,4,29.66,604,0,0,1.6331759946055293,18.779999999999998,0,0,1.6547945205479453,1,2,6,1,1,1
T104244,CUST8361,2023-10-20 19:03:00,42.52,Fashion,Credit Card,Mobile,Kolkata,0,149,99.19,297,0,0,0.4286722451860067,56.669999999999995,0,0,0.8136986301369863,0,19,4,0,0,0
T104245,CUST2163,2023-02-02 02:21:00,218.34,Health,Debit Card,POS,Kolkata,0,160,178.24,814,0,0,1.2249775583482945,40.099999999999994,0,0,2.23013698630137,0,2,3,1,0,1
T104246,CUST8419,2023-10-17 09:22:00,23.11,Utilities,UPI,POS,Mumbai,0,82,98.03,1855,1,1,0.2357441599510354,74.92,0,0,5.082191780821918,0,9,1,0,0,1
T104247,CUST5542,2024-01-27 03:22:00,10.27,Travel,PayPal,Mobile,Pune,0,97,50.92,953,0,0,0.2016889238020424,40.650000000000006,0,0,2.610958904109589,0,3,5,1,1,1
T104248,CUST5068,2023-04-20 07:23:00,70.27,Food,PayPal,Mobile,Hyderabad,0,142,228.22,417,0,0,0.3079046534046096,157.95,0,0,1.1424657534246576,0,7,3,0,0,0
T104249,CUST8038,2023-09-09 12:08:00,278.74,Food,Debit Card,POS,Bengaluru,0,70,341.7,383,0,0,0.8157448053848405,62.95999999999998,0,0,1.0493150684931507,0,12,5,0,1,0
T104250,CUST7929,2023-09-19 19:42:00,37.96,Health,Debit Card,POS,Bengaluru,0,46,378.27,843,0,0,0.10035160070848866,340.31,0,0,2.3095890410958906,0,19,1,0,0,0
T104251,CUST2044,2023-07-26 01:10:00,5.12,Electronics,PayPal,Desktop,Hyderabad,0,148,205.38,1323,0,0,0.024929399162528,200.26,0,0,3.6246575342465754,0,1,2,1,0,1
T104252,CUST3011,2023-06-22 18:06:00,33.16,Utilities,Debit Card,Desktop,Kolkata,0,186,244.24,1053,0,0,0.1357680969538159,211.08,0,0,2.884931506849315,0,18,3,0,0,0
T104253,CUST6704,2023-10-05 01:24:00,56.41,Health,PayPal,POS,Mumbai,1,99,380.18,298,0,1,0.1483770845389026,323.77,0,0,0.8164383561643835,0,1,3,1,0,2
T104254,CUST1395,2023-07-04 00:55:00,14.13,Electronics,Debit Card,Desktop,Delhi,0,80,182.83,1495,0,0,0.07728490947875075,168.70000000000002,0,0,4.095890410958904,0,0,1,1,0,1
T104255,CUST9977,2023-08-30 19:57:00,85.86,Electronics,Debit Card,Mobile,Delhi,0,48,394.54,1358,0,0,0.2176205200993562,308.68,0,0,3.7205479452054795,0,19,2,0,0,0
T104256,CUST5301,2023-05-24 02:26:00,487.72,Health,PayPal,Desktop,Kolkata,0,7,484.01,1299,0,1,1.0076651308857256,3.7100000000000364,0,0,3.558904109589041,0,2,2,1,0,1
T104257,CUST2243,2023-08-22 05:20:00,48.08,Food,NetBanking,Desktop,Kolkata,0,40,441.44,1231,0,1,0.1089162740123233,393.36,0,0,3.372602739726027,0,5,1,0,0,0
T104258,CUST4949,2023-07-19 03:31:00,35.05,Travel,PayPal,POS,Pune,0,59,232.26,1120,0,0,0.15090846465168345,197.20999999999998,0,0,3.0684931506849313,0,3,2,1,0,1
T104259,CUST4650,2023-09-16 00:07:00,40.96,Food,Credit Card,Desktop,Bengaluru,1,36,293.96,306,0,0,0.139338685535447,252.99999999999997,0,0,0.8383561643835616,0,0,5,1,1,2
T104260,CUST8799,2024-02-07 10:21:00,9.79,Entertainment,Debit Card,POS,Hyderabad,0,172,361.05,1261,0,0,0.02711535798365877,351.26,0,0,3.4547945205479453,0,10,2,0,0,0
T104261,CUST1533,2023-10-19 17:24:00,171.83,Food,UPI,POS,Kolkata,0,108,181.16,336,0,0,0.9484985648045927,9.329999999999984,0,0,0.9205479452054794,0,17,3,0,0,0
T104262,CUST8962,2023-07-29 19:18:00,42.87,Food,Debit Card,POS,Kolkata,0,31,401.63,1603,0,0,0.10674003435998307,358.76,0,0,4.391780821917808,0,19,5,0,1,0
T104263,CUST1326,2023-11-16 09:43:00,39.19,Utilities,Credit Card,Mobile,Chennai,0,170,224.09,660,0,0,0.17488509081172743,184.9,0,0,1.8082191780821917,0,9,3,0,0,0
T104264,CUST2362,2023-07-01 14:36:00,86.23,Health,UPI,Desktop,Mumbai,0,44,424.95,567,0,0,0.2029179903518061,338.71999999999997,0,0,1.5534246575342465,0,14,5,0,1,0
T104265,CUST7097,2023-01-13 08:33:00,46.68,Health,UPI,Desktop,Delhi,0,171,134.82,547,0,0,0.3462394303515799,88.13999999999999,0,0,1.4986301369863013,0,8,4,0,0,0
T104266,CUST8777,2023-01-19 08:02:00,83.58,Entertainment,PayPal,Desktop,Mumbai,1,43,15.58,1327,1,1,5.364569961489089,68.0,1,0,3.6356164383561644,0,8,3,0,0,3
T104267,CUST4103,2023-03-31 23:12:00,5.07,Entertainment,NetBanking,POS,Mumbai,1,175,320.02,1286,0,0,0.015842759827510784,314.95,0,0,3.5232876712328767,0,23,4,0,0,1
T104268,CUST6264,2024-01-09 05:43:00,134.44,Utilities,PayPal,Mobile,Pune,0,134,231.43,1167,0,0,0.5809099943827507,96.99000000000001,0,0,3.197260273972603,0,5,1,0,0,0
T104269,CUST3136,2023-01-30 01:19:00,225.75,Health,UPI,POS,Mumbai,0,93,39.31,163,0,1,5.742813533452048,186.44,1,0,0.4465753424657534,0,1,0,1,0,2
T104270,CUST3909,2023-11-28 03:05:00,83.7,Food,UPI,Desktop,Hyderabad,0,194,248.93,1478,0,0,0.33623910336239105,165.23000000000002,0,0,4.049315068493151,0,3,1,1,0,1
T104271,CUST9137,2024-01-12 01:32:00,247.32,Travel,NetBanking,POS,Pune,0,86,92.6,854,0,0,2.670842332613391,154.72,0,0,2.33972602739726,0,1,4,1,0,1
T104272,CUST2525,2023-10-26 10:06:00,13.14,Electronics,Debit Card,POS,Kolkata,1,9,318.58,1743,0,0,0.041245527026178674,305.44,0,0,4.7753424657534245,0,10,3,0,0,1
T104273,CUST8089,2023-04-05 17:53:00,51.92,Grocery,NetBanking,Desktop,Hyderabad,0,11,228.07,1078,0,0,0.22764940588415838,176.14999999999998,0,0,2.9534246575342467,0,17,2,0,0,0
T104274,CUST5881,2024-01-21 21:55:00,73.67,Electronics,PayPal,POS,Pune,0,80,93.85,1613,0,0,0.7849760255727225,20.179999999999993,0,0,4.419178082191781,0,21,6,0,1,0
T104275,CUST3164,2023-07-30 09:37:00,69.73,Entertainment,Debit Card,POS,Hyderabad,0,109,211.85,1333,0,0,0.3291479820627803,142.12,0,0,3.652054794520548,0,9,6,0,1,0
T104276,CUST2107,2023-03-06 02:56:00,41.06,Entertainment,PayPal,Mobile,Pune,0,118,124.03,1979,0,0,0.33104893977263566,82.97,0,0,5.421917808219178,0,2,0,1,0,1
T104277,CUST8242,2023-02-20 17:10:00,33.01,Electronics,NetBanking,POS,Pune,0,18,330.02,1396,0,0,0.10002424095509363,297.01,0,0,3.824657534246575,0,17,0,0,0,0
T104278,CUST8954,2023-09-30 13:50:00,10.85,Grocery,Debit Card,Mobile,Bengaluru,0,153,154.62,842,1,1,0.07017203466563186,143.77,0,0,2.3068493150684932,0,13,5,0,1,1
T104279,CUST5568,2023-07-25 13:33:00,39.77,Food,NetBanking,Desktop,Hyderabad,1,97,412.79,1864,0,0,0.09634438818769835,373.02000000000004,0,0,5.1068493150684935,0,13,1,0,0,1
T104280,CUST8625,2023-02-02 14:36:00,14.2,Travel,Credit Card,Mobile,Bengaluru,0,186,16.94,101,0,0,0.8382526564344746,2.740000000000002,0,0,0.27671232876712326,0,14,3,0,0,0
T104281,CUST6368,2023-04-04 03:08:00,106.05,Travel,UPI,POS,Kolkata,0,30,207.67,1047,1,0,0.5106659604179709,101.61999999999999,0,0,2.8684931506849316,0,3,1,1,0,2
T104282,CUST4240,2023-02-03 12:11:00,18.74,Electronics,Debit Card,Desktop,Pune,0,115,312.37,981,0,0,0.05999295707014117,293.63,0,0,2.6876712328767125,0,12,4,0,0,0
T104283,CUST5421,2023-03-03 04:37:00,4.83,Grocery,UPI,POS,Delhi,0,1,21.08,1254,0,1,0.2291271347248577,16.25,0,0,3.4356164383561643,1,4,4,1,0,1
T104284,CUST4459,2023-08-13 18:02:00,64.3,Utilities,Credit Card,POS,Pune,0,191,115.76,1379,0,0,0.5554595715272979,51.46000000000001,0,0,3.778082191780822,0,18,6,0,1,0
T104285,CUST9619,2023-09-19 17:02:00,72.35,Entertainment,Debit Card,Mobile,Delhi,0,97,170.44,62,0,0,0.4244895564421497,98.09,0,0,0.16986301369863013,0,17,1,0,0,0
T104286,CUST7059,2023-08-11 18:26:00,164.4,Fashion,UPI,POS,Delhi,0,113,20.7,126,0,0,7.942028985507247,143.70000000000002,1,0,0.3452054794520548,0,18,4,0,0,1
T104287,CUST7675,2023-06-11 22:23:00,68.83,Food,UPI,Mobile,Delhi,0,79,277.88,1610,0,0,0.24769684756009788,209.05,0,0,4.410958904109589,0,22,6,0,1,0
T104288,CUST7660,2023-12-27 10:49:00,33.91,Utilities,Debit Card,Desktop,Delhi,0,29,319.13,292,0,0,0.10625763795318521,285.22,0,0,0.8,0,10,2,0,0,0
T104289,CUST9068,2023-04-05 23:28:00,129.97,Electronics,UPI,Desktop,Hyderabad,0,66,121.49,903,1,0,1.0697999835377399,8.480000000000004,0,0,2.473972602739726,0,23,2,0,0,1
T104290,CUST7172,2024-02-04 03:54:00,62.17,Travel,UPI,POS,Chennai,0,181,276.31,943,0,0,0.22500090478086207,214.14,0,0,2.5835616438356164,0,3,6,1,1,1
T104291,CUST2281,2023-05-30 11:25:00,6.61,Entertainment,Debit Card,Mobile,Hyderabad,0,105,499.57,1123,0,0,0.013231378985927899,492.96,0,0,3.0767123287671234,0,11,1,0,0,0
T104292,CUST8054,2023-04-07 15:49:00,66.75,Utilities,UPI,POS,Kolkata,0,19,444.59,1866,0,0,0.15013832969702423,377.84,0,0,5.112328767123287,0,15,4,0,0,0
T104293,CUST9598,2023-08-31 21:54:00,190.89,Utilities,UPI,POS,Chennai,0,66,38.74,322,0,0,4.9274651522973665,152.14999999999998,1,0,0.8821917808219178,0,21,3,0,0,1
T104294,CUST6675,2023-03-23 23:41:00,40.38,Health,PayPal,POS,Hyderabad,0,112,72.66,946,0,0,0.5557390586292321,32.279999999999994,0,0,2.591780821917808,0,23,3,0,0,0
T104295,CUST4614,2023-11-25 20:51:00,28.12,Health,PayPal,POS,Kolkata,0,180,252.26,759,0,0,0.11147229049393484,224.14,0,0,2.0794520547945203,0,20,5,0,1,0
T104296,CUST5080,2023-08-23 10:57:00,12.39,Grocery,Credit Card,Mobile,Delhi,0,159,130.15,1260,0,0,0.09519784863618902,117.76,0,0,3.452054794520548,0,10,2,0,0,0
T104297,CUST9826,2023-11-24 04:39:00,13.14,Grocery,PayPal,POS,Mumbai,0,60,49.67,201,0,0,0.26454600362391784,36.53,0,0,0.5506849315068493,0,4,4,1,0,1
T104298,CUST7235,2023-11-30 06:20:00,45.36,Electronics,PayPal,Desktop,Pune,0,117,134.73,787,0,0,0.3366733466933868,89.36999999999999,0,0,2.1561643835616437,0,6,3,0,0,0
T104299,CUST9315,2024-01-19 20:28:00,72.44,Utilities,Credit Card,Mobile,Chennai,0,68,39.98,955,0,0,1.8119059529764883,32.46,0,0,2.6164383561643834,0,20,4,0,0,0
T104300,CUST6324,2023-05-22 05:35:00,6.72,Fashion,UPI,POS,Mumbai,0,93,269.66,1448,0,0,0.024920269969591333,262.94,0,0,3.967123287671233,0,5,0,0,0,0
T104301,CUST8240,2023-04-06 04:12:00,224.5,Travel,UPI,Mobile,Delhi,0,158,250.22,1309,1,1,0.8972104547997762,25.72,0,0,3.5863013698630137,0,4,3,1,0,2
T104302,CUST4954,2023-08-27 05:59:00,112.56,Electronics,PayPal,POS,Chennai,0,141,13.1,1317,0,1,8.59236641221374,99.46000000000001,1,0,3.6082191780821917,0,5,6,0,1,1
T104303,CUST2466,2023-04-14 23:22:00,70.67,Fashion,Credit Card,Desktop,Mumbai,0,143,246.43,930,0,0,0.28677514912957025,175.76,0,0,2.547945205479452,0,23,4,0,0,0
T104304,CUST2864,2023-08-13 00:46:00,141.03,Entertainment,UPI,Desktop,Hyderabad,1,148,264.7,1317,0,1,0.5327918398186626,123.66999999999999,0,0,3.6082191780821917,0,0,6,1,1,2
T104305,CUST4159,2024-01-04 13:01:00,6.69,Grocery,NetBanking,Desktop,Kolkata,0,162,306.79,546,0,0,0.02180644740702109,300.1,0,0,1.4958904109589042,0,13,3,0,0,0
T104306,CUST2650,2023-09-29 13:46:00,51.83,Health,Debit Card,Mobile,Delhi,0,148,485.35,1063,0,0,0.10678891521582362,433.52000000000004,0,0,2.9123287671232876,0,13,4,0,0,0
T104307,CUST4757,2023-07-15 14:18:00,79.56,Food,Debit Card,Desktop,Hyderabad,0,50,491.52,300,0,0,0.161865234375,411.96,0,0,0.821917808219178,0,14,5,0,1,0
T104308,CUST1148,2023-05-03 05:57:00,141.13,Utilities,Debit Card,POS,Hyderabad,0,89,268.2,771,0,0,0.5262117822520507,127.07,0,0,2.1123287671232878,0,5,2,0,0,0
T104309,CUST4501,2023-07-02 12:03:00,122.4,Entertainment,PayPal,POS,Delhi,0,155,424.14,1365,0,0,0.2885839581270335,301.74,0,0,3.73972602739726,0,12,6,0,1,0
T104310,CUST7600,2023-12-18 08:36:00,25.96,Health,Debit Card,POS,Chennai,0,158,51.73,1423,0,0,0.5018364585346995,25.769999999999996,0,0,3.8986301369863012,0,8,0,0,0,0
T104311,CUST3483,2023-12-15 21:58:00,226.26,Travel,Debit Card,Mobile,Pune,0,184,270.27,596,0,0,0.8371628371628372,44.00999999999999,0,0,1.632876712328767,0,21,4,0,0,0
T104312,CUST7927,2023-03-22 13:55:00,10.62,Travel,NetBanking,Mobile,Bengaluru,1,193,342.66,1952,0,0,0.030992820872001395,332.04,0,0,5.347945205479452,0,13,2,0,0,1
T104313,CUST1985,2024-02-18 18:58:00,166.44,Health,UPI,Desktop,Bengaluru,0,99,286.72,582,0,0,0.5804966517857142,120.28000000000003,0,0,1.5945205479452054,0,18,6,0,1,0
T104314,CUST6303,2023-01-10 11:17:00,283.07,Entertainment,NetBanking,Mobile,Pune,0,183,123.05,679,0,0,2.3004469727752945,160.01999999999998,0,0,1.8602739726027397,0,11,1,0,0,0
T104315,CUST2575,2023-11-10 22:57:00,15.6,Health,PayPal,POS,Delhi,0,113,40.7,420,0,0,0.38329238329238324,25.1,0,0,1.1506849315068493,0,22,4,0,0,0
T104316,CUST2331,2024-01-19 10:32:00,102.43,Fashion,Debit Card,POS,Bengaluru,0,107,199.47,988,0,0,0.5135108036296185,97.03999999999999,0,0,2.706849315068493,0,10,4,0,0,0
T104317,CUST9112,2024-01-15 03:17:00,3.29,Electronics,UPI,POS,Pune,0,24,327.34,1168,0,0,0.010050711798130385,324.04999999999995,0,0,3.2,0,3,0,1,0,1
T104318,CUST5562,2023-01-26 12:40:00,41.59,Grocery,Debit Card,Mobile,Mumbai,0,25,495.94,604,0,0,0.08386095092148245,454.35,0,0,1.6547945205479453,0,12,3,0,0,0
T104319,CUST5459,2023-03-17 00:53:00,58.1,Fashion,Debit Card,POS,Pune,0,181,125.9,373,0,0,0.4614773629864972,67.80000000000001,0,0,1.021917808219178,0,0,4,1,0,1
T104320,CUST2428,2024-02-12 02:06:00,69.52,Food,PayPal,Desktop,Chennai,0,11,459.72,1463,0,0,0.1512224832506743,390.20000000000005,0,0,4.008219178082192,0,2,0,1,0,1
T104321,CUST1102,2023-01-19 15:57:00,219.83,Health,Debit Card,Mobile,Kolkata,0,94,43.45,1599,0,0,5.059378596087456,176.38,1,0,4.380821917808219,0,15,3,0,0,1
T104322,CUST7801,2024-02-01 05:52:00,89.24,Food,Credit Card,POS,Pune,0,60,466.18,1431,0,0,0.19142820369814234,376.94,0,0,3.9205479452054797,0,5,3,0,0,0
T104323,CUST1452,2023-12-12 01:30:00,52.51,Food,UPI,POS,Hyderabad,1,175,417.86,1817,0,1,0.12566409802326137,365.35,0,0,4.978082191780822,0,1,1,1,0,2
T104324,CUST7712,2023-06-15 05:49:00,132.72,Fashion,UPI,Mobile,Hyderabad,0,153,20.26,485,0,0,6.550839091806515,112.46,1,0,1.3287671232876712,0,5,3,0,0,1
T104325,CUST4349,2023-06-01 19:30:00,240.52,Grocery,Credit Card,Mobile,Kolkata,0,25,156.11,1476,1,1,1.5407084747934148,84.41,0,0,4.043835616438356,0,19,3,0,0,1
T104326,CUST7147,2023-05-01 19:55:00,1.79,Entertainment,PayPal,Desktop,Delhi,0,145,34.97,473,0,0,0.05118673148412926,33.18,0,0,1.295890410958904,0,19,0,0,0,0
T104327,CUST8365,2023-05-17 22:47:00,323.74,Travel,Debit Card,Mobile,Hyderabad,1,140,497.8,226,0,1,0.6503415026114906,174.06,0,0,0.6191780821917808,0,22,2,0,0,1
T104328,CUST8543,2023-03-08 11:41:00,7.21,Electronics,Debit Card,POS,Mumbai,1,123,219.64,897,0,0,0.03282644327080678,212.42999999999998,0,0,2.4575342465753423,0,11,2,0,0,1
T104329,CUST2781,2023-05-03 04:34:00,134.73,Utilities,UPI,Desktop,Pune,0,180,334.47,392,0,1,0.4028163960893353,199.74000000000004,0,0,1.073972602739726,0,4,2,1,0,1
T104330,CUST8180,2023-09-08 04:03:00,26.32,Travel,PayPal,POS,Kolkata,0,11,124.75,1463,0,0,0.2109819639278557,98.43,0,0,4.008219178082192,0,4,4,1,0,1
T104331,CUST9047,2023-12-23 14:29:00,11.34,Grocery,PayPal,POS,Mumbai,0,10,467.53,1817,0,0,0.024255128013175625,456.19,0,0,4.978082191780822,0,14,5,0,1,0
T104332,CUST2628,2023-10-19 11:13:00,46.36,Utilities,PayPal,POS,Delhi,0,81,144.35,1627,0,0,0.32116383789400765,97.99,0,0,4.457534246575342,0,11,3,0,0,0
T104333,CUST4922,2023-12-21 06:44:00,82.62,Travel,Debit Card,Mobile,Hyderabad,0,188,137.51,1447,0,0,0.6008290306159553,54.889999999999986,0,0,3.9643835616438357,0,6,3,0,0,0
T104334,CUST4562,2023-07-21 23:31:00,38.37,Health,PayPal,Mobile,Kolkata,0,54,164.15,1790,0,0,0.23374961925068533,125.78,0,0,4.904109589041096,0,23,4,0,0,0
T104335,CUST5279,2023-11-25 07:56:00,4.49,Health,Credit Card,POS,Bengaluru,0,109,236.62,1562,0,0,0.0189755726481278,232.13,0,0,4.279452054794521,0,7,5,0,1,0
T104336,CUST6550,2023-09-27 12:37:00,73.2,Fashion,NetBanking,Mobile,Pune,0,63,19.08,897,0,0,3.836477987421384,54.120000000000005,1,0,2.4575342465753423,0,12,2,0,0,1
T104337,CUST9492,2023-03-19 23:34:00,186.15,Food,PayPal,POS,Bengaluru,0,20,302.94,595,1,0,0.6144781144781145,116.78999999999999,0,0,1.63013698630137,0,23,6,0,1,1
T104338,CUST4140,2023-07-08 10:38:00,38.66,Utilities,NetBanking,Mobile,Chennai,0,5,25.52,700,0,0,1.5148902821316614,13.139999999999997,0,0,1.917808219178082,0,10,5,0,1,0
T104339,CUST5652,2024-01-05 23:07:00,19.5,Grocery,Debit Card,Mobile,Delhi,0,41,274.21,1347,0,0,0.07111338025600818,254.70999999999998,0,0,3.6904109589041094,0,23,4,0,0,0
T104340,CUST4671,2023-12-13 11:37:00,46.75,Grocery,PayPal,Mobile,Chennai,0,118,234.36,1935,0,0,0.19947943335040108,187.61,0,0,5.301369863013699,0,11,2,0,0,0
T104341,CUST8296,2023-12-13 17:44:00,3.97,Travel,UPI,Desktop,Bengaluru,0,63,128.85,54,0,0,0.030811020566550256,124.88,0,0,0.14794520547945206,0,17,2,0,0,0
T104342,CUST9911,2023-03-22 00:32:00,137.4,Fashion,Debit Card,Mobile,Bengaluru,0,184,171.59,266,0,0,0.8007459642170289,34.19,0,0,0.7287671232876712,0,0,2,1,0,1
T104343,CUST3363,2023-01-09 19:24:00,140.05,Travel,Credit Card,Desktop,Bengaluru,0,32,355.77,490,0,0,0.39365320291199374,215.71999999999997,0,0,1.3424657534246576,0,19,0,0,0,0
T104344,CUST2649,2023-10-17 10:39:00,70.94,Travel,Credit Card,Desktop,Chennai,0,27,14.7,1374,0,0,4.825850340136054,56.239999999999995,1,0,3.7643835616438355,0,10,1,0,0,1
T104345,CUST3715,2023-02-07 09:00:00,34.85,Grocery,NetBanking,Desktop,Kolkata,0,68,165.16,129,0,0,0.21100750787115527,130.31,0,0,0.35342465753424657,0,9,1,0,0,0
T104346,CUST8885,2024-01-31 18:48:00,128.67,Travel,NetBanking,POS,Delhi,0,105,343.35,769,0,0,0.37474879860200955,214.68000000000004,0,0,2.106849315068493,0,18,2,0,0,0
T104347,CUST7665,2023-05-08 11:09:00,64.72,Food,UPI,Mobile,Pune,0,176,84.61,1743,0,0,0.7649214040893512,19.89,0,0,4.7753424657534245,0,11,0,0,0,0
T104348,CUST3887,2023-08-30 16:12:00,139.86,Travel,UPI,POS,Kolkata,0,7,284.59,437,1,0,0.49144383147686155,144.72999999999996,0,0,1.1972602739726028,0,16,2,0,0,1
T104349,CUST4214,2023-04-06 19:24:00,79.86,Utilities,Credit Card,Desktop,Pune,0,174,92.78,1208,0,0,0.8607458503987928,12.920000000000002,0,0,3.3095890410958906,0,19,3,0,0,0
T104350,CUST8851,2023-08-24 11:31:00,122.75,Food,PayPal,Mobile,Mumbai,0,103,85.83,1007,0,0,1.4301526272864966,36.92,0,0,2.758904109589041,0,11,3,0,0,0
T104351,CUST4912,2023-04-10 10:54:00,73.02,Grocery,Credit Card,POS,Mumbai,1,112,388.42,1487,0,0,0.18799237938314195,315.40000000000003,0,0,4.073972602739726,0,10,0,0,0,1
T104352,CUST8327,2023-09-25 16:54:00,42.77,Fashion,Credit Card,Desktop,Bengaluru,0,146,140.6,780,0,0,0.30419630156472266,97.82999999999998,0,0,2.136986301369863,0,16,0,0,0,0
T104353,CUST1803,2024-01-11 23:16:00,253.5,Health,UPI,POS,Delhi,0,166,194.13,1487,0,0,1.3058259928913616,59.370000000000005,0,0,4.073972602739726,0,23,3,0,0,0
T104354,CUST3176,2023-08-24 06:45:00,62.32,Utilities,NetBanking,POS,Delhi,0,103,367.71,172,0,0,0.16948138478692448,305.39,0,0,0.4712328767123288,0,6,3,0,0,0
T104355,CUST5366,2023-03-18 15:56:00,74.33,Food,UPI,Mobile,Hyderabad,0,193,97.96,558,0,0,0.7587790935075541,23.629999999999995,0,0,1.5287671232876712,0,15,5,0,1,0
T104356,CUST3144,2023-02-22 20:05:00,19.93,Fashion,UPI,Mobile,Hyderabad,0,17,270.55,1338,0,0,0.07366475697652929,250.62,0,0,3.665753424657534,0,20,2,0,0,0
T104357,CUST4841,2023-06-18 13:48:00,78.61,Fashion,UPI,POS,Kolkata,0,90,459.73,1058,0,0,0.17099166902312227,381.12,0,0,2.8986301369863012,0,13,6,0,1,0
T104358,CUST3502,2023-04-17 09:47:00,67.82,Food,Credit Card,Mobile,Chennai,0,115,281.38,552,0,0,0.24102637003340677,213.56,0,0,1.5123287671232877,0,9,0,0,0,0
T104359,CUST7309,2024-02-02 17:45:00,16.35,Grocery,PayPal,Mobile,Hyderabad,0,86,33.93,749,0,0,0.48187444739168883,17.58,0,0,2.052054794520548,0,17,4,0,0,0
T104360,CUST2885,2024-01-12 01:27:00,4.91,Electronics,Credit Card,POS,Kolkata,0,103,298.95,1489,0,0,0.016424151195852152,294.03999999999996,0,0,4.079452054794521,0,1,4,1,0,1
T104361,CUST7749,2024-02-02 18:09:00,74.18,Fashion,Debit Card,Mobile,Pune,0,82,54.18,447,0,0,1.3691399040236252,20.000000000000007,0,0,1.2246575342465753,0,18,4,0,0,0
T104362,CUST3541,2023-09-06 15:56:00,115.41,Fashion,UPI,Mobile,Pune,1,126,148.24,1134,0,0,0.7785348084187803,32.83000000000001,0,0,3.106849315068493,0,15,2,0,0,1
T104363,CUST5702,2023-06-10 05:14:00,59.29,Grocery,UPI,Desktop,Kolkata,0,38,426.34,574,0,0,0.13906741098653658,367.04999999999995,0,0,1.5726027397260274,0,5,5,0,1,0
T104364,CUST5845,2023-05-12 11:19:00,20.57,Grocery,Debit Card,Mobile,Chennai,0,92,15.42,1039,0,0,1.3339818417639429,5.15,0,0,2.8465753424657536,0,11,4,0,0,0
T104365,CUST2406,2023-07-11 01:55:00,87.85,Travel,UPI,Desktop,Mumbai,0,63,47.74,846,0,0,1.8401759530791786,40.10999999999999,0,0,2.317808219178082,0,1,1,1,0,1
T104366,CUST4691,2023-02-20 01:52:00,6.68,Grocery,UPI,POS,Bengaluru,0,170,188.05,1430,0,0,0.0355224674288753,181.37,0,0,3.9178082191780823,0,1,0,1,0,1
T104367,CUST6410,2023-12-22 14:35:00,46.65,Fashion,UPI,Desktop,Delhi,0,136,499.7,188,0,0,0.0933560136081649,453.05,0,0,0.5150684931506849,0,14,4,0,0,0
T104368,CUST3862,2024-01-05 01:52:00,14.27,Food,Debit Card,POS,Mumbai,0,30,153.01,1839,1,1,0.09326187830860729,138.73999999999998,0,0,5.038356164383561,0,1,4,1,0,2
T104369,CUST2046,2023-05-27 02:48:00,16.31,Electronics,Credit Card,Mobile,Kolkata,0,64,87.06,656,0,0,0.1873420629450953,70.75,0,0,1.7972602739726027,0,2,5,1,1,1
T104370,CUST9740,2023-03-18 08:04:00,18.08,Entertainment,UPI,Mobile,Pune,0,9,279.22,1270,0,0,0.06475180860969844,261.14000000000004,0,0,3.4794520547945207,0,8,5,0,1,0
T104371,CUST8120,2023-05-23 14:55:00,39.11,Travel,PayPal,Desktop,Mumbai,0,57,264.43,802,0,0,0.14790303672049313,225.32,0,0,2.197260273972603,0,14,1,0,0,0
T104372,CUST2846,2023-11-28 19:09:00,4.2,Entertainment,Debit Card,POS,Chennai,0,107,230.31,1723,1,0,0.01823629021753289,226.11,0,0,4.720547945205479,0,19,1,0,0,1
T104373,CUST3908,2023-10-08 21:54:00,40.57,Food,NetBanking,Mobile,Bengaluru,0,187,473.86,1098,0,0,0.0856160047271346,433.29,0,0,3.0082191780821916,0,21,6,0,1,0
T104374,CUST8738,2023-09-21 10:37:00,57.35,Electronics,Debit Card,Desktop,Pune,0,95,147.27,1685,0,0,0.38942079174305694,89.92000000000002,0,0,4.616438356164384,0,10,3,0,0,0
T104375,CUST1530,2023-05-04 13:31:00,52.82,Electronics,Credit Card,Desktop,Chennai,0,195,153.73,1268,0,0,0.34358941000455345,100.91,0,0,3.473972602739726,0,13,3,0,0,0
T104376,CUST1580,2023-05-01 04:22:00,38.6,Electronics,Debit Card,Desktop,Kolkata,0,75,78.73,1564,0,0,0.4902832465388035,40.13,0,0,4.284931506849315,0,4,0,1,0,1
T104377,CUST9887,2023-10-18 00:35:00,146.18,Health,NetBanking,Mobile,Mumbai,0,5,351.67,157,0,0,0.41567378508260583,205.49,0,0,0.4301369863013699,0,0,2,1,0,1
T104378,CUST1015,2023-02-26 13:46:00,12.56,Food,PayPal,POS,Delhi,0,95,167.47,1307,0,0,0.07499850719531857,154.91,0,0,3.580821917808219,0,13,6,0,1,0
T104379,CUST8556,2023-03-10 22:36:00,56.37,Utilities,NetBanking,Mobile,Hyderabad,0,4,403.34,1603,1,0,0.1397580205285863,346.96999999999997,0,0,4.391780821917808,1,22,4,0,0,1
T104380,CUST6555,2024-02-13 12:56:00,5.12,Travel,Debit Card,Mobile,Chennai,0,8,486.16,906,0,0,0.01053151225933849,481.04,0,0,2.4821917808219176,0,12,1,0,0,0
T104381,CUST5166,2023-10-29 15:58:00,5.91,Travel,NetBanking,POS,Pune,0,170,31.41,1775,0,0,0.18815663801337154,25.5,0,0,4.863013698630137,0,15,6,0,1,0
T104382,CUST6332,2023-01-24 02:36:00,68.24,Electronics,Debit Card,Desktop,Mumbai,0,163,496.63,1405,0,0,0.13740611723013108,428.39,0,0,3.8493150684931505,0,2,1,1,0,1
T104383,CUST5294,2023-12-31 04:31:00,66.78,Food,PayPal,Mobile,Hyderabad,0,141,134.51,635,0,0,0.4964686640398484,67.72999999999999,0,0,1.7397260273972603,0,4,6,1,1,1
T104384,CUST8451,2023-11-13 02:48:00,168.32,Health,PayPal,Desktop,Hyderabad,0,133,215.85,570,0,0,0.7798007875839703,47.53,0,0,1.5616438356164384,0,2,0,1,0,1
T104385,CUST7885,2023-10-20 13:30:00,65.29,Electronics,Credit Card,Desktop,Mumbai,0,40,391.09,193,0,0,0.16694367025492857,325.79999999999995,0,0,0.5287671232876713,0,13,4,0,0,0
T104386,CUST8916,2023-03-06 09:19:00,257.09,Grocery,PayPal,POS,Bengaluru,0,19,336.01,678,0,0,0.7651260379155381,78.92000000000002,0,0,1.8575342465753424,0,9,0,0,0,0
T104387,CUST6778,2023-12-03 02:28:00,3.99,Utilities,UPI,POS,Mumbai,0,82,391.43,1588,0,1,0.010193393454768414,387.44,0,0,4.35068493150685,0,2,6,1,1,1
T104388,CUST1280,2024-02-05 00:44:00,8.25,Entertainment,NetBanking,POS,Pune,0,125,238.5,160,1,1,0.03459119496855346,230.25,0,0,0.4383561643835616,0,0,0,1,0,2
T104389,CUST2420,2023-08-12 13:30:00,3.61,Travel,NetBanking,Desktop,Kolkata,0,4,458.87,1651,0,0,0.007867151916664851,455.26,0,0,4.523287671232877,1,13,5,0,1,0
T104390,CUST3918,2023-06-10 07:00:00,16.39,Entertainment,Debit Card,Desktop,Delhi,0,128,397.07,725,0,0,0.04127735663736873,380.68,0,0,1.9863013698630136,0,7,5,0,1,0
T104391,CUST5472,2023-07-21 22:30:00,62.34,Fashion,PayPal,Mobile,Pune,0,187,161.52,533,0,0,0.3859583952451709,99.18,0,0,1.4602739726027398,0,22,4,0,0,0
T104392,CUST7767,2023-04-16 14:44:00,82.98,Electronics,Credit Card,Desktop,Kolkata,0,146,474.76,1477,0,0,0.1747830482770242,391.78,0,0,4.046575342465753,0,14,6,0,1,0
T104393,CUST1551,2023-10-17 18:32:00,3.73,Grocery,Credit Card,POS,Hyderabad,0,152,480.92,1802,0,0,0.007755967728520336,477.19,0,0,4.936986301369863,0,18,1,0,0,0
T104394,CUST1226,2023-02-13 18:16:00,233.46,Travel,Credit Card,POS,Delhi,0,107,213.38,213,0,0,1.0941044146592933,20.080000000000013,0,0,0.5835616438356165,0,18,0,0,0,0
T104395,CUST8771,2023-05-02 07:14:00,147.7,Entertainment,UPI,POS,Chennai,0,93,329.46,855,0,0,0.44830935470163297,181.76,0,0,2.3424657534246576,0,7,1,0,0,0
T104396,CUST4840,2023-01-21 08:39:00,28.15,Utilities,PayPal,POS,Hyderabad,0,31,409.24,700,0,0,0.06878604242009578,381.09000000000003,0,0,1.917808219178082,0,8,5,0,1,0
T104397,CUST2384,2024-01-03 08:40:00,6.43,Health,Credit Card,Desktop,Bengaluru,0,58,410.48,1011,0,0,0.01566458779964919,404.05,0,0,2.76986301369863,0,8,2,0,0,0
T104398,CUST7817,2023-02-12 09:15:00,14.9,Food,UPI,POS,Mumbai,0,28,16.92,1576,0,0,0.8806146572104018,2.0200000000000014,0,0,4.317808219178082,0,9,6,0,1,0
T104399,CUST7557,2023-06-14 10:37:00,10.86,Travel,NetBanking,Mobile,Chennai,0,137,318.22,1052,0,0,0.034127333291433595,307.36,0,0,2.882191780821918,0,10,2,0,0,0
T104400,CUST1738,2023-08-30 15:21:00,10.53,Utilities,Debit Card,Desktop,Pune,0,173,487.11,583,0,0,0.021617293835068052,476.58000000000004,0,0,1.5972602739726027,0,15,2,0,0,0
T104401,CUST8378,2023-07-12 11:59:00,58.48,Entertainment,PayPal,POS,Delhi,0,90,123.36,1288,1,1,0.47405966277561606,64.88,0,0,3.5287671232876714,0,11,2,0,0,1
T104402,CUST3432,2023-12-30 08:11:00,22.57,Food,PayPal,Mobile,Chennai,0,49,399.85,160,0,0,0.056446167312742275,377.28000000000003,0,0,0.4383561643835616,0,8,5,0,1,0
T104403,CUST4819,2023-02-05 19:07:00,35.47,Entertainment,NetBanking,POS,Bengaluru,0,111,271.78,726,0,0,0.13050997130031644,236.30999999999997,0,0,1.989041095890411,0,19,6,0,1,0
T104404,CUST1922,2023-05-18 06:02:00,364.55,Food,PayPal,Desktop,Mumbai,0,2,118.52,1067,0,0,3.0758521768477896,246.03000000000003,1,0,2.9232876712328766,1,6,3,0,0,1
T104405,CUST8493,2023-02-28 11:21:00,92.24,Health,PayPal,Desktop,Chennai,1,6,35.01,843,0,1,2.634675806912311,57.23,0,0,2.3095890410958906,0,11,1,0,0,1
T104406,CUST3185,2023-03-02 05:26:00,238.04,Health,PayPal,Mobile,Pune,0,29,382.36,1819,0,1,0.622554660529344,144.32000000000002,0,0,4.983561643835617,0,5,3,0,0,0
T104407,CUST1694,2023-03-07 05:20:00,12.3,Electronics,PayPal,Desktop,Delhi,0,154,165.07,688,0,0,0.07451384261222513,152.76999999999998,0,0,1.884931506849315,0,5,1,0,0,0
T104408,CUST2893,2023-02-28 02:07:00,38.52,Electronics,UPI,Mobile,Chennai,1,156,194.04,409,0,1,0.1985157699443414,155.51999999999998,0,0,1.1205479452054794,0,2,1,1,0,2
T104409,CUST4905,2023-11-09 01:23:00,64.73,Travel,UPI,POS,Mumbai,1,7,247.76,1113,0,0,0.26126089764288024,183.02999999999997,0,0,3.0493150684931507,0,1,3,1,0,2
T104410,CUST2750,2023-10-25 17:23:00,6.39,Health,Debit Card,Desktop,Pune,0,34,258.53,956,0,0,0.024716667311337176,252.14,0,0,2.6191780821917807,0,17,2,0,0,0
T104411,CUST5672,2023-10-14 21:46:00,0.34,Grocery,PayPal,POS,Chennai,0,184,111.03,1345,0,0,0.003062235431865262,110.69,0,0,3.684931506849315,0,21,5,0,1,0
T104412,CUST1335,2023-01-17 05:47:00,88.8,Entertainment,NetBanking,POS,Delhi,1,138,338.61,1213,1,1,0.26224860458935056,249.81,0,0,3.3232876712328765,0,5,1,0,0,2
T104413,CUST2597,2023-03-05 00:48:00,82.14,Entertainment,Credit Card,Desktop,Mumbai,0,112,349.34,1500,0,1,0.23512910058968342,267.2,0,0,4.109589041095891,0,0,6,1,1,1
T104414,CUST6321,2024-01-02 15:02:00,42.32,Entertainment,Debit Card,POS,Bengaluru,0,57,79.73,567,1,0,0.5307914210460303,37.410000000000004,0,0,1.5534246575342465,0,15,1,0,0,1
T104415,CUST6963,2023-05-22 00:23:00,53.81,Travel,Credit Card,Mobile,Bengaluru,0,175,271.13,606,0,0,0.19846568066978942,217.32,0,0,1.6602739726027398,0,0,0,1,0,1
T104416,CUST1665,2023-08-26 18:10:00,42.95,Entertainment,Credit Card,Mobile,Hyderabad,1,27,308.54,1439,0,0,0.13920399299928696,265.59000000000003,0,0,3.9424657534246577,0,18,5,0,1,1
T104417,CUST9449,2023-10-20 04:06:00,1.94,Fashion,PayPal,Mobile,Chennai,0,39,101.26,1123,1,1,0.019158601619593124,99.32000000000001,0,0,3.0767123287671234,0,4,4,1,0,2
T104418,CUST4059,2024-01-17 01:43:00,32.68,Food,NetBanking,Desktop,Delhi,0,150,448.29,1435,0,0,0.07289923933168262,415.61,0,0,3.9315068493150687,0,1,2,1,0,1
T104419,CUST1701,2023-07-06 01:04:00,15.59,Entertainment,Credit Card,POS,Chennai,0,119,246.58,714,0,0,0.06322491686268147,230.99,0,0,1.9561643835616438,0,1,3,1,0,1
T104420,CUST1007,2023-12-08 19:54:00,8.29,Utilities,Credit Card,POS,Mumbai,0,147,66.36,1278,0,0,0.12492465340566605,58.07,0,0,3.5013698630136987,0,19,4,0,0,0
T104421,CUST6916,2023-07-13 04:06:00,251.21,Food,Debit Card,POS,Hyderabad,1,100,173.85,1561,0,1,1.4449813057233247,77.36000000000001,0,0,4.276712328767124,0,4,3,1,0,2
T104422,CUST9347,2023-01-18 11:28:00,73.18,Electronics,NetBanking,POS,Delhi,0,9,243.71,1718,0,0,0.3002749169094416,170.53,0,0,4.706849315068493,0,11,2,0,0,0
T104423,CUST3692,2023-02-14 00:27:00,104.35,Entertainment,NetBanking,Mobile,Chennai,0,147,14.97,69,0,1,6.970607882431529,89.38,1,0,0.18904109589041096,0,0,1,1,0,2
T104424,CUST9028,2023-12-09 02:57:00,30.31,Utilities,Credit Card,Desktop,Delhi,0,2,25.64,1199,0,0,1.1821372854914196,4.669999999999998,0,0,3.2849315068493152,1,2,5,1,1,1
T104425,CUST1963,2023-02-03 15:48:00,39.96,Grocery,NetBanking,Mobile,Mumbai,0,92,37.21,395,0,0,1.0739048642837947,2.75,0,0,1.082191780821918,0,15,4,0,0,0
T104426,CUST2836,2023-08-13 05:58:00,21.63,Utilities,Debit Card,Mobile,Hyderabad,0,189,273.69,1663,0,0,0.07903102049764332,252.06,0,0,4.556164383561644,0,5,6,0,1,0
T104427,CUST8572,2023-08-01 06:26:00,8.16,Health,Debit Card,Desktop,Delhi,0,59,174.68,277,0,0,0.04671399129837417,166.52,0,0,0.7589041095890411,0,6,1,0,0,0
T104428,CUST2691,2023-05-19 21:48:00,15.78,Health,Debit Card,Desktop,Mumbai,0,198,447.62,41,0,0,0.035253116482730884,431.84000000000003,0,0,0.11232876712328767,0,21,4,0,0,0
T104429,CUST9946,2023-03-01 21:45:00,127.77,Electronics,PayPal,Mobile,Bengaluru,0,71,284.02,1589,0,0,0.4498626857263573,156.25,0,0,4.353424657534247,0,21,2,0,0,0
T104430,CUST2930,2023-01-05 21:39:00,90.54,Fashion,Credit Card,POS,Delhi,0,70,382.35,766,0,0,0.23679874460572775,291.81,0,0,2.0986301369863014,0,21,3,0,0,0
T104431,CUST1453,2024-02-09 12:09:00,63.34,Travel,NetBanking,Desktop,Hyderabad,0,161,346.7,539,0,0,0.18269397173348717,283.36,0,0,1.4767123287671233,0,12,4,0,0,0
T104432,CUST5759,2023-05-13 22:33:00,51.56,Travel,Debit Card,Desktop,Kolkata,0,193,264.96,1298,0,0,0.19459541062801936,213.39999999999998,0,0,3.5561643835616437,0,22,5,0,1,0
T104433,CUST9303,2023-07-18 10:13:00,204.53,Grocery,Credit Card,Mobile,Pune,0,25,374.91,200,0,0,0.5455442639566829,170.38000000000002,0,0,0.547945205479452,0,10,1,0,0,0
T104434,CUST1338,2023-10-12 06:05:00,6.04,Electronics,Credit Card,POS,Pune,0,70,276.91,1085,0,0,0.02181214112888664,270.87,0,0,2.9726027397260273,0,6,3,0,0,0
T104435,CUST4372,2023-04-15 08:11:00,26.35,Electronics,PayPal,Desktop,Delhi,0,156,198.87,1679,0,0,0.13249861718710715,172.52,0,0,4.6,0,8,5,0,1,0
T104436,CUST3313,2023-07-14 06:35:00,34.45,Fashion,NetBanking,Mobile,Delhi,0,146,223.54,750,0,0,0.1541111210521607,189.08999999999997,0,0,2.0547945205479454,0,6,4,0,0,0
T104437,CUST5300,2023-12-27 02:46:00,122.02,Entertainment,NetBanking,Desktop,Mumbai,0,63,420.87,1024,0,0,0.2899232542115142,298.85,0,0,2.8054794520547945,0,2,2,1,0,1
T104438,CUST9452,2023-08-20 02:15:00,391.58,Travel,Debit Card,POS,Chennai,1,49,286.0,844,0,0,1.3691608391608392,105.57999999999998,0,0,2.3123287671232875,0,2,6,1,1,2
T104439,CUST1900,2023-04-02 23:59:00,22.03,Entertainment,Debit Card,Mobile,Pune,0,123,194.88,458,0,0,0.11304392446633826,172.85,0,0,1.2547945205479452,0,23,6,0,1,0
T104440,CUST2345,2023-03-10 22:33:00,165.91,Electronics,Credit Card,Mobile,Chennai,0,124,98.07,1088,0,0,1.691750790251861,67.84,0,0,2.9808219178082194,0,22,4,0,0,0
T104441,CUST4221,2023-04-01 06:59:00,142.05,Entertainment,NetBanking,POS,Pune,0,194,252.73,234,0,0,0.5620622799034544,110.67999999999998,0,0,0.6410958904109589,0,6,5,0,1,0
T104442,CUST9984,2023-04-17 09:05:00,20.36,Health,NetBanking,Mobile,Delhi,0,40,133.68,919,0,0,0.1523040095751047,113.32000000000001,0,0,2.5178082191780824,0,9,0,0,0,0
T104443,CUST3052,2023-07-08 15:09:00,40.78,Grocery,Debit Card,POS,Hyderabad,0,85,478.23,1437,0,0,0.08527277669740502,437.45000000000005,0,0,3.936986301369863,0,15,5,0,1,0
T104444,CUST9656,2023-09-21 04:52:00,42.17,Travel,UPI,Mobile,Hyderabad,0,87,250.58,934,0,0,0.16828956820177188,208.41000000000003,0,0,2.558904109589041,0,4,3,1,0,1
T104445,CUST1907,2023-12-11 16:46:00,306.14,Fashion,Credit Card,POS,Kolkata,0,194,14.38,1319,0,0,21.289290681502084,291.76,1,0,3.6136986301369864,0,16,0,0,0,1
T104446,CUST6535,2023-06-18 01:14:00,15.96,Grocery,NetBanking,Desktop,Pune,1,80,55.51,1630,0,0,0.287515762925599,39.55,0,0,4.465753424657534,0,1,6,1,1,2
T104447,CUST5859,2023-12-05 22:55:00,128.42,Food,PayPal,Desktop,Pune,0,4,149.32,1496,1,1,0.860032145727297,20.900000000000006,0,0,4.098630136986301,1,22,1,0,0,1
T104448,CUST6763,2023-01-27 01:59:00,32.54,Health,PayPal,Desktop,Mumbai,1,34,55.16,1663,0,0,0.5899202320522118,22.619999999999997,0,0,4.556164383561644,0,1,4,1,0,2
T104449,CUST8821,2023-05-01 23:26:00,105.0,Fashion,UPI,Mobile,Delhi,0,5,448.04,726,0,0,0.2343540755289706,343.04,0,0,1.989041095890411,0,23,0,0,0,0
T104450,CUST7582,2023-10-24 10:50:00,43.58,Utilities,Debit Card,POS,Delhi,0,150,428.63,779,0,0,0.10167277138791031,385.05,0,0,2.1342465753424658,0,10,1,0,0,0
T104451,CUST4220,2023-08-01 08:02:00,69.09,Grocery,Debit Card,POS,Kolkata,0,148,485.72,1538,0,0,0.14224244420653875,416.63,0,0,4.213698630136986,0,8,1,0,0,0
T104452,CUST9278,2023-05-07 20:49:00,143.0,Electronics,Debit Card,Desktop,Chennai,0,103,356.17,1014,0,0,0.40149366875368503,213.17000000000002,0,0,2.778082191780822,0,20,6,0,1,0
T104453,CUST6265,2023-12-06 12:27:00,130.44,Food,PayPal,Desktop,Mumbai,0,175,326.28,1523,0,0,0.39977933063626336,195.83999999999997,0,0,4.1726027397260275,0,12,2,0,0,0
T104454,CUST3859,2023-07-15 22:07:00,161.05,Fashion,Debit Card,Desktop,Bengaluru,0,34,462.51,1319,0,0,0.3482086873797324,301.46,0,0,3.6136986301369864,0,22,5,0,1,0
T104455,CUST3425,2024-02-12 13:59:00,4.92,Electronics,PayPal,POS,Hyderabad,0,172,473.73,1015,0,0,0.01038566271927047,468.81,0,0,2.780821917808219,0,13,0,0,0,0
T104456,CUST3198,2023-11-03 04:19:00,94.23,Health,UPI,Desktop,Hyderabad,0,6,439.97,1968,0,0,0.21417369366093142,345.74,0,0,5.391780821917808,0,4,4,1,0,1
T104457,CUST3392,2023-10-15 08:10:00,12.06,Utilities,Credit Card,Mobile,Delhi,0,184,432.12,1797,0,0,0.027908914190502638,420.06,0,0,4.923287671232877,0,8,6,0,1,0
T104458,CUST6465,2023-03-02 05:22:00,43.0,Food,NetBanking,Desktop,Kolkata,0,29,339.13,1162,0,0,0.12679503435260814,296.13,0,0,3.1835616438356165,0,5,3,0,0,0
T104459,CUST7764,2023-11-23 07:00:00,63.63,Travel,UPI,Desktop,Mumbai,1,53,10.79,1542,0,0,5.897126969416127,52.84,1,0,4.2246575342465755,0,7,3,0,0,2
T104460,CUST1104,2023-04-30 01:10:00,41.23,Utilities,PayPal,POS,Bengaluru,0,1,220.46,1231,0,0,0.18701805316157125,179.23000000000002,0,0,3.372602739726027,1,1,6,1,1,1
T104461,CUST1973,2023-06-26 22:36:00,58.65,Electronics,UPI,Mobile,Hyderabad,0,59,321.47,278,0,0,0.18244315177154943,262.82000000000005,0,0,0.7616438356164383,0,22,0,0,0,0
T104462,CUST5039,2023-08-12 12:11:00,453.0,Grocery,NetBanking,POS,Mumbai,0,176,278.09,1889,0,0,1.6289690388003886,174.91000000000003,0,0,5.175342465753425,0,12,5,0,1,0
T104463,CUST1922,2023-01-10 13:15:00,11.62,Entertainment,Credit Card,Mobile,Bengaluru,0,7,412.35,1925,0,0,0.02817994422214138,400.73,0,0,5.273972602739726,0,13,1,0,0,0
T104464,CUST2788,2023-11-08 19:17:00,90.03,Fashion,NetBanking,Mobile,Pune,0,160,411.26,1058,0,0,0.2189126100277197,321.23,0,0,2.8986301369863012,0,19,2,0,0,0
T104465,CUST9172,2024-01-26 22:17:00,40.33,Food,PayPal,Desktop,Delhi,0,78,303.35,1210,0,0,0.1329487390802703,263.02000000000004,0,0,3.315068493150685,0,22,4,0,0,0
T104466,CUST5217,2024-02-06 14:01:00,11.42,Electronics,NetBanking,Desktop,Chennai,0,189,20.78,259,0,0,0.5495668912415784,9.360000000000001,0,0,0.7095890410958904,0,14,1,0,0,0
T104467,CUST4972,2023-04-03 12:58:00,13.83,Travel,UPI,POS,Hyderabad,0,185,190.97,657,0,0,0.07241975179347541,177.14,0,0,1.8,0,12,0,0,0,0
T104468,CUST5575,2023-08-14 22:40:00,238.5,Entertainment,Debit Card,POS,Hyderabad,0,51,122.12,1314,0,0,1.9529970520799214,116.38,0,0,3.6,0,22,0,0,0,0
T104469,CUST4063,2023-03-14 01:37:00,169.36,Fashion,UPI,POS,Bengaluru,0,147,176.01,857,0,0,0.9622180557922847,6.649999999999977,0,0,2.347945205479452,0,1,1,1,0,1
T104470,CUST1503,2023-05-14 11:43:00,190.05,Fashion,PayPal,Mobile,Chennai,0,27,312.47,350,0,0,0.6082183889653406,122.42000000000002,0,0,0.958904109589041,0,11,6,0,1,0
T104471,CUST2893,2023-10-12 20:55:00,381.72,Electronics,Credit Card,POS,Pune,0,63,42.57,1180,0,0,8.966878083157154,339.15000000000003,1,0,3.232876712328767,0,20,3,0,0,1
T104472,CUST8066,2023-03-25 13:29:00,18.69,Travel,NetBanking,Mobile,Mumbai,0,188,20.9,57,0,0,0.8942583732057418,2.2099999999999973,0,0,0.15616438356164383,0,13,5,0,1,0
T104473,CUST8411,2024-02-08 09:54:00,35.13,Health,Credit Card,Mobile,Delhi,0,61,224.07,880,0,0,0.15678136296693,188.94,0,0,2.410958904109589,0,9,3,0,0,0
T104474,CUST7098,2023-04-20 06:19:00,88.5,Entertainment,PayPal,Mobile,Mumbai,1,61,398.85,539,0,1,0.22188792779240316,310.35,0,0,1.4767123287671233,0,6,3,0,0,1
T104475,CUST7421,2024-02-21 09:29:00,52.9,Health,NetBanking,Mobile,Bengaluru,0,126,25.04,257,0,0,2.112619808306709,27.86,0,0,0.7041095890410959,0,9,2,0,0,0
T104476,CUST3457,2023-03-22 22:59:00,43.36,Food,UPI,Mobile,Hyderabad,0,45,426.03,670,0,0,0.10177687017346197,382.66999999999996,0,0,1.8356164383561644,0,22,2,0,0,0
T104477,CUST2905,2023-10-05 05:21:00,35.43,Electronics,UPI,Desktop,Pune,0,149,198.1,570,0,1,0.17884906612821808,162.67,0,0,1.5616438356164384,0,5,3,0,0,0
T104478,CUST8005,2024-01-01 10:02:00,72.07,Entertainment,PayPal,Mobile,Hyderabad,0,172,67.94,1232,0,0,1.0607889314100676,4.1299999999999955,0,0,3.3753424657534246,0,10,0,0,0,0
T104479,CUST6579,2024-02-04 03:01:00,68.57,Food,NetBanking,Mobile,Mumbai,0,129,288.07,1729,1,1,0.23803242267504424,219.5,0,0,4.736986301369863,0,3,6,1,1,2
T104480,CUST8977,2023-05-08 19:26:00,14.09,Utilities,UPI,Desktop,Pune,0,95,476.66,701,0,0,0.0295598539839718,462.57000000000005,0,0,1.9205479452054794,0,19,0,0,0,0
T104481,CUST7756,2023-11-06 05:43:00,51.05,Health,PayPal,Desktop,Kolkata,0,91,275.83,1885,0,0,0.185077765290215,224.77999999999997,0,0,5.164383561643835,0,5,0,0,0,0
T104482,CUST4259,2023-09-21 05:07:00,64.5,Utilities,PayPal,Desktop,Delhi,1,44,346.45,939,0,0,0.18617405108962332,281.95,0,0,2.5726027397260274,0,5,3,0,0,1
T104483,CUST7648,2023-05-16 10:02:00,67.57,Utilities,Credit Card,POS,Bengaluru,0,62,410.05,1341,0,0,0.1647847823436166,342.48,0,0,3.673972602739726,0,10,1,0,0,0
T104484,CUST4279,2023-08-20 07:38:00,18.87,Entertainment,UPI,POS,Delhi,0,61,401.68,1547,0,0,0.04697769368651663,382.81,0,0,4.238356164383561,0,7,6,0,1,0
T104485,CUST7641,2023-03-11 08:16:00,108.47,Fashion,NetBanking,Mobile,Bengaluru,0,79,45.83,1318,0,0,2.3667903120226925,62.64,0,0,3.610958904109589,0,8,5,0,1,0
T104486,CUST4757,2023-02-26 04:15:00,2.04,Food,UPI,Mobile,Delhi,0,89,373.09,1520,0,0,0.005467849580530168,371.04999999999995,0,0,4.164383561643835,0,4,6,1,1,1
T104487,CUST6605,2023-02-02 23:49:00,35.06,Utilities,UPI,Mobile,Kolkata,0,112,475.23,1448,0,0,0.0737748037792227,440.17,0,0,3.967123287671233,0,23,3,0,0,0
T104488,CUST5374,2023-12-18 11:30:00,121.21,Travel,UPI,Mobile,Mumbai,0,111,353.32,1485,0,0,0.3430601154760557,232.11,0,0,4.068493150684931,0,11,0,0,0,0
T104489,CUST9945,2023-01-25 19:49:00,66.39,Grocery,PayPal,Desktop,Chennai,0,50,419.86,1488,0,0,0.15812413661696756,353.47,0,0,4.076712328767123,0,19,2,0,0,0
T104490,CUST8780,2024-01-17 18:14:00,24.21,Health,Debit Card,POS,Pune,0,41,247.92,1441,0,0,0.09765246853823815,223.70999999999998,0,0,3.947945205479452,0,18,2,0,0,0
T104491,CUST9887,2023-02-11 01:05:00,94.98,Health,Debit Card,Desktop,Bengaluru,0,33,166.34,838,0,0,0.5709991583503667,71.36,0,0,2.2958904109589042,0,1,5,1,1,1
T104492,CUST2041,2023-12-31 08:54:00,67.03,Travel,Credit Card,POS,Mumbai,0,12,341.36,1590,0,0,0.19636161237403327,274.33000000000004,0,0,4.3561643835616435,0,8,6,0,1,0
T104493,CUST3870,2023-01-11 15:02:00,127.27,Entertainment,UPI,Desktop,Hyderabad,0,2,251.18,1198,0,0,0.5066884306075324,123.91000000000001,0,0,3.282191780821918,1,15,2,0,0,0
T104494,CUST1372,2023-03-28 15:19:00,106.25,Entertainment,Debit Card,Mobile,Hyderabad,0,107,448.69,1228,0,0,0.23680046357173104,342.44,0,0,3.3643835616438356,0,15,1,0,0,0
T104495,CUST7383,2023-11-04 01:19:00,75.35,Entertainment,Credit Card,POS,Delhi,0,149,487.45,549,0,0,0.1545799569186583,412.1,0,0,1.5041095890410958,0,1,5,1,1,1
T104496,CUST4198,2023-12-28 02:31:00,53.58,Food,PayPal,Mobile,Hyderabad,0,142,411.7,1367,0,0,0.13014330823415107,358.12,0,0,3.745205479452055,0,2,3,1,0,1
T104497,CUST6033,2023-08-16 18:06:00,11.43,Electronics,UPI,POS,Chennai,0,34,496.41,1674,0,0,0.023025321810600106,484.98,0,0,4.586301369863014,0,18,2,0,0,0
T104498,CUST7320,2023-06-01 10:49:00,24.23,Utilities,NetBanking,POS,Bengaluru,0,85,180.7,1182,0,0,0.13408965135583842,156.47,0,0,3.2383561643835614,0,10,3,0,0,0
T104499,CUST1931,2023-01-19 23:58:00,43.45,Fashion,PayPal,Mobile,Delhi,0,192,448.92,543,1,1,0.09678784638688408,405.47,0,0,1.4876712328767123,0,23,3,0,0,1
T104500,CUST6904,2023-03-05 21:12:00,73.16,Grocery,Credit Card,Mobile,Bengaluru,0,151,171.67,1063,0,0,0.42616648220422904,98.50999999999999,0,0,2.9123287671232876,0,21,6,0,1,0
T104501,CUST3443,2023-01-05 18:32:00,57.68,Electronics,PayPal,Mobile,Bengaluru,0,85,67.84,376,0,0,0.8502358490566038,10.160000000000004,0,0,1.0301369863013699,0,18,3,0,0,0
T104502,CUST4601,2024-01-25 17:53:00,27.19,Electronics,NetBanking,Desktop,Kolkata,0,50,314.47,146,0,0,0.08646293764111043,287.28000000000003,0,0,0.4,0,17,3,0,0,0
T104503,CUST7004,2024-01-31 16:55:00,0.52,Travel,PayPal,POS,Mumbai,0,142,232.94,440,0,0,0.0022323345067399333,232.42,0,0,1.2054794520547945,0,16,2,0,0,0
T104504,CUST2500,2023-04-27 20:57:00,54.85,Food,Credit Card,POS,Hyderabad,0,106,461.63,1450,0,0,0.1188181010766198,406.78,0,0,3.9726027397260273,0,20,3,0,0,0
T104505,CUST1318,2023-10-22 17:49:00,26.91,Health,NetBanking,POS,Pune,0,46,251.18,1884,0,0,0.10713432598136795,224.27,0,0,5.161643835616438,0,17,6,0,1,0
T104506,CUST1275,2023-02-14 02:30:00,106.12,Health,NetBanking,Mobile,Bengaluru,0,118,464.54,1064,0,0,0.22844103844663538,358.42,0,0,2.915068493150685,0,2,1,1,0,1
T104507,CUST1753,2023-07-04 16:47:00,1.94,Travel,PayPal,POS,Chennai,0,5,48.53,1451,0,0,0.03997527302699361,46.59,0,0,3.9753424657534246,0,16,1,0,0,0
T104508,CUST8090,2023-03-22 04:57:00,70.32,Food,NetBanking,POS,Kolkata,0,66,416.95,1661,0,1,0.1686533157452932,346.63,0,0,4.550684931506849,0,4,2,1,0,1
T104509,CUST2353,2023-08-25 10:36:00,227.06,Travel,PayPal,Mobile,Chennai,1,150,381.97,1945,0,0,0.5944445898892583,154.91000000000003,0,0,5.328767123287672,0,10,4,0,0,1
T104510,CUST4070,2024-02-08 12:02:00,15.33,Health,UPI,Mobile,Pune,0,70,362.79,1146,0,0,0.04225585049202017,347.46000000000004,0,0,3.1397260273972605,0,12,3,0,0,0
T104511,CUST6527,2023-06-11 05:29:00,51.04,Electronics,NetBanking,POS,Hyderabad,0,108,184.02,1155,0,0,0.27736115639604386,132.98000000000002,0,0,3.164383561643836,0,5,6,0,1,0
T104512,CUST3651,2023-10-08 06:25:00,7.67,Fashion,PayPal,Desktop,Hyderabad,0,2,394.04,127,0,0,0.019465028931072985,386.37,0,0,0.34794520547945207,1,6,6,0,1,0
T104513,CUST3851,2023-12-16 12:46:00,78.61,Utilities,UPI,Mobile,Delhi,1,29,246.82,311,0,0,0.3184912081678956,168.20999999999998,0,0,0.852054794520548,0,12,5,0,1,1
T104514,CUST5707,2023-10-24 18:13:00,63.98,Entertainment,NetBanking,Desktop,Delhi,0,61,360.45,836,1,0,0.1775003467887363,296.46999999999997,0,0,2.2904109589041095,0,18,1,0,0,1
T104515,CUST7804,2023-03-13 10:05:00,41.85,Food,UPI,Desktop,Delhi,0,100,280.59,889,0,0,0.14915000534587836,238.73999999999998,0,0,2.4356164383561643,0,10,0,0,0,0
T104516,CUST2662,2024-02-19 02:48:00,58.95,Utilities,NetBanking,Desktop,Hyderabad,0,128,87.15,1721,0,0,0.6764199655765921,28.200000000000003,0,0,4.715068493150685,0,2,0,1,0,1
T104517,CUST8078,2023-02-19 16:37:00,181.51,Grocery,Credit Card,Desktop,Bengaluru,0,199,41.63,686,1,1,4.360076867643526,139.88,1,0,1.8794520547945206,0,16,6,0,1,2
T104518,CUST9584,2023-03-17 21:11:00,17.48,Grocery,Credit Card,Mobile,Mumbai,0,144,189.43,1474,1,1,0.09227683049147442,171.95000000000002,0,0,4.038356164383561,0,21,4,0,0,1
T104519,CUST9115,2023-05-12 04:52:00,1.83,Electronics,PayPal,POS,Pune,0,192,467.07,1417,0,0,0.003918042263472285,465.24,0,0,3.882191780821918,0,4,4,1,0,1
T104520,CUST7053,2023-12-02 04:17:00,158.25,Travel,Debit Card,POS,Kolkata,0,97,269.57,240,0,0,0.5870460362800015,111.32,0,0,0.6575342465753424,0,4,5,1,1,1
T104521,CUST9211,2023-10-15 03:58:00,68.85,Travel,Credit Card,Mobile,Pune,0,97,403.07,1720,0,0,0.1708140025305778,334.22,0,0,4.712328767123288,0,3,6,1,1,1
T104522,CUST3420,2023-04-26 13:15:00,177.06,Health,Debit Card,Mobile,Pune,0,14,292.22,1807,0,0,0.6059133529532543,115.16000000000003,0,0,4.950684931506849,0,13,2,0,0,0
T104523,CUST4057,2023-08-16 11:06:00,72.69,Electronics,UPI,Desktop,Delhi,0,43,479.37,537,0,0,0.15163652293635396,406.68,0,0,1.4712328767123288,0,11,2,0,0,0
T104524,CUST6089,2023-12-14 10:22:00,132.93,Health,UPI,Desktop,Mumbai,0,171,191.03,1129,0,0,0.6958592891168927,58.099999999999994,0,0,3.0931506849315067,0,10,3,0,0,0
T104525,CUST5167,2024-02-02 13:00:00,44.92,Health,Debit Card,Mobile,Chennai,0,70,37.95,1376,0,0,1.1836627140974967,6.969999999999999,0,0,3.76986301369863,0,13,4,0,0,0
T104526,CUST9174,2023-08-17 14:54:00,110.86,Grocery,PayPal,POS,Hyderabad,0,55,392.53,1943,0,0,0.2824242733039513,281.66999999999996,0,0,5.323287671232877,0,14,3,0,0,0
T104527,CUST8325,2023-09-09 13:45:00,195.39,Health,NetBanking,Desktop,Chennai,0,31,355.67,481,0,0,0.5493575505384204,160.28000000000003,0,0,1.3178082191780822,0,13,5,0,1,0
T104528,CUST5952,2023-04-26 09:52:00,67.91,Utilities,Debit Card,Mobile,Delhi,0,76,268.49,716,0,0,0.25293307013296584,200.58,0,0,1.9616438356164383,0,9,2,0,0,0
T104529,CUST9540,2023-04-07 15:57:00,15.95,Entertainment,Debit Card,Mobile,Bengaluru,0,168,169.93,652,0,0,0.09386217854410639,153.98000000000002,0,0,1.7863013698630137,0,15,4,0,0,0
T104530,CUST4744,2023-09-08 12:16:00,25.05,Health,Debit Card,Mobile,Kolkata,0,155,102.25,1000,0,0,0.2449877750611247,77.2,0,0,2.73972602739726,0,12,4,0,0,0
T104531,CUST3239,2023-11-21 17:08:00,17.72,Grocery,Debit Card,Desktop,Kolkata,0,52,246.32,959,0,0,0.07193894121468009,228.6,0,0,2.627397260273973,0,17,1,0,0,0
T104532,CUST1613,2023-11-17 05:31:00,22.68,Entertainment,Debit Card,Mobile,Delhi,0,128,336.44,47,0,0,0.06741172274402568,313.76,0,0,0.12876712328767123,0,5,4,0,0,0
T104533,CUST1739,2023-07-08 03:26:00,29.27,Travel,PayPal,POS,Mumbai,0,7,293.65,1344,0,0,0.09967648561212328,264.38,0,0,3.682191780821918,0,3,5,1,1,1
T104534,CUST5150,2024-02-11 08:18:00,64.8,Food,Credit Card,Mobile,Kolkata,0,174,224.37,815,0,0,0.2888086642599278,159.57,0,0,2.232876712328767,0,8,6,0,1,0
T104535,CUST1935,2023-07-17 10:16:00,70.94,Fashion,NetBanking,Desktop,Delhi,0,100,274.45,1803,0,0,0.25848059755875386,203.51,0,0,4.93972602739726,0,10,0,0,0,0
T104536,CUST6185,2023-01-29 06:35:00,44.48,Health,Credit Card,POS,Pune,1,161,62.9,227,0,0,0.7071542130365659,18.42,0,0,0.6219178082191781,0,6,6,0,1,1
T104537,CUST8274,2023-11-11 00:32:00,76.45,Utilities,Debit Card,POS,Bengaluru,0,136,350.96,1215,0,1,0.21783109186232053,274.51,0,0,3.328767123287671,0,0,5,1,1,1
T104538,CUST8466,2024-01-30 06:44:00,6.81,Entertainment,Credit Card,Mobile,Bengaluru,0,133,369.79,446,0,0,0.01841585764893588,362.98,0,0,1.2219178082191782,0,6,1,0,0,0
T104539,CUST4879,2023-12-18 02:52:00,7.35,Food,PayPal,Mobile,Hyderabad,0,61,15.61,413,0,0,0.4708520179372197,8.26,0,0,1.1315068493150684,0,2,0,1,0,1
T104540,CUST9676,2023-02-21 00:12:00,15.08,Grocery,UPI,POS,Hyderabad,0,104,142.55,229,0,0,0.10578744300245527,127.47000000000001,0,0,0.6273972602739726,0,0,1,1,0,1
T104541,CUST9199,2023-11-17 23:22:00,58.4,Food,Credit Card,Mobile,Pune,0,188,55.14,1799,0,0,1.0591222343126587,3.259999999999998,0,0,4.928767123287671,0,23,4,0,0,0
T104542,CUST5621,2023-03-24 11:37:00,19.26,Fashion,NetBanking,Desktop,Bengaluru,0,152,499.13,924,0,0,0.03858714162642999,479.87,0,0,2.5315068493150683,0,11,4,0,0,0
T104543,CUST4519,2024-02-12 17:17:00,26.65,Utilities,PayPal,POS,Pune,0,7,300.74,1905,0,0,0.08861475028263616,274.09000000000003,0,0,5.219178082191781,0,17,0,0,0,0
T104544,CUST7522,2024-02-19 02:04:00,40.91,Food,UPI,Mobile,Bengaluru,1,189,238.21,1551,0,0,0.1717392216951429,197.3,0,0,4.249315068493151,0,2,0,1,0,2
T104545,CUST9053,2023-11-26 10:55:00,133.65,Utilities,PayPal,POS,Mumbai,0,83,236.87,1009,0,0,0.5642335458268248,103.22,0,0,2.7643835616438355,0,10,6,0,1,0
T104546,CUST1189,2023-09-13 09:17:00,1.12,Entertainment,Debit Card,Mobile,Delhi,0,95,482.74,1096,0,0,0.0023200894891660107,481.62,0,0,3.0027397260273974,0,9,2,0,0,0
T104547,CUST1740,2023-09-21 04:24:00,83.84,Food,UPI,Mobile,Hyderabad,0,164,333.33,111,0,1,0.2515225152251523,249.48999999999998,0,0,0.3041095890410959,0,4,3,1,0,1
T104548,CUST2224,2023-08-16 10:55:00,88.42,Utilities,NetBanking,Desktop,Mumbai,0,27,92.64,1592,0,0,0.9544473229706391,4.219999999999999,0,0,4.361643835616438,0,10,2,0,0,0
T104549,CUST2853,2023-06-13 07:15:00,128.22,Food,UPI,Mobile,Kolkata,0,124,229.6,1357,0,0,0.5584494773519164,101.38,0,0,3.717808219178082,0,7,1,0,0,0
T104550,CUST9069,2023-07-22 23:01:00,215.95,Food,NetBanking,Mobile,Delhi,0,157,389.36,1634,0,0,0.5546281076638586,173.41000000000003,0,0,4.476712328767123,0,23,5,0,1,0
T104551,CUST7852,2023-10-06 20:43:00,1.63,Electronics,Debit Card,Mobile,Hyderabad,0,87,217.44,1252,0,0,0.0074963208241353935,215.81,0,0,3.43013698630137,0,20,4,0,0,0
T104552,CUST9970,2023-06-25 04:37:00,13.36,Health,NetBanking,Desktop,Kolkata,0,148,161.67,1459,0,0,0.08263747139234243,148.31,0,0,3.9972602739726026,0,4,6,1,1,1
T104553,CUST2814,2023-07-26 02:32:00,173.84,Grocery,PayPal,Mobile,Pune,0,70,495.7,1983,0,0,0.35069598547508574,321.86,0,0,5.432876712328767,0,2,2,1,0,1
T104554,CUST4893,2023-03-29 15:42:00,49.08,Fashion,Credit Card,Mobile,Kolkata,0,114,468.46,1480,0,0,0.10476881697476839,419.38,0,0,4.054794520547945,0,15,2,0,0,0
T104555,CUST7424,2023-04-01 22:01:00,66.52,Grocery,PayPal,Mobile,Mumbai,0,76,471.36,1514,0,0,0.1411235573659199,404.84000000000003,0,0,4.147945205479452,0,22,5,0,1,0
T104556,CUST5942,2024-02-06 18:58:00,87.02,Electronics,PayPal,POS,Chennai,0,114,74.52,913,0,0,1.167740203972088,12.5,0,0,2.5013698630136987,0,18,1,0,0,0
T104557,CUST8361,2023-02-15 05:30:00,90.92,Electronics,UPI,Desktop,Kolkata,0,3,124.79,509,0,0,0.7285840211555413,33.870000000000005,0,0,1.3945205479452054,1,5,2,0,0,0
T104558,CUST3040,2023-06-02 21:52:00,214.75,Entertainment,Debit Card,POS,Chennai,0,167,226.61,757,0,0,0.9476633864348439,11.860000000000014,0,0,2.073972602739726,0,21,4,0,0,0
T104559,CUST2951,2023-07-23 03:23:00,463.39,Electronics,Credit Card,Desktop,Hyderabad,0,99,417.74,153,0,1,1.1092784985876383,45.64999999999998,0,0,0.4191780821917808,0,3,6,1,1,1
T104560,CUST6063,2023-08-03 16:47:00,101.88,Health,NetBanking,Desktop,Mumbai,0,124,371.05,557,0,0,0.27457216008624175,269.17,0,0,1.526027397260274,0,16,3,0,0,0
T104561,CUST5875,2023-08-05 18:00:00,27.09,Electronics,UPI,POS,Kolkata,0,45,426.34,1691,0,0,0.06354083595252616,399.25,0,0,4.632876712328767,0,18,5,0,1,0
T104562,CUST9406,2023-08-03 06:36:00,169.46,Food,Debit Card,Desktop,Delhi,0,126,461.17,555,0,0,0.36745668625452654,291.71000000000004,0,0,1.5205479452054795,0,6,3,0,0,0
T104563,CUST8741,2023-12-07 21:12:00,4.04,Grocery,Credit Card,Desktop,Kolkata,0,68,392.58,68,0,0,0.010290896123083194,388.53999999999996,0,0,0.1863013698630137,0,21,3,0,0,0
T104564,CUST4526,2023-11-22 05:55:00,21.02,Travel,PayPal,POS,Delhi,1,31,138.27,1252,0,1,0.15202140739133577,117.25000000000001,0,0,3.43013698630137,0,5,2,0,0,1
T104565,CUST3810,2024-02-19 05:32:00,182.14,Fashion,Debit Card,Mobile,Mumbai,0,106,149.87,137,1,1,1.2153199439514244,32.26999999999998,0,0,0.37534246575342467,0,5,0,0,0,1
T104566,CUST5080,2023-03-19 09:56:00,23.68,Electronics,Debit Card,Desktop,Chennai,0,38,182.72,297,0,0,0.1295971978984238,159.04,0,0,0.8136986301369863,0,9,6,0,1,0
T104567,CUST9598,2023-05-17 02:15:00,19.94,Grocery,Debit Card,POS,Mumbai,1,134,158.51,1406,0,0,0.12579647971736801,138.57,0,0,3.852054794520548,0,2,2,1,0,2
T104568,CUST1085,2023-01-29 09:17:00,11.89,Entertainment,PayPal,Desktop,Chennai,1,8,132.06,340,0,0,0.09003483265182494,120.17,0,0,0.9315068493150684,0,9,6,0,1,1
T104569,CUST4221,2023-02-03 05:13:00,156.78,Electronics,NetBanking,POS,Chennai,0,28,378.72,1443,0,0,0.4139733840304182,221.94000000000003,0,0,3.9534246575342467,0,5,4,0,0,0
T104570,CUST8673,2024-01-18 08:00:00,55.46,Health,UPI,Mobile,Pune,0,15,26.66,69,0,0,2.0802700675168793,28.8,0,0,0.18904109589041096,0,8,3,0,0,0
T104571,CUST2798,2023-04-20 03:06:00,89.89,Electronics,NetBanking,Desktop,Pune,1,8,366.91,1912,0,1,0.24499195988116976,277.02000000000004,0,0,5.238356164383561,0,3,3,1,0,2
T104572,CUST6689,2024-02-20 23:37:00,21.86,Electronics,Credit Card,Mobile,Delhi,0,54,413.55,810,0,0,0.05285938822391488,391.69,0,0,2.219178082191781,0,23,1,0,0,0
T104573,CUST8123,2023-05-10 08:19:00,113.52,Utilities,UPI,Mobile,Hyderabad,0,134,42.36,610,0,0,2.679886685552408,71.16,0,0,1.6712328767123288,0,8,2,0,0,0
T104574,CUST1205,2023-10-30 08:31:00,114.17,Utilities,Credit Card,POS,Bengaluru,0,29,40.31,181,0,0,2.8322996774993796,73.86,0,0,0.4958904109589041,0,8,0,0,0,0
T104575,CUST7336,2023-12-20 19:51:00,29.99,Electronics,PayPal,Desktop,Mumbai,0,115,149.88,216,0,0,0.20009340805978115,119.89,0,0,0.5917808219178082,0,19,2,0,0,0
T104576,CUST7397,2024-02-16 03:30:00,42.3,Entertainment,NetBanking,Desktop,Chennai,0,34,112.07,459,0,0,0.3774426697599714,69.77,0,0,1.2575342465753425,0,3,4,1,0,1
T104577,CUST6635,2023-03-31 00:14:00,18.83,Utilities,Debit Card,Desktop,Mumbai,0,7,294.76,1917,0,1,0.06388248066223368,275.93,0,0,5.252054794520548,0,0,4,1,0,1
T104578,CUST9908,2023-02-02 16:00:00,300.27,Electronics,UPI,Desktop,Hyderabad,0,40,340.97,486,0,0,0.8806346599407572,40.700000000000045,0,0,1.3315068493150686,0,16,3,0,0,0
T104579,CUST3088,2024-02-20 18:41:00,82.99,Fashion,Debit Card,Desktop,Hyderabad,0,74,320.73,782,0,0,0.258753468649643,237.74,0,0,2.1424657534246574,0,18,1,0,0,0
T104580,CUST1496,2023-03-17 11:02:00,218.11,Grocery,Credit Card,POS,Bengaluru,0,141,185.1,1280,0,0,1.178336034575905,33.01000000000002,0,0,3.506849315068493,0,11,4,0,0,0
T104581,CUST7419,2023-04-05 07:06:00,28.92,Utilities,Debit Card,Desktop,Kolkata,0,62,254.21,1481,0,0,0.1137642106919476,225.29000000000002,0,0,4.057534246575343,0,7,2,0,0,0
T104582,CUST9750,2023-02-01 03:30:00,121.82,Utilities,Debit Card,Mobile,Bengaluru,0,86,323.6,233,1,1,0.37645241038318905,201.78000000000003,0,0,0.6383561643835617,0,3,2,1,0,2
T104583,CUST8356,2023-09-20 21:01:00,116.15,Health,PayPal,Mobile,Chennai,0,116,68.52,808,0,0,1.6951255107997667,47.63000000000001,0,0,2.213698630136986,0,21,2,0,0,0
T104584,CUST9856,2023-10-16 06:28:00,94.12,Electronics,PayPal,Desktop,Pune,0,65,122.46,147,0,0,0.7685774946921444,28.33999999999999,0,0,0.40273972602739727,0,6,0,0,0,0
T104585,CUST3817,2023-01-15 23:00:00,269.67,Electronics,NetBanking,POS,Kolkata,0,41,446.34,1882,0,0,0.604180669444818,176.66999999999996,0,0,5.156164383561644,0,23,6,0,1,0
T104586,CUST5300,2024-02-17 16:59:00,40.01,Electronics,Credit Card,POS,Bengaluru,0,123,177.74,1857,0,0,0.2251040846179813,137.73000000000002,0,0,5.087671232876712,0,16,5,0,1,0
T104587,CUST2066,2023-04-07 06:19:00,11.21,Electronics,PayPal,Desktop,Pune,0,170,402.57,1447,0,0,0.02784608887895273,391.36,0,0,3.9643835616438357,0,6,4,0,0,0
T104588,CUST5885,2023-08-13 00:41:00,89.11,Utilities,PayPal,Mobile,Kolkata,0,116,132.98,251,0,0,0.6701007670326365,43.86999999999999,0,0,0.6876712328767123,0,0,6,1,1,1
T104589,CUST2634,2023-12-07 23:44:00,104.54,Food,NetBanking,Desktop,Pune,0,66,30.4,926,0,0,3.4388157894736846,74.14000000000001,1,0,2.536986301369863,0,23,3,0,0,1
T104590,CUST8076,2024-02-07 01:46:00,68.46,Food,UPI,Desktop,Chennai,0,116,255.2,92,0,0,0.2682601880877743,186.74,0,0,0.25205479452054796,0,1,2,1,0,1
T104591,CUST6398,2023-05-16 14:54:00,18.54,Travel,NetBanking,Desktop,Delhi,0,139,447.32,425,0,0,0.04144683895198068,428.78,0,0,1.1643835616438356,0,14,1,0,0,0
T104592,CUST6886,2023-05-12 22:24:00,56.17,Electronics,Debit Card,POS,Pune,0,101,411.45,34,0,0,0.1365171952849678,355.28,0,0,0.09315068493150686,0,22,4,0,0,0
T104593,CUST6991,2023-02-26 02:00:00,29.94,Travel,Debit Card,POS,Chennai,0,50,133.94,1387,0,1,0.22353292519038376,104.0,0,0,3.8,0,2,6,1,1,1
T104594,CUST6354,2023-04-24 14:32:00,44.61,Fashion,PayPal,Mobile,Bengaluru,0,71,455.87,1345,0,0,0.0978568451532235,411.26,0,0,3.684931506849315,0,14,0,0,0,0
T104595,CUST7483,2023-05-15 18:25:00,82.9,Travel,PayPal,Mobile,Mumbai,0,163,245.06,537,0,0,0.33828450175467234,162.16,0,0,1.4712328767123288,0,18,0,0,0,0
T104596,CUST5737,2023-09-27 22:05:00,109.39,Grocery,NetBanking,Desktop,Bengaluru,0,80,34.01,174,1,1,3.2164069391355485,75.38,1,0,0.4767123287671233,0,22,2,0,0,2
T104597,CUST4691,2023-04-10 12:30:00,21.14,Food,NetBanking,Mobile,Hyderabad,0,79,23.68,983,0,0,0.8927364864864865,2.539999999999999,0,0,2.6931506849315068,0,12,0,0,0,0
T104598,CUST4071,2023-09-10 02:09:00,41.58,Food,Credit Card,Desktop,Bengaluru,0,20,247.71,691,0,0,0.1678575753905777,206.13,0,0,1.893150684931507,0,2,6,1,1,1
T104599,CUST3107,2023-09-27 12:23:00,25.09,Electronics,Debit Card,Mobile,Delhi,0,156,277.7,1212,0,0,0.09034929780338495,252.60999999999999,0,0,3.3205479452054796,0,12,2,0,0,0
T104600,CUST3868,2023-07-29 06:59:00,17.71,Utilities,NetBanking,Desktop,Chennai,0,123,49.16,1975,0,0,0.3602522375915379,31.449999999999996,0,0,5.410958904109589,0,6,5,0,1,0
T104601,CUST2106,2023-08-14 07:13:00,122.37,Electronics,UPI,POS,Pune,0,37,461.9,810,0,0,0.26492747347910806,339.53,0,0,2.219178082191781,0,7,0,0,0,0
T104602,CUST2083,2023-06-17 19:13:00,191.97,Fashion,Credit Card,Desktop,Hyderabad,1,3,361.93,988,0,0,0.5304064321830188,169.96,0,0,2.706849315068493,1,19,5,0,1,1
T104603,CUST7723,2023-06-30 06:31:00,36.99,Health,NetBanking,POS,Chennai,0,93,402.63,992,0,0,0.09187094851352359,365.64,0,0,2.717808219178082,0,6,4,0,0,0
T104604,CUST2580,2023-04-05 01:55:00,111.31,Fashion,PayPal,POS,Chennai,0,187,296.17,1884,0,0,0.375831448154776,184.86,0,0,5.161643835616438,0,1,2,1,0,1
T104605,CUST6942,2023-10-24 04:30:00,181.84,Grocery,NetBanking,Mobile,Pune,0,101,335.14,40,0,0,0.5425792206242168,153.29999999999998,0,0,0.1095890410958904,0,4,1,1,0,1
T104606,CUST9535,2023-10-23 00:06:00,149.73,Electronics,PayPal,Mobile,Kolkata,0,155,200.05,98,0,0,0.7484628842789302,50.32000000000002,0,0,0.2684931506849315,0,0,0,1,0,1
T104607,CUST8126,2024-01-29 12:21:00,16.15,Electronics,PayPal,POS,Bengaluru,0,32,342.86,1757,0,0,0.047103774135215534,326.71000000000004,0,0,4.813698630136987,0,12,0,0,0,0
T104608,CUST2343,2023-11-19 12:48:00,250.42,Fashion,Debit Card,Desktop,Mumbai,1,48,489.31,1667,0,0,0.5117818969569393,238.89000000000001,0,0,4.567123287671233,0,12,6,0,1,1
T104609,CUST4869,2023-10-30 19:09:00,37.82,Fashion,Debit Card,Desktop,Kolkata,0,46,327.38,993,0,0,0.11552324515853138,289.56,0,0,2.7205479452054795,0,19,0,0,0,0
T104610,CUST1190,2024-01-22 04:52:00,33.15,Fashion,NetBanking,Mobile,Hyderabad,0,114,177.4,1597,0,0,0.18686583990980832,144.25,0,0,4.375342465753425,0,4,0,1,0,1
T104611,CUST3870,2023-12-13 06:29:00,5.16,Food,NetBanking,Desktop,Pune,0,95,149.77,231,0,0,0.034452827669092606,144.61,0,0,0.6328767123287671,0,6,2,0,0,0
T104612,CUST9572,2023-04-21 23:38:00,53.27,Travel,UPI,Desktop,Delhi,0,47,482.04,295,1,0,0.11050950128620032,428.77000000000004,0,0,0.8082191780821918,0,23,4,0,0,1
T104613,CUST5699,2023-04-28 10:02:00,9.23,Travel,Credit Card,Desktop,Delhi,0,40,100.65,137,0,0,0.09170392449080973,91.42,0,0,0.37534246575342467,0,10,4,0,0,0
T104614,CUST2232,2023-04-23 22:28:00,22.86,Electronics,Credit Card,POS,Mumbai,0,131,405.04,1107,0,0,0.05643887023503851,382.18,0,0,3.032876712328767,0,22,6,0,1,0
T104615,CUST2922,2023-07-30 17:06:00,30.49,Food,NetBanking,POS,Mumbai,1,116,237.98,980,1,1,0.12812001008488108,207.48999999999998,0,0,2.684931506849315,0,17,6,0,1,2
T104616,CUST3222,2023-05-03 09:47:00,132.37,Fashion,Debit Card,Desktop,Bengaluru,0,157,227.44,1391,0,0,0.5819996482588815,95.07,0,0,3.8109589041095893,0,9,2,0,0,0
T104617,CUST3944,2024-01-23 12:59:00,166.67,Electronics,UPI,Mobile,Delhi,0,91,376.29,219,0,0,0.4429296553190358,209.62000000000003,0,0,0.6,0,12,1,0,0,0
T104618,CUST3657,2023-05-13 09:34:00,28.82,Food,Credit Card,Desktop,Hyderabad,0,58,82.54,268,0,0,0.34916404167676274,53.720000000000006,0,0,0.7342465753424657,0,9,5,0,1,0
T104619,CUST7974,2024-01-20 20:49:00,156.55,Grocery,NetBanking,Mobile,Pune,0,178,238.49,980,0,0,0.6564216528994926,81.94,0,0,2.684931506849315,0,20,5,0,1,0
T104620,CUST6642,2023-07-27 22:04:00,155.72,Health,Debit Card,POS,Mumbai,0,10,27.56,372,0,0,5.650217706821481,128.16,1,0,1.0191780821917809,0,22,3,0,0,1
T104621,CUST6830,2023-09-30 12:57:00,115.73,Food,Debit Card,Desktop,Mumbai,0,61,338.5,1903,0,0,0.341890694239291,222.76999999999998,0,0,5.213698630136986,0,12,5,0,1,0
T104622,CUST1770,2024-02-11 22:45:00,12.69,Entertainment,Debit Card,Desktop,Mumbai,0,111,38.6,320,0,0,0.3287564766839378,25.910000000000004,0,0,0.8767123287671232,0,22,6,0,1,0
T104623,CUST7826,2023-02-19 19:51:00,93.78,Electronics,PayPal,Mobile,Pune,0,121,52.77,1376,0,0,1.7771461057418987,41.01,0,0,3.76986301369863,0,19,6,0,1,0
T104624,CUST5558,2023-10-09 21:19:00,232.07,Utilities,Debit Card,Mobile,Hyderabad,0,61,423.96,350,0,0,0.5473865459005567,191.89,0,0,0.958904109589041,0,21,0,0,0,0
T104625,CUST4829,2024-01-07 11:42:00,91.79,Travel,NetBanking,Desktop,Delhi,0,151,227.05,1838,0,0,0.40427218674300813,135.26,0,0,5.035616438356165,0,11,6,0,1,0
T104626,CUST8937,2023-09-21 03:30:00,32.23,Entertainment,UPI,Desktop,Kolkata,0,6,108.48,71,0,0,0.2971054572271386,76.25,0,0,0.19452054794520549,0,3,3,1,0,1
T104627,CUST3450,2023-01-11 13:15:00,55.54,Fashion,NetBanking,Mobile,Hyderabad,0,75,300.37,984,0,0,0.18490528348370341,244.83,0,0,2.695890410958904,0,13,2,0,0,0
T104628,CUST6303,2023-08-13 12:35:00,83.01,Health,Debit Card,POS,Pune,1,188,264.45,1251,0,0,0.3138967668746455,181.44,0,0,3.4273972602739726,0,12,6,0,1,1
T104629,CUST9254,2023-03-26 07:03:00,57.16,Utilities,UPI,Mobile,Hyderabad,1,115,211.35,918,0,0,0.2704518571090608,154.19,0,0,2.515068493150685,0,7,6,0,1,1
T104630,CUST1962,2023-02-13 20:00:00,10.22,Grocery,Credit Card,Desktop,Bengaluru,0,155,453.65,662,0,0,0.022528380910393477,443.42999999999995,0,0,1.8136986301369864,0,20,0,0,0,0
T104631,CUST4617,2023-09-26 12:46:00,29.92,Utilities,Credit Card,POS,Kolkata,0,183,377.23,1960,0,0,0.07931500675980171,347.31,0,0,5.36986301369863,0,12,1,0,0,0
T104632,CUST5843,2023-03-02 03:54:00,129.72,Health,NetBanking,POS,Pune,0,31,84.28,875,0,1,1.539155196962506,45.44,0,0,2.3972602739726026,0,3,3,1,0,1
T104633,CUST5319,2023-10-11 14:47:00,158.1,Utilities,UPI,POS,Kolkata,0,123,289.68,313,0,0,0.5457746478873239,131.58,0,0,0.8575342465753425,0,14,2,0,0,0
T104634,CUST9102,2023-05-06 10:04:00,11.82,Health,NetBanking,POS,Kolkata,0,158,53.48,836,0,0,0.2210172026925954,41.66,0,0,2.2904109589041095,0,10,5,0,1,0
T104635,CUST9712,2023-07-29 08:01:00,243.57,Food,UPI,Desktop,Mumbai,0,67,129.88,211,0,0,1.8753464736680012,113.69,0,0,0.5780821917808219,0,8,5,0,1,0
T104636,CUST6699,2023-05-19 00:18:00,31.9,Electronics,UPI,POS,Delhi,0,13,455.83,1665,0,0,0.06998223021740561,423.93,0,0,4.561643835616438,0,0,4,1,0,1
T104637,CUST8026,2023-07-03 02:33:00,86.85,Utilities,NetBanking,Mobile,Kolkata,0,59,236.42,1064,0,0,0.36735470772354284,149.57,0,0,2.915068493150685,0,2,0,1,0,1
T104638,CUST2443,2023-04-28 18:45:00,111.49,Utilities,UPI,Mobile,Bengaluru,0,54,447.13,1936,0,0,0.24934582783530515,335.64,0,0,5.304109589041096,0,18,4,0,0,0
T104639,CUST3896,2023-03-04 01:11:00,133.68,Electronics,Debit Card,Mobile,Bengaluru,0,104,91.34,774,0,0,1.4635428070943728,42.34,0,0,2.1205479452054794,0,1,5,1,1,1
T104640,CUST4025,2023-03-25 10:18:00,233.13,Health,UPI,Desktop,Pune,0,21,110.62,471,1,1,2.1074850840715964,122.50999999999999,0,0,1.2904109589041095,0,10,5,0,1,1
T104641,CUST1398,2023-03-30 11:09:00,30.02,Fashion,UPI,POS,Chennai,0,43,182.88,658,0,0,0.16415135608048995,152.85999999999999,0,0,1.8027397260273972,0,11,3,0,0,0
T104642,CUST5964,2024-01-10 06:57:00,156.44,Electronics,NetBanking,Mobile,Mumbai,0,11,189.5,1477,1,1,0.8255408970976253,33.06,0,0,4.046575342465753,0,6,2,0,0,1
T104643,CUST5814,2023-11-15 13:51:00,11.3,Health,Credit Card,Mobile,Delhi,0,109,375.19,1553,0,0,0.030118073509421896,363.89,0,0,4.254794520547946,0,13,2,0,0,0
T104644,CUST9076,2023-05-30 15:33:00,97.67,Electronics,PayPal,Mobile,Delhi,0,67,303.71,417,0,0,0.32158967436040964,206.03999999999996,0,0,1.1424657534246576,0,15,1,0,0,0
T104645,CUST4131,2023-05-24 12:12:00,108.38,Fashion,UPI,POS,Delhi,0,166,281.09,605,0,0,0.3855704578604717,172.70999999999998,0,0,1.6575342465753424,0,12,2,0,0,0
T104646,CUST2523,2023-02-09 00:32:00,90.59,Grocery,PayPal,Mobile,Pune,0,95,305.16,1741,0,0,0.29686066325861843,214.57000000000002,0,0,4.76986301369863,0,0,3,1,0,1
T104647,CUST8385,2023-07-24 03:12:00,23.26,Entertainment,UPI,POS,Mumbai,0,152,368.77,483,0,0,0.0630745451094178,345.51,0,0,1.3232876712328767,0,3,0,1,0,1
T104648,CUST3590,2023-06-25 14:30:00,165.11,Health,NetBanking,POS,Kolkata,0,106,447.48,1648,0,0,0.36897738446411016,282.37,0,0,4.515068493150685,0,14,6,0,1,0
T104649,CUST1547,2023-12-17 19:34:00,14.8,Travel,NetBanking,POS,Kolkata,0,51,213.22,956,0,0,0.0694118750586249,198.42,0,0,2.6191780821917807,0,19,6,0,1,0
T104650,CUST3548,2024-01-03 00:33:00,4.41,Travel,UPI,Desktop,Pune,0,189,403.43,1055,0,0,0.01093126440770394,399.02,0,0,2.8904109589041096,0,0,2,1,0,1
T104651,CUST9393,2023-09-23 14:45:00,101.12,Health,NetBanking,Desktop,Delhi,0,46,252.6,840,0,0,0.4003167062549486,151.48,0,0,2.3013698630136985,0,14,5,0,1,0
T104652,CUST8039,2023-08-23 20:36:00,51.62,Food,NetBanking,POS,Kolkata,1,43,363.82,1782,0,0,0.14188334890880105,312.2,0,0,4.882191780821918,0,20,2,0,0,1
T104653,CUST1352,2023-10-09 02:31:00,151.29,Grocery,UPI,POS,Hyderabad,0,27,438.66,1295,0,1,0.3448912597455888,287.37,0,0,3.547945205479452,0,2,0,1,0,1
T104654,CUST8173,2023-03-22 20:33:00,38.68,Food,Credit Card,Desktop,Hyderabad,0,85,25.79,838,0,0,1.4998061264055835,12.89,0,0,2.2958904109589042,0,20,2,0,0,0
T104655,CUST2155,2023-05-10 09:13:00,14.74,Entertainment,UPI,Desktop,Mumbai,0,158,277.85,1113,0,0,0.05305020694619399,263.11,0,0,3.0493150684931507,0,9,2,0,0,0
T104656,CUST6214,2023-02-04 14:41:00,144.85,Travel,Credit Card,POS,Delhi,1,94,494.8,397,0,0,0.2927445432497979,349.95000000000005,0,0,1.0876712328767124,0,14,5,0,1,1
T104657,CUST3556,2023-02-11 09:27:00,63.69,Fashion,NetBanking,Desktop,Pune,0,127,253.15,1768,0,0,0.2515899664230693,189.46,0,0,4.843835616438356,0,9,5,0,1,0
T104658,CUST5929,2023-03-21 23:14:00,16.78,Health,Credit Card,Mobile,Chennai,0,191,433.51,971,0,0,0.03870729625614173,416.73,0,0,2.66027397260274,0,23,1,0,0,0
T104659,CUST4742,2023-08-09 20:22:00,101.95,Entertainment,NetBanking,POS,Chennai,0,10,101.09,69,0,0,1.0085072707488376,0.8599999999999994,0,0,0.18904109589041096,0,20,2,0,0,0
T104660,CUST2575,2023-08-21 17:27:00,57.25,Utilities,Credit Card,POS,Chennai,0,131,306.1,1368,0,0,0.18703038222803003,248.85000000000002,0,0,3.747945205479452,0,17,0,0,0,0
T104661,CUST1622,2024-01-23 02:25:00,74.17,Utilities,Credit Card,Desktop,Hyderabad,0,60,436.45,586,0,1,0.1699392828502692,362.28,0,0,1.6054794520547946,0,2,1,1,0,1
T104662,CUST3647,2023-10-23 11:06:00,49.43,Electronics,UPI,Mobile,Pune,0,27,221.45,1351,0,0,0.22321065703319035,172.01999999999998,0,0,3.7013698630136984,0,11,0,0,0,0
T104663,CUST8658,2023-09-23 03:32:00,141.15,Travel,Credit Card,Desktop,Chennai,0,123,248.49,1684,0,0,0.568030906676325,107.34,0,0,4.6136986301369864,0,3,5,1,1,1
T104664,CUST9413,2023-09-06 18:52:00,141.55,Grocery,NetBanking,Mobile,Delhi,0,173,50.19,946,0,0,2.8202829248854355,91.36000000000001,0,0,2.591780821917808,0,18,2,0,0,0
T104665,CUST8128,2023-03-06 20:15:00,98.86,Travel,UPI,Mobile,Delhi,0,62,30.66,1050,0,0,3.224396607958252,68.2,1,0,2.8767123287671232,0,20,0,0,0,1
T104666,CUST8610,2023-09-20 02:53:00,8.91,Grocery,Credit Card,POS,Chennai,0,152,239.67,672,1,1,0.03717611716109651,230.76,0,0,1.841095890410959,0,2,2,1,0,2
T104667,CUST3729,2023-12-20 13:17:00,146.04,Grocery,UPI,Mobile,Bengaluru,0,46,423.3,479,0,0,0.34500354358610913,277.26,0,0,1.3123287671232877,0,13,2,0,0,0
T104668,CUST2797,2023-08-11 16:00:00,88.94,Health,PayPal,POS,Chennai,0,126,466.35,424,0,0,0.19071512812265465,377.41,0,0,1.1616438356164382,0,16,4,0,0,0
T104669,CUST2934,2023-08-28 05:54:00,95.53,Grocery,UPI,Mobile,Bengaluru,0,172,332.74,821,0,0,0.28710103985093466,237.21,0,0,2.249315068493151,0,5,0,0,0,0
T104670,CUST2832,2023-06-02 19:55:00,36.08,Food,PayPal,POS,Mumbai,0,63,414.94,1615,0,0,0.08695233045741553,378.86,0,0,4.424657534246576,0,19,4,0,0,0
T104671,CUST4463,2023-12-25 01:10:00,169.14,Utilities,PayPal,Mobile,Mumbai,0,4,370.08,117,0,1,0.4570363164721141,200.94,0,0,0.32054794520547947,1,1,0,1,0,1
T104672,CUST3777,2023-04-13 21:56:00,103.39,Entertainment,UPI,Desktop,Delhi,0,16,353.73,562,0,0,0.292285076188053,250.34000000000003,0,0,1.5397260273972602,0,21,3,0,0,0
T104673,CUST3860,2023-09-17 13:15:00,9.56,Fashion,NetBanking,Mobile,Pune,0,179,386.83,1974,0,0,0.02471369852389939,377.27,0,0,5.4082191780821915,0,13,6,0,1,0
T104674,CUST2315,2024-01-05 02:22:00,41.91,Travel,NetBanking,Desktop,Hyderabad,0,74,257.6,1441,0,0,0.16269409937888196,215.69000000000003,0,0,3.947945205479452,0,2,4,1,0,1
T104675,CUST7256,2023-10-09 23:25:00,173.99,Fashion,NetBanking,Mobile,Pune,0,112,234.39,773,0,0,0.7423098255045011,60.39999999999998,0,0,2.117808219178082,0,23,0,0,0,0
T104676,CUST3462,2023-04-20 05:34:00,3.87,Entertainment,Debit Card,Mobile,Delhi,0,101,87.98,410,0,1,0.04398726983405319,84.11,0,0,1.1232876712328768,0,5,3,0,0,0
T104677,CUST5436,2023-01-19 04:25:00,260.39,Electronics,PayPal,POS,Delhi,1,176,423.47,1608,0,0,0.6148959784636455,163.08000000000004,0,0,4.405479452054794,0,4,3,1,0,2
T104678,CUST2881,2023-09-28 21:24:00,90.95,Entertainment,UPI,Mobile,Pune,0,193,31.86,460,0,0,2.854676710608914,59.09,0,0,1.2602739726027397,0,21,3,0,0,0
T104679,CUST2005,2023-09-11 17:18:00,79.84,Travel,NetBanking,Mobile,Hyderabad,0,197,141.05,1588,0,0,0.5660404112017015,61.21000000000001,0,0,4.35068493150685,0,17,0,0,0,0
T104680,CUST4433,2024-02-06 20:31:00,25.24,Utilities,NetBanking,Mobile,Delhi,0,45,264.76,1269,0,0,0.0953316210907992,239.51999999999998,0,0,3.4767123287671233,0,20,1,0,0,0
T104681,CUST8208,2023-05-18 06:57:00,22.89,Fashion,UPI,Desktop,Kolkata,0,131,486.08,306,0,0,0.04709101382488479,463.19,0,0,0.8383561643835616,0,6,3,0,0,0
T104682,CUST4344,2023-10-24 13:22:00,227.87,Fashion,PayPal,POS,Kolkata,1,17,395.13,223,0,0,0.5766962771746008,167.26,0,0,0.6109589041095891,0,13,1,0,0,1
T104683,CUST7478,2023-11-28 16:56:00,28.34,Health,UPI,POS,Hyderabad,0,165,190.65,1780,0,0,0.14864935746131655,162.31,0,0,4.876712328767123,0,16,1,0,0,0
T104684,CUST4108,2024-02-08 01:27:00,119.51,Health,Debit Card,Mobile,Delhi,0,5,359.83,208,0,0,0.3321290609454465,240.32,0,0,0.5698630136986301,0,1,3,1,0,1
T104685,CUST6105,2023-04-23 11:14:00,39.95,Entertainment,Debit Card,Mobile,Kolkata,0,175,466.37,1196,0,0,0.08566159915946567,426.42,0,0,3.276712328767123,0,11,6,0,1,0
T104686,CUST4925,2023-08-02 07:04:00,12.0,Entertainment,UPI,Desktop,Mumbai,0,44,274.05,1879,0,0,0.043787629994526546,262.05,0,0,5.147945205479452,0,7,2,0,0,0
T104687,CUST1131,2023-06-23 00:29:00,0.86,Electronics,PayPal,Mobile,Bengaluru,0,161,236.35,1591,0,0,0.003638671461815105,235.48999999999998,0,0,4.358904109589041,0,0,4,1,0,1
T104688,CUST8183,2024-01-09 21:23:00,62.87,Grocery,NetBanking,POS,Delhi,0,21,280.97,247,0,0,0.22376054383030214,218.10000000000002,0,0,0.6767123287671233,0,21,1,0,0,0
T104689,CUST1969,2023-10-21 19:41:00,297.64,Travel,Debit Card,POS,Bengaluru,0,195,162.65,1564,0,0,1.8299415923762679,134.98999999999998,0,0,4.284931506849315,0,19,5,0,1,0
T104690,CUST8944,2023-03-27 10:14:00,36.85,Health,Debit Card,Desktop,Chennai,0,68,454.6,1017,0,0,0.08106027276726793,417.75,0,0,2.786301369863014,0,10,0,0,0,0
T104691,CUST7741,2023-11-26 03:52:00,35.35,Travel,PayPal,Desktop,Kolkata,0,32,400.67,1112,1,0,0.08822721940749245,365.32,0,0,3.0465753424657533,0,3,6,1,1,2
T104692,CUST2246,2023-02-25 23:25:00,33.74,Electronics,Debit Card,POS,Delhi,1,24,355.69,1399,0,1,0.0948578818634204,321.95,0,0,3.8328767123287673,0,23,5,0,1,1
T104693,CUST9928,2023-03-12 16:12:00,58.81,Health,Debit Card,Desktop,Mumbai,0,163,298.66,586,0,0,0.19691287751958747,239.85000000000002,0,0,1.6054794520547946,0,16,6,0,1,0
T104694,CUST4957,2023-08-17 01:25:00,46.48,Health,PayPal,Mobile,Hyderabad,0,146,485.04,1472,0,1,0.0958271482764308,438.56,0,0,4.032876712328767,0,1,3,1,0,1
T104695,CUST8487,2024-02-14 21:52:00,169.56,Grocery,UPI,Mobile,Mumbai,0,67,155.88,1277,0,0,1.0877598152424943,13.680000000000007,0,0,3.4986301369863013,0,21,2,0,0,0
T104696,CUST9042,2023-05-03 13:33:00,56.34,Travel,NetBanking,Desktop,Bengaluru,0,103,148.74,1403,1,1,0.37878176684146836,92.4,0,0,3.8438356164383563,0,13,2,0,0,1
T104697,CUST8521,2023-11-08 03:19:00,56.7,Utilities,NetBanking,POS,Hyderabad,0,54,128.65,797,1,0,0.4407306645938593,71.95,0,0,2.1835616438356165,0,3,2,1,0,2
T104698,CUST7879,2023-08-19 02:45:00,11.91,Travel,Debit Card,Desktop,Mumbai,0,154,373.47,1675,0,1,0.03189011165555466,361.56,0,0,4.589041095890411,0,2,5,1,1,1
T104699,CUST7589,2023-03-09 10:33:00,324.75,Travel,NetBanking,POS,Mumbai,0,188,400.67,1885,0,0,0.8105173833828337,75.92000000000002,0,0,5.164383561643835,0,10,3,0,0,0
T104700,CUST8700,2023-07-30 18:11:00,23.01,Grocery,UPI,Desktop,Mumbai,0,125,302.59,1905,0,0,0.07604349119270301,279.58,0,0,5.219178082191781,0,18,6,0,1,0
T104701,CUST9906,2023-12-20 19:27:00,6.1,Health,Debit Card,Desktop,Pune,0,117,329.47,1815,0,0,0.01851458402889489,323.37,0,0,4.972602739726027,0,19,2,0,0,0
T104702,CUST2796,2023-11-09 12:38:00,87.05,Electronics,NetBanking,Desktop,Hyderabad,0,65,180.99,106,0,0,0.4809657992154262,93.94000000000001,0,0,0.29041095890410956,0,12,3,0,0,0
T104703,CUST5967,2023-04-07 22:41:00,72.38,Travel,Credit Card,Mobile,Mumbai,0,179,29.48,1848,0,0,2.4552238805970146,42.89999999999999,0,0,5.063013698630137,0,22,4,0,0,0
T104704,CUST4974,2023-10-21 16:23:00,42.91,Fashion,Credit Card,Mobile,Kolkata,0,114,134.28,628,0,0,0.3195561513255883,91.37,0,0,1.7205479452054795,0,16,5,0,1,0
T104705,CUST6671,2023-10-07 18:25:00,43.88,Utilities,Credit Card,POS,Kolkata,0,188,296.31,1815,0,0,0.14808815092301983,252.43,0,0,4.972602739726027,0,18,5,0,1,0
T104706,CUST6051,2023-02-06 09:04:00,122.99,Utilities,Credit Card,Desktop,Mumbai,0,187,408.34,1261,0,0,0.30119508252926486,285.34999999999997,0,0,3.4547945205479453,0,9,0,0,0,0
T104707,CUST5665,2023-04-02 02:32:00,17.42,Grocery,Credit Card,Mobile,Bengaluru,0,76,390.83,1212,0,0,0.044571808714786484,373.40999999999997,0,0,3.3205479452054796,0,2,6,1,1,1
T104708,CUST6339,2023-01-22 23:32:00,137.3,Food,Debit Card,Desktop,Mumbai,1,17,97.95,553,0,0,1.4017355793772333,39.35000000000001,0,0,1.515068493150685,0,23,6,0,1,1
T104709,CUST9600,2023-03-05 18:05:00,83.7,Electronics,PayPal,POS,Kolkata,0,149,35.21,1278,0,0,2.3771655779608065,48.49,0,0,3.5013698630136987,0,18,6,0,1,0
T104710,CUST1602,2023-09-29 23:13:00,43.44,Fashion,PayPal,Mobile,Mumbai,1,195,426.77,1411,0,0,0.10178784825550062,383.33,0,0,3.8657534246575342,0,23,4,0,0,1
T104711,CUST3597,2023-07-05 21:05:00,49.0,Travel,Debit Card,POS,Chennai,0,108,47.04,842,0,0,1.0416666666666667,1.9600000000000009,0,0,2.3068493150684932,0,21,2,0,0,0
T104712,CUST3463,2023-09-05 03:47:00,23.73,Food,Debit Card,Mobile,Hyderabad,0,28,202.72,413,0,1,0.11705801104972376,178.99,0,0,1.1315068493150684,0,3,1,1,0,1
T104713,CUST2415,2023-09-06 03:13:00,111.58,Electronics,UPI,Desktop,Chennai,0,44,56.17,1597,0,0,1.9864696457183548,55.41,0,0,4.375342465753425,0,3,2,1,0,1
T104714,CUST5105,2023-06-22 08:00:00,57.54,Grocery,PayPal,POS,Pune,0,198,286.38,1619,0,0,0.20092185208464278,228.84,0,0,4.435616438356164,0,8,3,0,0,0
T104715,CUST5181,2023-05-07 19:33:00,30.95,Food,Credit Card,Mobile,Bengaluru,1,190,188.03,533,0,0,0.16460139339467106,157.08,0,0,1.4602739726027398,0,19,6,0,1,1
T104716,CUST2482,2023-04-06 03:22:00,72.52,Health,Debit Card,Mobile,Chennai,0,170,109.22,1503,0,1,0.6639809558688885,36.7,0,0,4.117808219178082,0,3,3,1,0,1
T104717,CUST6651,2023-09-07 01:16:00,436.57,Entertainment,Credit Card,Desktop,Pune,0,94,301.63,271,0,0,1.447369293505288,134.94,0,0,0.7424657534246575,0,1,3,1,0,1
T104718,CUST6791,2023-07-08 06:12:00,45.71,Food,PayPal,POS,Delhi,0,22,188.06,398,0,0,0.24306072530043604,142.35,0,0,1.0904109589041096,0,6,5,0,1,0
T104719,CUST5364,2023-09-01 17:41:00,202.75,Entertainment,NetBanking,POS,Hyderabad,0,38,91.73,1680,0,0,2.2102910716232422,111.02,0,0,4.602739726027397,0,17,4,0,0,0
T104720,CUST1362,2024-02-07 22:26:00,33.85,Utilities,NetBanking,POS,Mumbai,0,14,353.04,1524,0,0,0.09588148651710854,319.19,0,0,4.175342465753425,0,22,2,0,0,0
T104721,CUST6998,2023-07-22 15:47:00,4.5,Fashion,Debit Card,Desktop,Chennai,0,111,420.04,317,0,0,0.010713265403294923,415.54,0,0,0.8684931506849315,0,15,5,0,1,0
T104722,CUST9091,2023-10-06 17:20:00,18.28,Electronics,UPI,Mobile,Chennai,0,122,144.13,428,0,0,0.12682994518837162,125.85,0,0,1.1726027397260275,0,17,4,0,0,0
T104723,CUST1836,2024-01-24 04:30:00,43.4,Fashion,Credit Card,Mobile,Mumbai,0,154,101.35,133,0,1,0.4282190429205723,57.949999999999996,0,0,0.3643835616438356,0,4,2,1,0,1
T104724,CUST2107,2023-05-04 06:51:00,19.84,Fashion,Debit Card,POS,Mumbai,0,168,46.87,1364,1,0,0.42329848517175167,27.029999999999998,0,0,3.736986301369863,0,6,3,0,0,1
T104725,CUST2206,2023-08-15 23:11:00,0.02,Travel,UPI,Mobile,Bengaluru,0,54,268.67,1862,0,0,7.44407637622362e-05,268.65000000000003,0,0,5.101369863013699,0,23,1,0,0,0
T104726,CUST3251,2023-07-26 00:25:00,197.21,Grocery,Credit Card,POS,Chennai,0,141,417.33,156,0,1,0.472551697697266,220.11999999999998,0,0,0.4273972602739726,0,0,2,1,0,1
T104727,CUST4462,2024-01-24 13:23:00,148.57,Food,PayPal,Desktop,Chennai,0,127,132.89,69,0,0,1.1179923244788923,15.680000000000007,0,0,0.18904109589041096,0,13,2,0,0,0
T104728,CUST4562,2023-11-19 03:49:00,108.47,Electronics,NetBanking,Desktop,Kolkata,0,19,235.71,1125,0,0,0.4601841245598405,127.24000000000001,0,0,3.0821917808219177,0,3,6,1,1,1
T104729,CUST7958,2024-01-31 14:54:00,14.7,Utilities,UPI,Desktop,Delhi,0,42,88.79,1800,0,0,0.16555918459285954,74.09,0,0,4.931506849315069,0,14,2,0,0,0
T104730,CUST4970,2023-09-10 00:37:00,10.26,Health,Credit Card,POS,Kolkata,0,41,208.06,911,0,0,0.04931269826011727,197.8,0,0,2.495890410958904,0,0,6,1,1,1
T104731,CUST1261,2023-05-22 13:27:00,5.6,Grocery,Debit Card,Mobile,Pune,1,50,17.57,974,0,0,0.3187250996015936,11.97,0,0,2.6684931506849314,0,13,0,0,0,1
T104732,CUST1333,2023-11-24 15:03:00,103.0,Grocery,Credit Card,Desktop,Delhi,0,131,456.26,276,0,0,0.22574847674571516,353.26,0,0,0.7561643835616438,0,15,4,0,0,0
T104733,CUST8166,2023-08-27 13:27:00,211.39,Electronics,Debit Card,POS,Kolkata,0,159,341.52,1859,0,0,0.618968142422113,130.13,0,0,5.093150684931507,0,13,6,0,1,0
T104734,CUST6625,2023-01-01 11:41:00,45.04,Grocery,NetBanking,POS,Chennai,0,76,173.08,1300,0,0,0.26022648486249134,128.04000000000002,0,0,3.5616438356164384,0,11,6,0,1,0
T104735,CUST5995,2023-05-03 00:19:00,10.15,Travel,NetBanking,Desktop,Delhi,0,143,441.79,341,0,1,0.022974716494261978,431.64000000000004,0,0,0.9342465753424658,0,0,2,1,0,1
T104736,CUST2810,2024-02-14 19:10:00,57.46,Grocery,Credit Card,Desktop,Chennai,0,182,99.64,63,0,0,0.5766760337213971,42.18,0,0,0.1726027397260274,0,19,2,0,0,0
T104737,CUST8888,2023-06-02 03:45:00,34.32,Utilities,Credit Card,Desktop,Hyderabad,0,181,48.58,158,0,0,0.7064635652531907,14.259999999999998,0,0,0.4328767123287671,0,3,4,1,0,1
T104738,CUST2562,2023-04-04 06:52:00,37.58,Utilities,Debit Card,Mobile,Bengaluru,0,173,471.88,39,0,0,0.07963889124353649,434.3,0,0,0.10684931506849316,0,6,1,0,0,0
T104739,CUST7448,2023-09-02 18:59:00,77.69,Travel,Debit Card,Mobile,Delhi,0,166,161.42,1221,0,0,0.4812910420022302,83.72999999999999,0,0,3.345205479452055,0,18,5,0,1,0
T104740,CUST5386,2023-12-01 21:32:00,101.47,Food,UPI,POS,Chennai,0,99,468.63,1837,1,0,0.21652476367283358,367.15999999999997,0,0,5.032876712328767,0,21,4,0,0,1
T104741,CUST7395,2023-12-29 01:48:00,9.38,Food,UPI,Desktop,Delhi,0,50,322.43,1269,0,0,0.029091585770554852,313.05,0,0,3.4767123287671233,0,1,4,1,0,1
T104742,CUST7712,2023-09-04 08:35:00,2.9,Fashion,UPI,Desktop,Pune,1,152,490.22,971,0,1,0.005915711313287911,487.32000000000005,0,0,2.66027397260274,0,8,0,0,0,1
T104743,CUST3865,2023-04-16 21:54:00,413.81,Utilities,Credit Card,Mobile,Bengaluru,0,145,379.18,1461,0,0,1.0913286565747138,34.629999999999995,0,0,4.002739726027397,0,21,6,0,1,0
T104744,CUST4460,2023-06-19 12:26:00,21.19,Travel,UPI,Desktop,Hyderabad,0,146,61.69,1805,0,0,0.34349165180742425,40.5,0,0,4.945205479452055,0,12,0,0,0,0
T104745,CUST4646,2023-08-23 11:48:00,4.43,Health,Credit Card,POS,Mumbai,0,42,427.59,1579,0,0,0.010360391964264833,423.15999999999997,0,0,4.326027397260274,0,11,2,0,0,0
T104746,CUST1904,2023-03-19 09:32:00,16.85,Food,NetBanking,Desktop,Mumbai,0,145,82.46,1655,0,0,0.20434149890856176,65.60999999999999,0,0,4.534246575342466,0,9,6,0,1,0
T104747,CUST5971,2024-02-09 01:08:00,3.18,Grocery,PayPal,Mobile,Delhi,0,16,349.18,964,0,0,0.00910705080474254,346.0,0,0,2.6410958904109587,0,1,4,1,0,1
T104748,CUST7155,2023-07-16 16:21:00,39.78,Electronics,NetBanking,POS,Chennai,0,85,255.2,1071,0,0,0.15587774294670848,215.42,0,0,2.9342465753424656,0,16,6,0,1,0
T104749,CUST4904,2023-07-24 10:21:00,129.72,Electronics,Credit Card,POS,Pune,0,52,356.79,369,0,0,0.36357521230976203,227.07000000000002,0,0,1.010958904109589,0,10,0,0,0,0
T104750,CUST6303,2023-01-23 02:47:00,33.39,Entertainment,Credit Card,Desktop,Bengaluru,0,36,384.84,710,0,0,0.08676333021515435,351.45,0,0,1.9452054794520548,0,2,0,1,0,1
T104751,CUST1863,2023-05-02 10:23:00,46.99,Utilities,PayPal,POS,Hyderabad,1,107,403.8,1621,1,0,0.11636948984645865,356.81,0,0,4.441095890410959,0,10,1,0,0,2
T104752,CUST1452,2023-02-05 10:55:00,90.06,Travel,Debit Card,Desktop,Hyderabad,0,167,419.14,1729,0,0,0.21486854034451497,329.08,0,0,4.736986301369863,0,10,6,0,1,0
T104753,CUST5365,2023-05-14 05:54:00,56.89,Health,Debit Card,Desktop,Kolkata,1,81,425.14,1717,0,0,0.13381474337865173,368.25,0,0,4.704109589041096,0,5,6,0,1,1
T104754,CUST9394,2023-12-26 01:29:00,158.12,Fashion,Debit Card,Mobile,Hyderabad,0,153,212.16,1143,0,0,0.7452865761689291,54.03999999999999,0,0,3.1315068493150684,0,1,1,1,0,1
T104755,CUST6457,2023-02-02 11:19:00,160.81,Grocery,UPI,POS,Mumbai,0,115,445.72,1338,0,0,0.36078704119177957,284.91,0,0,3.665753424657534,0,11,3,0,0,0
T104756,CUST2132,2023-12-01 16:07:00,0.8,Travel,Debit Card,Desktop,Bengaluru,0,42,362.59,563,0,0,0.0022063487685815937,361.78999999999996,0,0,1.5424657534246575,0,16,4,0,0,0
T104757,CUST7254,2024-02-18 08:18:00,120.42,Entertainment,UPI,Desktop,Kolkata,0,149,421.1,1320,0,0,0.2859653289004987,300.68,0,0,3.6164383561643834,0,8,6,0,1,0
T104758,CUST7126,2023-07-15 16:11:00,49.4,Electronics,UPI,Desktop,Mumbai,1,68,494.7,838,0,0,0.09985850010107136,445.3,0,0,2.2958904109589042,0,16,5,0,1,1
T104759,CUST6343,2023-02-03 14:36:00,359.64,Travel,Debit Card,POS,Delhi,0,187,67.04,462,0,0,5.364558472553699,292.59999999999997,1,0,1.2657534246575342,0,14,4,0,0,1
T104760,CUST1956,2023-05-13 13:58:00,52.81,Grocery,Debit Card,POS,Hyderabad,0,124,191.58,787,0,0,0.27565507881824824,138.77,0,0,2.1561643835616437,0,13,5,0,1,0
T104761,CUST3978,2023-08-19 03:46:00,346.79,Health,PayPal,POS,Bengaluru,1,30,405.21,680,0,0,0.8558278423533477,58.41999999999996,0,0,1.8630136986301369,0,3,5,1,1,2
T104762,CUST4392,2023-08-13 23:45:00,112.38,Utilities,PayPal,Desktop,Hyderabad,0,185,52.29,1105,0,0,2.14916810097533,60.089999999999996,0,0,3.0273972602739727,0,23,6,0,1,0
T104763,CUST4107,2023-03-31 20:40:00,22.87,Health,UPI,POS,Mumbai,0,33,274.98,1120,0,0,0.08316968506800494,252.11,0,0,3.0684931506849313,0,20,4,0,0,0
T104764,CUST7550,2023-03-22 08:44:00,61.84,Food,PayPal,Desktop,Mumbai,0,103,430.61,626,0,0,0.14361022735189616,368.77,0,0,1.715068493150685,0,8,2,0,0,0
T104765,CUST1364,2023-04-25 04:15:00,387.63,Grocery,UPI,POS,Mumbai,0,53,19.31,279,0,1,20.074054893837392,368.32,1,0,0.7643835616438356,0,4,1,1,0,2
T104766,CUST4954,2023-10-03 17:29:00,155.89,Entertainment,Credit Card,POS,Hyderabad,0,144,470.36,1384,0,0,0.33142699209116416,314.47,0,0,3.791780821917808,0,17,1,0,0,0
T104767,CUST1537,2023-06-10 17:44:00,8.2,Food,UPI,Desktop,Bengaluru,0,177,489.29,933,0,0,0.016758977293629542,481.09000000000003,0,0,2.5561643835616437,0,17,5,0,1,0
T104768,CUST5441,2023-07-11 01:05:00,98.04,Food,UPI,POS,Bengaluru,0,133,167.92,444,0,0,0.5838494521200572,69.87999999999998,0,0,1.2164383561643837,0,1,1,1,0,1
T104769,CUST2491,2023-05-24 03:21:00,33.92,Food,PayPal,Desktop,Delhi,0,106,385.73,1176,0,0,0.08793715811578047,351.81,0,0,3.221917808219178,0,3,2,1,0,1
T104770,CUST5277,2023-04-21 06:03:00,0.56,Travel,Credit Card,POS,Hyderabad,0,77,72.32,1255,0,0,0.007743362831858409,71.75999999999999,0,0,3.4383561643835616,0,6,4,0,0,0
T104771,CUST9812,2023-05-25 14:22:00,41.33,Entertainment,NetBanking,POS,Delhi,0,94,388.7,35,0,0,0.1063287882685876,347.37,0,0,0.0958904109589041,0,14,3,0,0,0
T104772,CUST3969,2023-09-06 05:15:00,21.4,Electronics,NetBanking,POS,Pune,0,60,245.95,878,0,0,0.08700955478755845,224.54999999999998,0,0,2.4054794520547946,0,5,2,0,0,0
T104773,CUST8917,2023-06-06 12:59:00,136.68,Health,NetBanking,POS,Delhi,0,199,431.53,1539,0,0,0.3167334831877274,294.84999999999997,0,0,4.2164383561643834,0,12,1,0,0,0
T104774,CUST1325,2023-09-14 19:24:00,32.92,Utilities,Credit Card,Mobile,Delhi,0,111,114.18,1252,0,0,0.2883166929409704,81.26,0,0,3.43013698630137,0,19,3,0,0,0
T104775,CUST3018,2023-01-12 08:33:00,140.6,Travel,Debit Card,Desktop,Delhi,0,55,339.6,1789,0,0,0.4140164899882214,199.00000000000003,0,0,4.901369863013699,0,8,3,0,0,0
T104776,CUST2572,2023-08-18 06:49:00,0.05,Electronics,Credit Card,Mobile,Mumbai,0,91,395.2,42,0,0,0.00012651821862348178,395.15,0,0,0.11506849315068493,0,6,4,0,0,0
T104777,CUST5359,2023-06-09 23:18:00,29.43,Health,PayPal,POS,Pune,0,163,109.22,35,0,0,0.26945614356344993,79.78999999999999,0,0,0.0958904109589041,0,23,4,0,0,0
T104778,CUST9381,2023-12-28 00:55:00,22.08,Utilities,UPI,POS,Kolkata,0,197,410.96,1464,0,0,0.053727856725715395,388.88,0,0,4.010958904109589,0,0,3,1,0,1
T104779,CUST4789,2023-02-18 05:56:00,21.28,Entertainment,UPI,Desktop,Delhi,0,42,479.41,1174,1,0,0.044387893452368536,458.13,0,0,3.2164383561643834,0,5,5,0,1,1
T104780,CUST6834,2023-09-10 04:54:00,5.65,Utilities,PayPal,Desktop,Bengaluru,1,69,311.88,1610,0,1,0.018115942028985508,306.23,0,0,4.410958904109589,0,4,6,1,1,2
T104781,CUST1056,2023-08-03 12:57:00,16.57,Entertainment,PayPal,Desktop,Delhi,0,24,394.58,1415,0,0,0.04199401895686553,378.01,0,0,3.8767123287671232,0,12,3,0,0,0
T104782,CUST9905,2023-02-26 03:06:00,64.87,Grocery,UPI,Desktop,Mumbai,0,199,270.97,567,0,0,0.2393991954828948,206.10000000000002,0,0,1.5534246575342465,0,3,6,1,1,1
T104783,CUST9340,2023-02-15 14:47:00,27.55,Utilities,Debit Card,POS,Chennai,0,199,303.07,33,0,0,0.09090309169498796,275.52,0,0,0.09041095890410959,0,14,2,0,0,0
T104784,CUST8871,2023-08-17 10:03:00,43.22,Health,Debit Card,Desktop,Kolkata,0,118,16.54,1858,0,0,2.6130592503022974,26.68,0,0,5.090410958904109,0,10,3,0,0,0
T104785,CUST4374,2024-01-12 05:34:00,37.84,Health,Debit Card,Mobile,Pune,0,183,266.9,1842,0,0,0.14177594604720872,229.05999999999997,0,0,5.046575342465753,0,5,4,0,0,0
T104786,CUST6080,2023-12-11 04:23:00,166.94,Entertainment,PayPal,Desktop,Chennai,0,142,292.03,313,0,0,0.571653597233161,125.08999999999997,0,0,0.8575342465753425,0,4,0,1,0,1
T104787,CUST3889,2023-02-20 00:57:00,188.56,Health,UPI,Desktop,Chennai,0,55,338.32,751,0,0,0.5573421612674391,149.76,0,0,2.0575342465753423,0,0,0,1,0,1
T104788,CUST3183,2023-11-01 23:02:00,54.33,Fashion,UPI,Mobile,Pune,0,15,93.0,1045,0,0,0.5841935483870968,38.67,0,0,2.863013698630137,0,23,2,0,0,0
T104789,CUST5739,2023-09-02 03:36:00,32.06,Grocery,UPI,Mobile,Hyderabad,0,5,128.27,1853,0,1,0.24994152958602947,96.21000000000001,0,0,5.076712328767123,0,3,5,1,1,1
T104790,CUST9682,2023-06-23 17:52:00,9.04,Travel,Credit Card,Mobile,Kolkata,0,101,380.44,1412,0,0,0.02376195983597939,371.4,0,0,3.8684931506849316,0,17,4,0,0,0
T104791,CUST7565,2023-08-07 07:07:00,245.3,Utilities,Credit Card,Mobile,Kolkata,1,132,92.14,722,0,1,2.662253093119167,153.16000000000003,0,0,1.978082191780822,0,7,0,0,0,1
T104792,CUST1638,2023-06-13 16:30:00,4.97,Travel,NetBanking,Desktop,Bengaluru,1,30,213.85,1818,0,1,0.023240589198036007,208.88,0,0,4.980821917808219,0,16,1,0,0,1
T104793,CUST8004,2023-09-25 04:01:00,28.27,Electronics,Credit Card,Mobile,Mumbai,0,53,132.74,1982,0,0,0.21297272864245892,104.47000000000001,0,0,5.4301369863013695,0,4,0,1,0,1
T104794,CUST5563,2023-03-24 14:24:00,28.31,Travel,Debit Card,POS,Pune,0,73,277.14,1335,0,0,0.10215053763440861,248.82999999999998,0,0,3.6575342465753424,0,14,4,0,0,0
T104795,CUST1891,2023-03-15 19:17:00,30.9,Food,Debit Card,Desktop,Chennai,0,30,493.57,686,0,0,0.06260510160666166,462.67,0,0,1.8794520547945206,0,19,2,0,0,0
T104796,CUST5589,2023-01-06 14:09:00,14.36,Health,Debit Card,POS,Mumbai,0,104,427.5,981,0,0,0.0335906432748538,413.14,0,0,2.6876712328767125,0,14,4,0,0,0
T104797,CUST7423,2023-03-12 20:20:00,122.29,Travel,Debit Card,Desktop,Mumbai,0,105,142.04,657,0,0,0.8609546606589694,19.749999999999986,0,0,1.8,0,20,6,0,1,0
T104798,CUST5924,2023-04-19 07:29:00,10.45,Electronics,NetBanking,Desktop,Hyderabad,0,108,190.62,1402,0,0,0.05482111006190326,180.17000000000002,0,0,3.841095890410959,0,7,2,0,0,0
T104799,CUST7340,2023-04-10 13:43:00,80.61,Electronics,Debit Card,POS,Chennai,0,84,460.13,1009,0,0,0.17518962032469085,379.52,0,0,2.7643835616438355,0,13,0,0,0,0
T104800,CUST4883,2024-01-30 06:23:00,10.58,Food,PayPal,Mobile,Delhi,0,92,450.16,1083,0,0,0.0235027545761507,439.58000000000004,0,0,2.967123287671233,0,6,1,0,0,0
T104801,CUST6816,2023-06-26 05:57:00,5.85,Electronics,PayPal,Mobile,Mumbai,0,189,88.66,1942,0,0,0.06598240469208211,82.81,0,0,5.32054794520548,0,5,0,0,0,0
T104802,CUST9185,2023-05-04 11:05:00,192.13,Entertainment,PayPal,POS,Chennai,0,71,416.34,1807,0,0,0.4614737954556372,224.20999999999998,0,0,4.950684931506849,0,11,3,0,0,0
T104803,CUST2509,2023-07-02 00:06:00,16.87,Fashion,Credit Card,Mobile,Kolkata,0,68,155.83,1570,0,0,0.10825900019251748,138.96,0,0,4.301369863013699,0,0,6,1,1,1
T104804,CUST8053,2023-10-27 13:23:00,137.74,Entertainment,UPI,Desktop,Mumbai,0,55,276.46,403,0,0,0.49822759169500114,138.71999999999997,0,0,1.104109589041096,0,13,4,0,0,0
T104805,CUST5985,2023-11-30 12:24:00,62.93,Health,NetBanking,Desktop,Hyderabad,0,99,12.5,1827,0,0,5.0344,50.43,1,0,5.005479452054795,0,12,3,0,0,1
T104806,CUST5301,2023-05-02 06:27:00,6.48,Health,PayPal,Desktop,Hyderabad,1,97,499.31,1671,0,0,0.012977909515130882,492.83,0,0,4.578082191780822,0,6,1,0,0,1
T104807,CUST5717,2024-01-23 21:30:00,248.89,Health,PayPal,Mobile,Delhi,0,71,382.94,1177,0,0,0.6499451611218467,134.05,0,0,3.2246575342465755,0,21,1,0,0,0
T104808,CUST1313,2023-12-01 13:03:00,22.69,Grocery,Debit Card,Mobile,Hyderabad,0,73,128.45,1499,0,0,0.17664460879719737,105.75999999999999,0,0,4.1068493150684935,0,13,4,0,0,0
T104809,CUST9490,2024-02-08 10:40:00,157.09,Travel,PayPal,POS,Chennai,0,170,345.06,1040,0,0,0.4552541586970382,187.97,0,0,2.8493150684931505,0,10,3,0,0,0
T104810,CUST4655,2023-06-21 15:17:00,14.79,Fashion,Debit Card,Desktop,Pune,0,77,153.72,1447,0,0,0.09621389539422326,138.93,0,0,3.9643835616438357,0,15,2,0,0,0
T104811,CUST2575,2023-06-29 20:39:00,153.9,Travel,Debit Card,POS,Hyderabad,0,157,53.83,1891,0,0,2.8590005573100505,100.07000000000001,0,0,5.1808219178082195,0,20,3,0,0,0
T104812,CUST9942,2023-06-30 04:48:00,1.07,Fashion,UPI,Mobile,Pune,0,163,218.4,679,0,0,0.004899267399267399,217.33,0,0,1.8602739726027397,0,4,4,1,0,1
T104813,CUST5584,2023-05-22 06:01:00,57.36,Travel,Credit Card,POS,Delhi,0,173,310.72,1671,0,0,0.18460350154479915,253.36,0,0,4.578082191780822,0,6,0,0,0,0
T104814,CUST3827,2023-01-16 00:46:00,117.38,Food,Debit Card,Mobile,Kolkata,0,108,53.99,754,0,1,2.1741063159844414,63.38999999999999,0,0,2.0657534246575344,0,0,0,1,0,1
T104815,CUST6356,2023-02-02 19:35:00,218.42,Utilities,Debit Card,Desktop,Bengaluru,0,90,264.02,841,0,0,0.8272858116809333,45.599999999999994,0,0,2.304109589041096,0,19,3,0,0,0
T104816,CUST4044,2023-06-01 08:13:00,191.93,Entertainment,UPI,Desktop,Mumbai,0,99,262.28,1109,0,0,0.7317752020741194,70.34999999999997,0,0,3.0383561643835617,0,8,3,0,0,0
T104817,CUST8149,2023-08-08 09:54:00,137.02,Electronics,Debit Card,Mobile,Mumbai,0,157,318.04,161,0,0,0.4308263111558295,181.02,0,0,0.4410958904109589,0,9,1,0,0,0
T104818,CUST3058,2023-06-10 10:03:00,175.28,Electronics,NetBanking,Mobile,Chennai,0,198,129.88,810,0,0,1.3495534339390207,45.400000000000006,0,0,2.219178082191781,0,10,5,0,1,0
T104819,CUST5541,2023-08-09 16:03:00,17.77,Entertainment,Credit Card,Mobile,Delhi,0,3,20.11,151,0,0,0.8836399801093983,2.34,0,0,0.4136986301369863,1,16,2,0,0,0
T104820,CUST1326,2023-03-05 10:12:00,26.75,Food,NetBanking,Desktop,Delhi,0,185,169.18,231,0,0,0.15811561650313274,142.43,0,0,0.6328767123287671,0,10,6,0,1,0
T104821,CUST2386,2023-10-11 06:41:00,27.28,Fashion,PayPal,Mobile,Delhi,0,194,205.3,1773,0,0,0.13287871407696053,178.02,0,0,4.857534246575343,0,6,2,0,0,0
T104822,CUST6716,2023-09-14 08:06:00,37.86,Entertainment,Credit Card,Desktop,Mumbai,0,119,321.51,1840,0,0,0.11775683493514977,283.65,0,0,5.041095890410959,0,8,3,0,0,0
T104823,CUST9640,2023-07-12 21:24:00,39.98,Grocery,PayPal,POS,Hyderabad,0,150,465.78,1655,0,0,0.08583451414831036,425.79999999999995,0,0,4.534246575342466,0,21,2,0,0,0
T104824,CUST9002,2024-01-06 04:46:00,62.92,Fashion,Debit Card,Desktop,Mumbai,0,111,109.66,731,0,0,0.5737734816706183,46.739999999999995,0,0,2.0027397260273974,0,4,5,1,1,1
T104825,CUST4180,2023-07-09 11:42:00,13.94,Electronics,UPI,POS,Mumbai,0,155,346.79,1318,0,0,0.04019723752126647,332.85,0,0,3.610958904109589,0,11,6,0,1,0
T104826,CUST8248,2023-09-24 08:30:00,94.02,Grocery,NetBanking,Desktop,Mumbai,1,22,57.73,587,0,0,1.6286159708990127,36.29,0,0,1.6082191780821917,0,8,6,0,1,1
T104827,CUST5978,2023-01-16 16:28:00,14.67,Travel,PayPal,Desktop,Kolkata,0,116,103.4,1877,0,0,0.14187620889748548,88.73,0,0,5.142465753424657,0,16,0,0,0,0
T104828,CUST3676,2023-02-12 12:20:00,29.72,Grocery,Debit Card,Mobile,Kolkata,0,113,259.48,1895,0,0,0.11453676583937104,229.76000000000002,0,0,5.191780821917808,0,12,6,0,1,0
T104829,CUST7747,2023-07-06 17:50:00,55.99,Fashion,NetBanking,Desktop,Hyderabad,0,177,357.11,1093,0,0,0.1567864243510403,301.12,0,0,2.9945205479452053,0,17,3,0,0,0
T104830,CUST4250,2023-09-03 06:20:00,127.34,Food,NetBanking,Mobile,Bengaluru,0,24,430.7,608,0,0,0.2956582307870908,303.36,0,0,1.6657534246575343,0,6,6,0,1,0
T104831,CUST9094,2023-02-03 08:35:00,107.6,Travel,PayPal,Mobile,Chennai,0,27,374.51,1166,0,0,0.28730875010013085,266.90999999999997,0,0,3.1945205479452055,0,8,4,0,0,0
T104832,CUST1684,2023-10-11 06:44:00,82.97,Fashion,Debit Card,Mobile,Bengaluru,0,36,17.52,1392,0,0,4.735730593607306,65.45,1,0,3.813698630136986,0,6,2,0,0,1
T104833,CUST4163,2023-03-05 21:27:00,13.55,Travel,UPI,Desktop,Bengaluru,0,107,345.13,1115,0,0,0.03926056848144178,331.58,0,0,3.0547945205479454,0,21,6,0,1,0
T104834,CUST3895,2023-01-29 13:37:00,63.36,Grocery,PayPal,Mobile,Mumbai,0,145,414.08,256,0,0,0.15301391035548687,350.71999999999997,0,0,0.7013698630136986,0,13,6,0,1,0
T104835,CUST2272,2023-11-28 02:43:00,7.32,Electronics,NetBanking,POS,Bengaluru,0,56,267.51,203,0,0,0.027363463048110354,260.19,0,0,0.5561643835616439,0,2,1,1,0,1
T104836,CUST8610,2023-01-22 13:34:00,37.9,Fashion,NetBanking,POS,Mumbai,0,10,483.14,1049,0,0,0.07844517117191704,445.24,0,0,2.873972602739726,0,13,6,0,1,0
T104837,CUST9832,2023-07-25 01:06:00,42.69,Utilities,Credit Card,Desktop,Mumbai,0,54,12.11,1187,0,0,3.525185796862097,30.58,1,0,3.252054794520548,0,1,1,1,0,2
T104838,CUST6159,2023-12-17 01:01:00,3.25,Food,Debit Card,Mobile,Chennai,0,81,411.14,1338,0,0,0.007904849929464417,407.89,0,0,3.665753424657534,0,1,6,1,1,1
T104839,CUST9219,2023-08-13 14:27:00,25.62,Utilities,Credit Card,POS,Delhi,0,108,174.06,1840,0,0,0.14719062392278526,148.44,0,0,5.041095890410959,0,14,6,0,1,0
T104840,CUST2422,2023-08-01 08:59:00,249.25,Utilities,UPI,Desktop,Mumbai,1,166,328.72,1679,0,0,0.7582440983207592,79.47000000000003,0,0,4.6,0,8,1,0,0,1
T104841,CUST7329,2023-08-09 17:14:00,245.69,Entertainment,PayPal,Desktop,Kolkata,0,81,349.81,1161,0,0,0.7023527057545524,104.12,0,0,3.180821917808219,0,17,2,0,0,0
T104842,CUST3443,2023-11-02 04:24:00,34.75,Grocery,NetBanking,Desktop,Bengaluru,0,127,160.06,172,0,0,0.21710608521804323,125.31,0,0,0.4712328767123288,0,4,3,1,0,1
T104843,CUST9173,2023-06-23 07:06:00,3.52,Fashion,Debit Card,Desktop,Chennai,0,98,497.76,598,0,0,0.007071681131468981,494.24,0,0,1.6383561643835616,0,7,4,0,0,0
T104844,CUST2801,2023-07-19 15:43:00,15.79,Food,NetBanking,Desktop,Pune,0,132,60.59,1347,0,0,0.2606040600759201,44.800000000000004,0,0,3.6904109589041094,0,15,2,0,0,0
T104845,CUST8848,2023-10-30 18:38:00,39.84,Fashion,Credit Card,Mobile,Pune,0,178,86.94,306,0,0,0.45824706694271916,47.099999999999994,0,0,0.8383561643835616,0,18,0,0,0,0
T104846,CUST1916,2024-02-08 09:11:00,236.18,Grocery,Credit Card,Mobile,Pune,0,61,447.17,1545,0,0,0.5281660218708768,210.99,0,0,4.232876712328767,0,9,3,0,0,0
T104847,CUST5412,2024-02-05 04:52:00,12.18,Fashion,PayPal,Mobile,Bengaluru,0,149,68.4,1616,1,1,0.17807017543859646,56.220000000000006,0,0,4.427397260273972,0,4,0,1,0,2
T104848,CUST1944,2023-08-03 16:22:00,115.35,Travel,Debit Card,Mobile,Delhi,0,36,196.83,1988,0,0,0.58603871361073,81.48000000000002,0,0,5.446575342465754,0,16,3,0,0,0
T104849,CUST6541,2023-05-09 21:21:00,9.2,Grocery,Debit Card,Desktop,Hyderabad,0,102,369.24,1524,0,0,0.024916043765572524,360.04,0,0,4.175342465753425,0,21,1,0,0,0
T104850,CUST9204,2023-03-24 06:50:00,318.16,Fashion,PayPal,Desktop,Delhi,0,46,397.83,305,1,0,0.7997385818062993,79.66999999999996,0,0,0.8356164383561644,0,6,4,0,0,1
T104851,CUST6870,2023-06-05 21:16:00,38.45,Entertainment,Credit Card,POS,Chennai,0,95,477.79,263,1,1,0.08047468553130037,439.34000000000003,0,0,0.7205479452054795,0,21,0,0,0,1
T104852,CUST9592,2023-03-02 06:26:00,119.42,Electronics,Credit Card,POS,Delhi,0,71,396.89,1295,0,0,0.30088941520320495,277.46999999999997,0,0,3.547945205479452,0,6,3,0,0,0
T104853,CUST9858,2023-02-01 20:35:00,33.56,Fashion,Credit Card,Mobile,Pune,0,44,423.82,1311,1,1,0.0791845594827993,390.26,0,0,3.591780821917808,0,20,2,0,0,1
T104854,CUST3105,2024-01-13 05:17:00,79.04,Travel,NetBanking,Desktop,Delhi,0,64,475.19,1802,0,0,0.16633346661335469,396.15,0,0,4.936986301369863,0,5,5,0,1,0
T104855,CUST6813,2023-02-05 14:37:00,17.06,Food,UPI,POS,Chennai,0,146,281.31,61,0,0,0.060644840211865905,264.25,0,0,0.16712328767123288,0,14,6,0,1,0
T104856,CUST6308,2023-11-21 21:24:00,12.63,Entertainment,Credit Card,POS,Chennai,0,13,178.28,1420,1,0,0.07084361678258919,165.65,0,0,3.8904109589041096,0,21,1,0,0,1
T104857,CUST5833,2023-05-29 18:45:00,222.53,Food,UPI,POS,Pune,0,13,383.19,1401,0,0,0.5807301860695738,160.66,0,0,3.8383561643835615,0,18,0,0,0,0
T104858,CUST4914,2023-01-29 03:12:00,199.74,Utilities,UPI,POS,Kolkata,0,25,90.14,789,0,0,2.21588639893499,109.60000000000001,0,0,2.1616438356164385,0,3,6,1,1,1
T104859,CUST9550,2024-01-13 17:32:00,174.76,Entertainment,Debit Card,Mobile,Bengaluru,0,5,43.43,1185,0,0,4.023946580704582,131.32999999999998,1,0,3.2465753424657535,0,17,5,0,1,1
T104860,CUST4419,2023-01-21 15:40:00,78.56,Food,PayPal,Desktop,Mumbai,0,128,394.81,1828,0,0,0.1989817887084927,316.25,0,0,5.008219178082192,0,15,5,0,1,0
T104861,CUST5078,2023-01-27 06:57:00,132.13,Electronics,NetBanking,Mobile,Hyderabad,0,39,475.83,1824,1,0,0.27768320618708364,343.7,0,0,4.997260273972603,0,6,4,0,0,1
T104862,CUST8422,2023-12-31 21:34:00,5.72,Travel,UPI,POS,Hyderabad,0,157,226.8,822,0,0,0.025220458553791885,221.08,0,0,2.252054794520548,0,21,6,0,1,0
T104863,CUST6186,2023-11-11 12:04:00,32.61,Utilities,NetBanking,POS,Pune,0,108,88.96,1421,0,0,0.36656924460431656,56.349999999999994,0,0,3.893150684931507,0,12,5,0,1,0
T104864,CUST6238,2023-05-18 07:49:00,30.12,Grocery,Debit Card,Desktop,Kolkata,0,185,253.54,791,0,0,0.11879782282874497,223.42,0,0,2.1671232876712327,0,7,3,0,0,0
T104865,CUST8275,2024-02-13 14:26:00,80.77,Food,Credit Card,Desktop,Hyderabad,1,174,202.73,294,0,0,0.3984116805603512,121.96,0,0,0.8054794520547945,0,14,1,0,0,1
T104866,CUST4505,2023-08-12 23:02:00,35.2,Entertainment,UPI,Mobile,Delhi,0,161,192.51,244,0,0,0.18284764427821934,157.31,0,0,0.6684931506849315,0,23,5,0,1,0
T104867,CUST6884,2023-02-20 05:10:00,12.86,Travel,PayPal,Desktop,Chennai,0,138,317.76,1268,0,0,0.04047079556898288,304.9,0,0,3.473972602739726,0,5,0,0,0,0
T104868,CUST2964,2023-06-09 23:45:00,72.6,Fashion,Debit Card,Mobile,Kolkata,0,186,95.62,311,0,0,0.7592553859025307,23.02000000000001,0,0,0.852054794520548,0,23,4,0,0,0
T104869,CUST4139,2023-06-27 23:47:00,134.73,Electronics,NetBanking,Mobile,Chennai,0,25,196.44,1885,0,0,0.6858582773365913,61.71000000000001,0,0,5.164383561643835,0,23,1,0,0,0
T104870,CUST6074,2023-11-29 07:02:00,38.52,Travel,Credit Card,POS,Pune,0,74,435.65,559,0,0,0.08841960289223001,397.13,0,0,1.5315068493150685,0,7,2,0,0,0
T104871,CUST4359,2023-11-10 22:36:00,11.35,Travel,NetBanking,Mobile,Chennai,0,39,367.54,1912,0,0,0.030880992545029108,356.19,0,0,5.238356164383561,0,22,4,0,0,0
T104872,CUST2668,2023-02-07 02:16:00,17.52,Grocery,PayPal,POS,Mumbai,0,16,37.24,31,1,0,0.47046186895810954,19.720000000000002,0,0,0.08493150684931507,0,2,1,1,0,2
T104873,CUST2431,2023-12-21 18:32:00,21.69,Travel,UPI,Mobile,Chennai,0,188,261.81,542,0,0,0.08284633894809214,240.12,0,0,1.484931506849315,0,18,3,0,0,0
T104874,CUST6474,2023-03-31 09:23:00,28.52,Grocery,PayPal,Mobile,Chennai,0,156,54.73,845,0,0,0.5211035994883976,26.209999999999997,0,0,2.315068493150685,0,9,4,0,0,0
T104875,CUST3976,2023-12-22 06:39:00,82.36,Electronics,NetBanking,Desktop,Kolkata,0,172,479.17,493,1,0,0.1718805434396978,396.81,0,0,1.3506849315068492,0,6,4,0,0,1
T104876,CUST1265,2023-05-12 03:50:00,73.49,Electronics,NetBanking,Desktop,Delhi,0,186,129.87,1500,0,0,0.5658735658735659,56.38000000000001,0,0,4.109589041095891,0,3,4,1,0,1
T104877,CUST7998,2023-09-19 07:00:00,95.28,Fashion,PayPal,POS,Bengaluru,0,32,466.98,1416,0,0,0.20403443402287036,371.70000000000005,0,0,3.8794520547945206,0,7,1,0,0,0
T104878,CUST3367,2023-08-17 02:06:00,36.02,Grocery,PayPal,Desktop,Hyderabad,0,63,418.66,1269,0,1,0.0860364018535327,382.64000000000004,0,0,3.4767123287671233,0,2,3,1,0,1
T104879,CUST4049,2023-08-11 21:59:00,138.98,Grocery,PayPal,Mobile,Delhi,0,93,280.17,193,0,0,0.4960559660206303,141.19000000000003,0,0,0.5287671232876713,0,21,4,0,0,0
T104880,CUST9376,2023-12-11 08:49:00,18.26,Food,Credit Card,POS,Delhi,0,45,174.79,1756,0,0,0.10446821900566396,156.53,0,0,4.810958904109589,0,8,0,0,0,0
T104881,CUST2676,2023-05-29 17:49:00,50.65,Food,NetBanking,POS,Delhi,0,53,430.39,1640,0,0,0.11768396105857479,379.74,0,0,4.493150684931507,0,17,0,0,0,0
T104882,CUST6497,2024-02-18 21:44:00,129.13,Fashion,Debit Card,POS,Hyderabad,0,189,84.86,567,0,0,1.521682771623851,44.269999999999996,0,0,1.5534246575342465,0,21,6,0,1,0
T104883,CUST2319,2023-08-10 07:27:00,15.89,Electronics,Credit Card,Mobile,Pune,1,50,98.19,540,0,0,0.16182910683368978,82.3,0,0,1.4794520547945205,0,7,3,0,0,1
T104884,CUST5877,2023-05-20 14:24:00,9.31,Health,Credit Card,Desktop,Delhi,0,155,120.11,1827,0,0,0.07751228040962452,110.8,0,0,5.005479452054795,0,14,5,0,1,0
T104885,CUST5758,2023-05-31 07:43:00,172.12,Food,Credit Card,POS,Bengaluru,1,26,302.87,1847,1,1,0.568296628916697,130.75,0,0,5.06027397260274,0,7,2,0,0,2
T104886,CUST8770,2023-12-10 04:28:00,33.6,Travel,Debit Card,Mobile,Pune,0,131,164.02,1274,0,0,0.20485306669918302,130.42000000000002,0,0,3.4904109589041097,0,4,6,1,1,1
T104887,CUST9355,2023-10-07 15:48:00,92.13,Electronics,PayPal,Desktop,Chennai,0,90,494.7,584,0,0,0.18623408126137053,402.57,0,0,1.6,0,15,5,0,1,0
T104888,CUST3157,2023-01-25 11:51:00,2.05,Health,NetBanking,Desktop,Bengaluru,0,39,105.61,1687,0,0,0.0194110406211533,103.56,0,0,4.6219178082191785,0,11,2,0,0,0
T104889,CUST7247,2023-03-23 09:06:00,93.71,Utilities,UPI,POS,Kolkata,0,193,404.75,670,0,0,0.23152563310685606,311.04,0,0,1.8356164383561644,0,9,3,0,0,0
T104890,CUST2451,2023-03-06 00:42:00,30.4,Travel,UPI,Mobile,Pune,0,163,56.96,1830,0,0,0.5337078651685393,26.560000000000002,0,0,5.013698630136986,0,0,0,1,0,1
T104891,CUST7512,2023-07-02 14:51:00,4.59,Entertainment,NetBanking,Desktop,Chennai,0,53,183.19,1336,0,0,0.025055952835853487,178.6,0,0,3.66027397260274,0,14,6,0,1,0
T104892,CUST9705,2023-01-30 05:35:00,75.29,Grocery,Debit Card,Mobile,Chennai,0,174,129.44,1124,0,1,0.5816594561186651,54.14999999999999,0,0,3.0794520547945203,0,5,0,0,0,0
T104893,CUST9931,2023-09-26 23:13:00,22.04,Electronics,UPI,Desktop,Delhi,0,196,488.65,1938,0,0,0.045103857566765576,466.60999999999996,0,0,5.30958904109589,0,23,1,0,0,0
T104894,CUST4532,2023-03-02 01:09:00,39.13,Entertainment,Credit Card,POS,Delhi,0,22,22.61,1427,0,0,1.7306501547987618,16.520000000000003,0,0,3.9095890410958902,0,1,3,1,0,1
T104895,CUST1804,2023-06-05 18:24:00,6.72,Fashion,UPI,POS,Hyderabad,1,188,363.62,288,0,1,0.018480831637423683,356.9,0,0,0.7890410958904109,0,18,0,0,0,1
T104896,CUST4911,2023-06-05 11:15:00,12.73,Grocery,NetBanking,Desktop,Mumbai,0,134,131.38,474,0,0,0.09689450449079008,118.64999999999999,0,0,1.2986301369863014,0,11,0,0,0,0
T104897,CUST6587,2023-10-30 05:29:00,28.3,Grocery,Credit Card,Mobile,Bengaluru,0,52,407.51,1254,0,1,0.06944614856077151,379.21,0,0,3.4356164383561643,0,5,0,0,0,0
T104898,CUST8834,2023-10-23 10:24:00,7.52,Travel,UPI,Desktop,Hyderabad,0,75,162.5,1695,0,0,0.04627692307692308,154.98,0,0,4.6438356164383565,0,10,0,0,0,0
T104899,CUST5744,2024-02-10 13:06:00,193.37,Entertainment,NetBanking,Mobile,Hyderabad,1,73,101.77,1433,0,0,1.900068782548885,91.60000000000001,0,0,3.926027397260274,0,13,5,0,1,1
T104900,CUST6390,2024-01-01 17:26:00,0.49,Grocery,Debit Card,Desktop,Bengaluru,0,29,349.59,1895,1,1,0.0014016419233959783,349.09999999999997,0,0,5.191780821917808,0,17,0,0,0,1
T104901,CUST8699,2023-01-10 00:38:00,52.91,Food,NetBanking,POS,Pune,1,171,136.21,1646,0,1,0.3884443139270244,83.30000000000001,0,0,4.50958904109589,0,0,1,1,0,2
T104902,CUST3102,2023-02-22 15:17:00,10.52,Electronics,Debit Card,Mobile,Kolkata,0,122,247.92,795,0,0,0.04243304291707002,237.39999999999998,0,0,2.1780821917808217,0,15,2,0,0,0
T104903,CUST2101,2023-04-24 05:09:00,29.42,Food,Credit Card,POS,Bengaluru,0,162,74.45,1468,0,0,0.3951645399597045,45.03,0,0,4.021917808219178,0,5,0,0,0,0
T104904,CUST6967,2023-04-15 17:32:00,208.36,Travel,NetBanking,Mobile,Chennai,0,159,365.05,94,0,0,0.5707711272428435,156.69,0,0,0.25753424657534246,0,17,5,0,1,0
T104905,CUST3089,2024-01-18 09:44:00,14.11,Health,PayPal,Desktop,Kolkata,0,86,209.35,1431,0,0,0.06739909242894673,195.24,0,0,3.9205479452054797,0,9,3,0,0,0
T104906,CUST6061,2023-03-27 18:37:00,270.12,Utilities,PayPal,POS,Mumbai,0,46,78.88,687,0,0,3.4244421906693714,191.24,1,0,1.8821917808219177,0,18,0,0,0,1
T104907,CUST7219,2023-05-01 02:51:00,18.43,Travel,PayPal,POS,Pune,0,4,373.38,1699,0,0,0.049359901440891314,354.95,0,0,4.654794520547945,1,2,0,1,0,1
T104908,CUST6440,2024-02-06 15:41:00,108.25,Electronics,PayPal,Mobile,Delhi,0,2,60.65,1155,0,0,1.784830997526793,47.6,0,0,3.164383561643836,1,15,1,0,0,0
T104909,CUST9382,2023-08-15 14:23:00,63.29,Grocery,PayPal,Mobile,Mumbai,0,133,291.66,1030,0,0,0.21699924569704448,228.37000000000003,0,0,2.8219178082191783,0,14,1,0,0,0
T104910,CUST1103,2023-08-15 14:20:00,172.66,Entertainment,Debit Card,Mobile,Mumbai,0,46,307.67,71,0,0,0.5611856859622322,135.01000000000002,0,0,0.19452054794520549,0,14,1,0,0,0
T104911,CUST6961,2023-08-09 22:33:00,64.59,Entertainment,NetBanking,POS,Delhi,0,79,465.87,908,0,0,0.13864382767724903,401.28,0,0,2.4876712328767123,0,22,2,0,0,0
T104912,CUST9329,2023-05-17 00:31:00,61.18,Fashion,Credit Card,Desktop,Mumbai,0,147,83.98,225,0,0,0.7285067873303167,22.800000000000004,0,0,0.6164383561643836,0,0,2,1,0,1
T104913,CUST9346,2023-12-27 08:20:00,17.4,Travel,PayPal,Mobile,Pune,0,166,330.14,1413,0,0,0.05270491306718362,312.74,0,0,3.871232876712329,0,8,2,0,0,0
T104914,CUST2447,2023-12-12 22:54:00,14.54,Electronics,PayPal,Desktop,Pune,0,59,196.58,1825,0,0,0.0739647980465968,182.04000000000002,0,0,5.0,0,22,1,0,0,0
T104915,CUST4249,2023-04-13 11:31:00,198.62,Fashion,Credit Card,Mobile,Pune,1,72,206.4,1152,0,1,0.9623062015503876,7.780000000000001,0,0,3.1561643835616437,0,11,3,0,0,1
T104916,CUST2741,2023-12-17 00:06:00,31.78,Grocery,Credit Card,Desktop,Hyderabad,0,20,255.89,417,0,0,0.12419398960490836,224.10999999999999,0,0,1.1424657534246576,0,0,6,1,1,1
T104917,CUST9914,2023-03-01 13:17:00,37.23,Health,PayPal,Mobile,Hyderabad,0,196,124.55,94,0,0,0.29891609795262947,87.32,0,0,0.25753424657534246,0,13,2,0,0,0
T104918,CUST9116,2023-12-18 14:16:00,114.11,Travel,Debit Card,Desktop,Pune,0,53,235.98,1350,0,0,0.48355792863802016,121.86999999999999,0,0,3.6986301369863015,0,14,0,0,0,0
T104919,CUST5092,2023-07-22 15:38:00,33.1,Health,Credit Card,POS,Delhi,0,107,346.55,1480,0,0,0.09551291299956716,313.45,0,0,4.054794520547945,0,15,5,0,1,0
T104920,CUST6074,2023-04-13 20:01:00,243.03,Electronics,NetBanking,Mobile,Delhi,0,55,233.99,252,0,0,1.0386341296636608,9.039999999999992,0,0,0.6904109589041096,0,20,3,0,0,0
T104921,CUST2844,2024-02-20 01:37:00,107.13,Health,NetBanking,Mobile,Bengaluru,0,167,30.83,1810,0,0,3.474862147259163,76.3,1,0,4.958904109589041,0,1,1,1,0,2
T104922,CUST5688,2023-07-17 17:31:00,72.79,Health,Debit Card,POS,Bengaluru,0,121,136.33,1748,0,0,0.5339250348419277,63.540000000000006,0,0,4.789041095890411,0,17,0,0,0,0
T104923,CUST9987,2023-04-18 23:14:00,170.22,Electronics,UPI,Mobile,Pune,0,164,182.22,944,0,0,0.934145538360224,12.0,0,0,2.5863013698630137,0,23,1,0,0,0
T104924,CUST4444,2023-07-27 04:04:00,4.07,Electronics,Debit Card,Mobile,Kolkata,0,186,183.81,1202,0,0,0.022142429682824656,179.74,0,0,3.293150684931507,0,4,3,1,0,1
T104925,CUST1152,2023-12-26 04:08:00,23.77,Travel,PayPal,POS,Mumbai,0,15,49.69,1562,0,0,0.4783658683839807,25.919999999999998,0,0,4.279452054794521,0,4,1,1,0,1
T104926,CUST1836,2023-12-11 09:52:00,50.04,Health,UPI,POS,Mumbai,1,1,230.29,471,0,0,0.21729124147813628,180.25,0,0,1.2904109589041095,1,9,0,0,0,1
T104927,CUST6483,2023-04-02 06:00:00,20.6,Fashion,PayPal,Desktop,Delhi,1,95,349.06,1467,0,1,0.059015642009969636,328.46,0,0,4.019178082191781,0,6,6,0,1,1
T104928,CUST6906,2023-06-08 01:04:00,108.98,Utilities,NetBanking,POS,Kolkata,0,137,33.85,1169,0,0,3.219497784342688,75.13,1,0,3.202739726027397,0,1,3,1,0,2
T104929,CUST9641,2023-02-10 18:14:00,201.27,Electronics,Credit Card,POS,Mumbai,0,151,377.95,932,0,0,0.5325307580367774,176.67999999999998,0,0,2.5534246575342467,0,18,4,0,0,0
T104930,CUST4129,2023-08-03 22:27:00,44.1,Grocery,PayPal,Mobile,Chennai,0,180,478.0,482,0,0,0.09225941422594143,433.9,0,0,1.3205479452054794,0,22,3,0,0,0
T104931,CUST2880,2023-05-27 01:01:00,33.5,Health,NetBanking,POS,Hyderabad,0,154,14.58,349,0,0,2.297668038408779,18.92,0,0,0.9561643835616438,0,1,5,1,1,1
T104932,CUST3884,2023-12-20 18:39:00,260.67,Electronics,Debit Card,Mobile,Mumbai,0,188,104.91,799,0,0,2.484701172433515,155.76000000000002,0,0,2.1890410958904107,0,18,2,0,0,0
T104933,CUST5035,2024-02-08 22:23:00,47.08,Fashion,PayPal,POS,Mumbai,0,18,276.31,912,0,0,0.17038833194600267,229.23000000000002,0,0,2.4986301369863013,0,22,3,0,0,0
T104934,CUST5726,2023-10-25 17:16:00,53.72,Entertainment,NetBanking,POS,Bengaluru,0,105,116.84,1045,0,0,0.45977404998288257,63.120000000000005,0,0,2.863013698630137,0,17,2,0,0,0
T104935,CUST1187,2023-06-10 05:16:00,34.67,Travel,Credit Card,Desktop,Chennai,0,186,384.67,480,0,0,0.09012920165336523,350.0,0,0,1.3150684931506849,0,5,5,0,1,0
T104936,CUST5986,2023-11-06 08:17:00,192.24,Health,PayPal,POS,Mumbai,0,65,162.95,925,0,0,1.179748389076404,29.29000000000002,0,0,2.5342465753424657,0,8,0,0,0,0
T104937,CUST9124,2023-09-11 09:21:00,67.32,Entertainment,NetBanking,POS,Hyderabad,0,77,153.88,1132,0,0,0.43748375357421365,86.56,0,0,3.1013698630136988,0,9,0,0,0,0
T104938,CUST4516,2023-05-30 19:05:00,114.9,Electronics,PayPal,Mobile,Mumbai,0,116,10.45,772,0,0,10.995215311004786,104.45,1,0,2.115068493150685,0,19,1,0,0,1
T104939,CUST7039,2023-01-07 17:04:00,133.62,Electronics,Credit Card,Mobile,Delhi,0,69,142.36,386,0,0,0.9386063500983421,8.740000000000009,0,0,1.0575342465753426,0,17,5,0,1,0
T104940,CUST3653,2023-04-05 04:44:00,33.47,Grocery,PayPal,Desktop,Chennai,1,142,116.66,1172,0,0,0.28690210869192523,83.19,0,0,3.210958904109589,0,4,2,1,0,2
T104941,CUST6782,2023-07-30 13:12:00,45.49,Grocery,PayPal,POS,Mumbai,0,174,178.19,1639,0,0,0.25528929794040073,132.7,0,0,4.49041095890411,0,13,6,0,1,0
T104942,CUST3611,2024-01-20 06:29:00,150.96,Health,NetBanking,Mobile,Kolkata,0,197,82.35,1574,0,0,1.8331511839708563,68.61000000000001,0,0,4.3123287671232875,0,6,5,0,1,0
T104943,CUST5862,2023-10-19 03:47:00,36.11,Entertainment,UPI,POS,Chennai,0,75,301.38,1332,0,1,0.11981551529630367,265.27,0,0,3.649315068493151,0,3,3,1,0,1
T104944,CUST3955,2023-05-21 05:09:00,126.37,Utilities,PayPal,Desktop,Mumbai,0,160,126.98,811,0,0,0.9951960938730509,0.6099999999999994,0,0,2.221917808219178,0,5,6,0,1,0
T104945,CUST5112,2023-07-18 05:58:00,226.41,Entertainment,UPI,Mobile,Hyderabad,0,51,417.56,595,0,1,0.542221477152984,191.15,0,0,1.63013698630137,0,5,1,0,0,0
T104946,CUST7956,2023-06-02 03:41:00,78.09,Electronics,Debit Card,Mobile,Hyderabad,0,197,149.43,1945,0,0,0.5225858261393295,71.34,0,0,5.328767123287672,0,3,4,1,0,1
T104947,CUST5762,2023-06-14 18:28:00,108.27,Utilities,PayPal,Desktop,Chennai,0,15,113.33,1098,0,0,0.9553516279890585,5.060000000000002,0,0,3.0082191780821916,0,18,2,0,0,0
T104948,CUST8298,2023-11-18 08:12:00,130.82,Health,UPI,POS,Pune,0,181,37.81,1278,0,0,3.459931235122983,93.00999999999999,1,0,3.5013698630136987,0,8,5,0,1,1
T104949,CUST9812,2024-01-31 17:53:00,149.17,Electronics,Debit Card,Mobile,Bengaluru,0,199,372.55,557,0,0,0.40040263051939334,223.38000000000002,0,0,1.526027397260274,0,17,2,0,0,0
T104950,CUST4774,2023-07-08 19:57:00,40.21,Grocery,NetBanking,Mobile,Bengaluru,0,69,259.02,753,0,0,0.15523897768512085,218.80999999999997,0,0,2.063013698630137,0,19,5,0,1,0
T104951,CUST2295,2023-10-25 13:40:00,4.21,Fashion,PayPal,Desktop,Delhi,0,15,65.75,1765,0,0,0.06403041825095057,61.54,0,0,4.835616438356165,0,13,2,0,0,0
T104952,CUST3353,2023-03-12 15:07:00,41.12,Food,NetBanking,Desktop,Pune,0,30,118.45,270,0,0,0.34715069649641195,77.33000000000001,0,0,0.7397260273972602,0,15,6,0,1,0
T104953,CUST9457,2023-04-30 08:12:00,89.61,Utilities,Debit Card,Desktop,Bengaluru,0,78,499.37,643,0,0,0.17944610208863168,409.76,0,0,1.7616438356164383,0,8,6,0,1,0
T104954,CUST1896,2023-05-22 10:17:00,47.88,Food,NetBanking,POS,Chennai,1,152,404.95,1535,0,0,0.11823681936041487,357.07,0,0,4.205479452054795,0,10,0,0,0,1
T104955,CUST1196,2023-11-26 15:41:00,110.57,Electronics,NetBanking,POS,Bengaluru,0,35,181.44,124,0,0,0.609402557319224,70.87,0,0,0.33972602739726027,0,15,6,0,1,0
T104956,CUST6855,2023-10-05 06:11:00,35.33,Entertainment,Credit Card,POS,Delhi,0,69,275.85,394,0,0,0.1280768533623346,240.52000000000004,0,0,1.0794520547945206,0,6,3,0,0,0
T104957,CUST4204,2023-01-04 18:11:00,80.57,Grocery,Debit Card,Desktop,Mumbai,0,140,213.85,1238,0,0,0.37675941080196396,133.28,0,0,3.3917808219178083,0,18,2,0,0,0
T104958,CUST1712,2023-05-19 18:12:00,16.5,Travel,NetBanking,Mobile,Bengaluru,0,46,27.83,1189,0,0,0.5928853754940712,11.329999999999998,0,0,3.2575342465753425,0,18,4,0,0,0
T104959,CUST1167,2023-09-22 20:54:00,110.7,Travel,UPI,POS,Chennai,0,126,391.55,54,0,0,0.28272251308900526,280.85,0,0,0.14794520547945206,0,20,4,0,0,0
T104960,CUST9899,2023-09-12 09:35:00,63.12,Food,Debit Card,Desktop,Chennai,0,197,361.32,1990,0,0,0.174692793091996,298.2,0,0,5.4520547945205475,0,9,1,0,0,0
T104961,CUST3247,2023-09-25 15:28:00,18.26,Fashion,Credit Card,POS,Delhi,0,164,210.31,347,0,0,0.08682421187770435,192.05,0,0,0.9506849315068493,0,15,0,0,0,0
T104962,CUST8663,2023-08-13 01:38:00,27.61,Food,PayPal,Mobile,Kolkata,0,85,424.49,362,1,1,0.06504275719098211,396.88,0,0,0.9917808219178083,0,1,6,1,1,2
T104963,CUST8417,2023-08-08 13:48:00,110.46,Electronics,NetBanking,Mobile,Delhi,0,48,272.02,943,0,0,0.4060730828615543,161.56,0,0,2.5835616438356164,0,13,1,0,0,0
T104964,CUST7514,2023-10-06 15:03:00,52.72,Fashion,UPI,Desktop,Kolkata,1,67,41.95,591,0,0,1.2567342073897496,10.769999999999996,0,0,1.6191780821917807,0,15,4,0,0,1
T104965,CUST9692,2024-02-11 20:45:00,19.47,Travel,Credit Card,Mobile,Hyderabad,0,182,137.11,710,0,0,0.1420027714973379,117.64000000000001,0,0,1.9452054794520548,0,20,6,0,1,0
T104966,CUST3630,2023-02-08 20:31:00,273.56,Entertainment,Debit Card,Desktop,Hyderabad,0,89,236.27,1855,0,0,1.1578279087484658,37.28999999999999,0,0,5.082191780821918,0,20,2,0,0,0
T104967,CUST2524,2023-02-06 09:47:00,100.46,Grocery,NetBanking,Desktop,Hyderabad,0,164,60.69,129,0,0,1.6552974130828801,39.769999999999996,0,0,0.35342465753424657,0,9,0,0,0,0
T104968,CUST2732,2023-03-09 18:34:00,251.98,Utilities,Credit Card,Desktop,Kolkata,0,52,289.83,399,0,0,0.8694062036366146,37.849999999999994,0,0,1.093150684931507,0,18,3,0,0,0
T104969,CUST7337,2023-09-06 22:30:00,44.56,Grocery,Credit Card,Desktop,Mumbai,0,22,69.08,1646,0,0,0.645049218297626,24.519999999999996,0,0,4.50958904109589,0,22,2,0,0,0
T104970,CUST5175,2023-10-21 03:38:00,51.56,Electronics,UPI,Mobile,Chennai,0,166,108.25,1065,0,0,0.4763048498845266,56.69,0,0,2.9178082191780823,0,3,5,1,1,1
T104971,CUST8828,2023-03-07 16:14:00,182.59,Food,PayPal,Mobile,Hyderabad,0,99,448.05,749,0,0,0.40752148197745786,265.46000000000004,0,0,2.052054794520548,0,16,1,0,0,0
T104972,CUST4199,2023-12-15 02:49:00,59.56,Electronics,PayPal,Mobile,Chennai,0,190,499.91,106,0,0,0.11914144546018283,440.35,0,0,0.29041095890410956,0,2,4,1,0,1
T104973,CUST8293,2023-05-29 01:16:00,98.28,Utilities,PayPal,Mobile,Delhi,0,193,279.62,616,0,1,0.35147700450611546,181.34,0,0,1.6876712328767123,0,1,0,1,0,1
T104974,CUST8590,2023-02-22 10:34:00,23.25,Grocery,Debit Card,Desktop,Mumbai,0,131,313.63,1003,0,0,0.0741319389089054,290.38,0,0,2.747945205479452,0,10,2,0,0,0
T104975,CUST4579,2023-04-22 19:20:00,47.35,Utilities,Credit Card,Desktop,Delhi,0,88,400.74,711,0,0,0.11815641064031542,353.39,0,0,1.9479452054794522,0,19,5,0,1,0
T104976,CUST9665,2023-01-15 17:31:00,10.54,Travel,Debit Card,Mobile,Chennai,0,136,351.11,1876,0,0,0.030019082338868158,340.57,0,0,5.13972602739726,0,17,6,0,1,0
T104977,CUST7601,2024-02-10 23:57:00,18.45,Grocery,Credit Card,POS,Pune,0,118,99.41,1401,0,0,0.18559501056231767,80.96,0,0,3.8383561643835615,0,23,5,0,1,0
T104978,CUST9206,2023-04-26 16:25:00,0.08,Fashion,UPI,POS,Kolkata,0,39,211.72,1496,0,0,0.0003778575477045154,211.64,0,0,4.098630136986301,0,16,2,0,0,0
T104979,CUST4882,2023-03-10 06:14:00,3.2,Entertainment,UPI,POS,Pune,0,18,272.21,720,0,0,0.01175562984460527,269.01,0,0,1.9726027397260273,0,6,4,0,0,0
T104980,CUST9538,2024-01-24 21:54:00,302.77,Utilities,Debit Card,Mobile,Hyderabad,0,105,186.26,117,0,0,1.625523461827553,116.50999999999999,0,0,0.32054794520547947,0,21,2,0,0,0
T104981,CUST4924,2023-02-25 03:52:00,22.2,Entertainment,Debit Card,Desktop,Pune,0,131,96.29,494,0,0,0.23055353619275104,74.09,0,0,1.3534246575342466,0,3,5,1,1,1
T104982,CUST1661,2023-11-03 13:14:00,87.09,Health,UPI,Desktop,Delhi,0,146,370.7,1830,0,0,0.2349339088211492,283.61,0,0,5.013698630136986,0,13,4,0,0,0
T104983,CUST8776,2023-06-27 03:59:00,146.16,Grocery,NetBanking,POS,Kolkata,0,80,107.43,523,0,0,1.360513822954482,38.72999999999999,0,0,1.4328767123287671,0,3,1,1,0,1
T104984,CUST2413,2023-03-01 23:28:00,64.0,Grocery,PayPal,POS,Pune,0,117,137.64,1275,0,0,0.4649811101424005,73.63999999999999,0,0,3.493150684931507,0,23,2,0,0,0
T104985,CUST1221,2023-01-02 14:09:00,13.3,Entertainment,PayPal,Desktop,Bengaluru,1,1,150.39,1568,0,0,0.08843673116563602,137.08999999999997,0,0,4.295890410958904,1,14,0,0,0,1
T104986,CUST8236,2024-01-05 16:43:00,104.19,Health,UPI,POS,Mumbai,0,117,89.27,1171,0,0,1.1671334154811248,14.920000000000002,0,0,3.208219178082192,0,16,4,0,0,0
T104987,CUST1551,2023-05-10 13:31:00,73.35,Fashion,PayPal,POS,Chennai,0,128,426.28,165,0,0,0.17207000093835037,352.92999999999995,0,0,0.4520547945205479,0,13,2,0,0,0
T104988,CUST5939,2023-01-21 03:31:00,105.12,Food,NetBanking,Desktop,Kolkata,0,26,309.2,1007,0,0,0.33997412677878397,204.07999999999998,0,0,2.758904109589041,0,3,5,1,1,1
T104989,CUST8112,2023-06-26 09:28:00,117.49,Utilities,NetBanking,POS,Hyderabad,0,180,419.03,216,0,0,0.28038565257857434,301.53999999999996,0,0,0.5917808219178082,0,9,0,0,0,0
T104990,CUST5949,2023-02-10 06:19:00,296.43,Utilities,Credit Card,POS,Delhi,0,12,251.93,571,0,0,1.1766363672448696,44.5,0,0,1.5643835616438355,0,6,4,0,0,0
T104991,CUST7134,2023-09-18 21:49:00,68.18,Grocery,Debit Card,Mobile,Mumbai,1,38,264.59,608,0,1,0.2576816962092294,196.40999999999997,0,0,1.6657534246575343,0,21,0,0,0,1
T104992,CUST3443,2023-12-22 08:56:00,33.44,Entertainment,PayPal,POS,Hyderabad,0,85,311.91,1364,0,0,0.10721041326023531,278.47,0,0,3.736986301369863,0,8,4,0,0,0
T104993,CUST1077,2023-04-09 05:06:00,83.64,Electronics,NetBanking,Mobile,Delhi,1,169,191.75,959,0,0,0.4361929595827901,108.11,0,0,2.627397260273973,0,5,6,0,1,1
T104994,CUST1920,2023-04-08 18:30:00,5.67,Grocery,Debit Card,Desktop,Pune,0,53,253.33,1432,0,0,0.02238187344570323,247.66000000000003,0,0,3.9232876712328766,0,18,5,0,1,0
T104995,CUST3702,2023-08-01 21:20:00,182.15,Electronics,Debit Card,Mobile,Kolkata,0,13,277.99,840,0,0,0.6552393971006152,95.84,0,0,2.3013698630136985,0,21,1,0,0,0
T104996,CUST6007,2024-01-14 16:42:00,10.17,Fashion,Credit Card,Desktop,Chennai,0,128,477.24,441,0,0,0.021310032687955744,467.07,0,0,1.2082191780821918,0,16,6,0,1,0
T104997,CUST6812,2023-01-09 22:14:00,31.78,Grocery,Debit Card,Mobile,Kolkata,1,76,442.62,1474,0,1,0.07179973792417875,410.84000000000003,0,0,4.038356164383561,0,22,0,0,0,1
T104998,CUST9120,2023-08-18 17:15:00,135.31,Utilities,Debit Card,Mobile,Bengaluru,0,13,73.33,246,0,0,1.845220237283513,61.980000000000004,0,0,0.673972602739726,0,17,4,0,0,0
T104999,CUST1080,2023-09-07 21:20:00,72.77,Entertainment,UPI,Mobile,Bengaluru,0,146,30.23,699,0,0,2.4072113794244125,42.53999999999999,0,0,1.915068493150685,0,21,3,0,0,0
